PM_ID	Title	Abstract	Journal	Year	PMC_ID	DOI	Type	Author
7654314	Metabolic engineering of Escherichia coli to enhance recombinant protein production through acetate reduction.	Genetic and metabolic engineering provide powerful and effective tools for the systematic manipulation and fine tuning of cellular metabolic activities. In this study, successful application of such techniques to enhance recombinant protein production by reducing acetate accumulation in Escherichia coli is presented. The alsS gene from Bacillus subtilis encoding the enzyme acetolactate synthase was introduced into E. coli cells using a multicopy plasmid. This newly introduced heterologous enzyme modifies the glycolytic fluxes by redirecting excess pyruvate away from acetate to acetolactate. Acetolactate is then converted to a nonacidic and less harmful byproduct acetoin, which appears in the broth. Furthermore, comparative fermentation studies show that the reduction in acetate accumulation leads to a significant improvement of recombinant protein production. The expression of a model recombinant CadA/beta-galactosidase fusion protein, under the control of a strong pH-regulated promoter, was found to increase by about 60% for the specific protein activity (to a level of 30% of total cellular protein) and 50% in terms of the volumetric activity in a batch fermenter. In fed-batch cultivation, the engineered strain achieved a volumetric recombinant protein yield of 1.6 million units/mL (about 1.1 g/L of beta-galactosidase), which represented a 220% enhancement over the control strain. In the meantime, acetate excretion was maintained below 20 mM compared with 80 mM for the control, and the final cell density was improved by 35%.	Biotechnology progress	1995		10.1021/bp00034a019	Journal Article,Research Support, Non-U.S. Gov't,Research Support, U.S. Gov't, Non-P.H.S.,	[ForeName:A A,LastName:Aristidou] [ForeName:K Y,LastName:San] [ForeName:G N,LastName:Bennett]
23335776	Efficient production of active polyhydroxyalkanoate synthase in Escherichia coli by coexpression of molecular chaperones.	The type I polyhydroxyalkanoate synthase from Cupriavidus necator was heterologously expressed in Escherichia coli with simultaneous overexpression of chaperone proteins. Compared to expression of synthase alone (14.55 mg liter(-1)), coexpression with chaperones resulted in the production of larger total quantities of enzyme, including a larger proportion in the soluble fraction. The largest increase was seen when the GroEL/GroES system was coexpressed, resulting in approximately 6-fold-greater enzyme yields (82.37 mg liter(-1)) than in the absence of coexpressed chaperones. The specific activity of the purified enzyme was unaffected by coexpression with chaperones. Therefore, the increase in yield was attributed to an enhanced soluble fraction of synthase. Chaperones were also coexpressed with a polyhydroxyalkanoate production operon, resulting in the production of polymers with generally reduced molecular weights. This suggests a potential use for chaperones to control the physical properties of the polymer.	Applied and environmental microbiology	2013	3592256.0	10.1128/AEM.02881-12	Journal Article,Research Support, Non-U.S. Gov't,	[ForeName:Nicholas M,LastName:Thomson] [ForeName:Azusa,LastName:Saika] [ForeName:Kazunori,LastName:Ushimaru] [ForeName:Smith,LastName:Sangiambut] [ForeName:Takeharu,LastName:Tsuge] [ForeName:David K,LastName:Summers] [ForeName:Easan,LastName:Sivaniah]
18243023	Combinatorial pathway analysis for improved L-tyrosine production in Escherichia coli: identification of enzymatic bottlenecks by systematic gene overexpression.	Combinatorial overexpression of aromatic amino acid biosynthesis (AAAB) genes in the L-tyrosine producing Escherichia coli strains T1 and T2 was employed to search for AAAB reactions limiting L-tyrosine production. All AAAB genes except aroG and tyrA, which were substituted by their feedback resistant derivatives in the host strains, were cloned and overexpressed. A total of 72 different strains overexpressing various AAAB gene combinations were generated and from those strains with improved phenotype, enzymatic bottlenecks of the AAAB pathway could be inferred. The two major gene overexpression targets for increased L-tyrosine production in E. coli were ydiB and aroK, coding for a shikimate dehydrogenase and a shikimate kinase, respectively, and the combination of ydiB and aroK for overexpression resulted in the best L-tyrosine producing strains in this study, yielding 45% for strain T1 and 26% for strain T2, respectively, higher L-tyrosine titers. Interestingly, overexpression studies with combinations of more than one gene revealed that new gene targets could be identified when overexpessed together with other genes but not alone as single gene overexpression. For example, tyrB encoding the last enzyme of the AAAB pathway, an aromatic amino acid transaminase, improved L-tyrosine production significantly when co-overexpressed together with ydiB or aroK, but not when overexpressed alone. It is also noteworthy that E. coli T1, which generally yielded less L-tyrosine, was amenable to greater improvements than strain T2, i.e. E. coli T1 exhibited generally more space for phenotype improvement.	Metabolic engineering	2008		10.1016/j.ymben.2007.12.001	Journal Article,Research Support, Non-U.S. Gov't,	[ForeName:Tina,LastName:Lütke-Eversloh] [ForeName:Gregory,LastName:Stephanopoulos]
19648908	Synthetic protein scaffolds provide modular control over metabolic flux.	Engineered metabolic pathways constructed from enzymes heterologous to the production host often suffer from flux imbalances, as they typically lack the regulatory mechanisms characteristic of natural metabolism. In an attempt to increase the effective concentration of each component of a pathway of interest, we built synthetic protein scaffolds that spatially recruit metabolic enzymes in a designable manner. Scaffolds bearing interaction domains from metazoan signaling proteins specifically accrue pathway enzymes tagged with their cognate peptide ligands. The natural modularity of these domains enabled us to optimize the stoichiometry of three mevalonate biosynthetic enzymes recruited to a synthetic complex and thereby achieve 77-fold improvement in product titer with low enzyme expression and reduced metabolic load. One of the same scaffolds was used to triple the yield of glucaric acid, despite high titers (0.5 g/l) without the synthetic complex. These strategies should prove generalizeable to other metabolic pathways and programmable for fine-tuning pathway flux.	Nature biotechnology	2009		10.1038/nbt.1557	Journal Article,Research Support, Non-U.S. Gov't,Research Support, U.S. Gov't, Non-P.H.S.,	[ForeName:John E,LastName:Dueber] [ForeName:Gabriel C,LastName:Wu] [ForeName:G Reza,LastName:Malmirchegini] [ForeName:Tae Seok,LastName:Moon] [ForeName:Christopher J,LastName:Petzold] [ForeName:Adeeti V,LastName:Ullal] [ForeName:Kristala L J,LastName:Prather] [ForeName:Jay D,LastName:Keasling]
23376594	Engineering improved ethanol production in Escherichia coli with a genome-wide approach.	A key challenge to the commercial production of commodity chemical and fuels is the toxicity of such molecules to the microbial host. While a number of studies have attempted to engineer improved tolerance for such compounds, the majority of these studies have been performed in wild-type strains and culturing conditions that differ considerably from production conditions. Here we applied the multiscalar analysis of library enrichments (SCALEs) method and performed a growth selection in an ethanol production system to quantitatively map in parallel all genes in the genome onto ethanol tolerance and production. In order to perform the selection in an ethanol-producing system, we used a previously engineered Escherichia coli ethanol production strain (LW06; ATCC BAA-2466) (Woodruff et al., in press), as the host strain for the multiscalar genomic library analysis (>10(6) clones for each library of 1, 2, or 4kb overlapping genomic fragments). By testing individually selected clones, we confirmed that growth selections enriched for clones with both improved ethanol tolerance and production phenotypes. We performed combinatorial testing of the top genes identified (uspC, otsA, otsB) to investigate their ability to confer improved ethanol tolerance or ethanol production. We determined that overexpression of otsA was required for improved tolerance and productivity phenotypes, with the best performing strains showing up to 75% improvement relative to the parent production strain.	Metabolic engineering	2013		10.1016/j.ymben.2013.01.006	Journal Article,Research Support, U.S. Gov't, P.H.S.,	[ForeName:Lauren B A,LastName:Woodruff] [ForeName:Nanette R,LastName:Boyle] [ForeName:Ryan T,LastName:Gill]
19304817	Metabolic engineering of Escherichia coli for enhanced production of (R)- and (S)-3-hydroxybutyrate.	Synthetic metabolic pathways have been constructed for the production of enantiopure (R)- and (S)-3-hydroxybutyrate (3HB) from glucose in recombinant Escherichia coli strains. To promote maximal activity, we profiled three thiolase homologs (BktB, Thl, and PhaA) and two coenzyme A (CoA) removal mechanisms (Ptb-Buk and TesB). Two enantioselective 3HB-CoA dehydrogenases, PhaB, producing the (R)-enantiomer, and Hbd, producing the (S)-enantiomer, were utilized to control the 3HB chirality across two E. coli backgrounds, BL21Star(DE3) and MG1655(DE3), representing E. coli B- and K-12-derived strains, respectively. MG1655(DE3) was found to be superior for the production of each 3HB stereoisomer, although the recombinant enzymes exhibited lower in vitro specific activities than BL21Star(DE3). Hbd in vitro activity was significantly higher than PhaB activity in both strains. The engineered strains achieved titers of enantiopure (R)-3HB and (S)-3HB as high as 2.92 g liter(-1) and 2.08 g liter(-1), respectively, in shake flask cultures within 2 days. The NADPH/NADP+ ratio was found to be two- to three-fold higher than the NADH/NAD+ ratio under the culture conditions examined, presumably affecting in vivo activities of PhaB and Hbd and resulting in greater production of (R)-3HB than (S)-3HB. To the best of our knowledge, this study reports the highest (S)-3HB titer achieved in shake flask E. coli cultures to date.	Applied and environmental microbiology	2009	2681625.0	10.1128/AEM.02667-08	Journal Article,Research Support, Non-U.S. Gov't,Research Support, U.S. Gov't, Non-P.H.S.,	[ForeName:Hsien-Chung,LastName:Tseng] [ForeName:Collin H,LastName:Martin] [ForeName:David R,LastName:Nielsen] [ForeName:Kristala L Jones,LastName:Prather]
22948011	Engineering of L-tyrosine oxidation in Escherichia coli and microbial production of hydroxytyrosol.	The hydroxylation of tyrosine is an important reaction in the biosynthesis of many natural products. The use of bacteria for this reaction has not been very successful due to either the over-oxidation to ortho-quinone when using tyrosinases from bacteria or plants, or the lack of the native cofactor, tetrahydrobiopterin (BH4), needed for the activity of tyrosine hydroxylases (TH). Here, we demonstrate that an Escherichia coli cofactor, tetrahydromonapterin (MH4), can be used as an alternative cofactor for TH in presence of the BH4 regeneration pathway, and tyrosine hydroxylation is performed without over-oxidation. We used this platform for biosynthesis of one of the most powerful antioxidants, hydroxytyrosol. An endogenous aromatic aldehyde oxidase was identified and knocked out to prevent formation of the side product, and this resulted in nearly exclusive production of hydroxytyrosol in engineered E. coli. Finally, hydroxytyrosol production from a simple sugar as a sole carbon source was demonstrated.	Metabolic engineering	2012		10.1016/j.ymben.2012.08.002	Journal Article,Research Support, Non-U.S. Gov't,Research Support, U.S. Gov't, Non-P.H.S.,	[ForeName:Yasuharu,LastName:Satoh] [ForeName:Kenji,LastName:Tajima] [ForeName:Masanobu,LastName:Munekata] [ForeName:Jay D,LastName:Keasling] [ForeName:Taek Soon,LastName:Lee]
24831708	Metabolic evolution of two reducing equivalent-conserving pathways for high-yield succinate production in Escherichia coli.	Reducing equivalents are an important cofactor for efficient synthesis of target products. During metabolic evolution to improve succinate production in Escherichia coli strains, two reducing equivalent-conserving pathways were activated to increase succinate yield. The sensitivity of pyruvate dehydrogenase to NADH inhibition was eliminated by three nucleotide mutations in the lpdA gene. Pyruvate dehydrogenase activity increased under anaerobic conditions, which provided additional NADH. The pentose phosphate pathway and transhydrogenase were activated by increased activities of transketolase and soluble transhydrogenase SthA. These data suggest that more carbon flux went through the pentose phosphate pathway, thus leading to production of more reducing equivalent in the form of NADPH, which was then converted to NADH through soluble transhydrogenase for succinate production. Reverse metabolic engineering was further performed in a parent strain, which was not metabolically evolved, to verify the effects of activating these two reducing equivalent-conserving pathways for improving succinate yield. Activating pyruvate dehydrogenase increased succinate yield from 1.12 to 1.31mol/mol, whereas activating the pentose phosphate pathway and transhydrogenase increased succinate yield from 1.12 to 1.33mol/mol. Activating these two pathways in combination led to a succinate yield of 1.5mol/mol (88% of theoretical maximum), suggesting that they exhibited a synergistic effect for improving succinate yield.	Metabolic engineering	2014		10.1016/j.ymben.2014.05.003	Journal Article,Research Support, Non-U.S. Gov't,	[ForeName:Xinna,LastName:Zhu] [ForeName:Zaigao,LastName:Tan] [ForeName:Hongtao,LastName:Xu] [ForeName:Jing,LastName:Chen] [ForeName:Jinlei,LastName:Tang] [ForeName:Xueli,LastName:Zhang]
23613035	Overexpression of the active diacylglycerol acyltransferase variant transforms Saccharomyces cerevisiae into an oleaginous yeast.	Lipid production by Saccharomyces cerevisiae was improved by overexpression of the yeast diacylglycerol acyltransferase Dga1p lacking the N-terminal 29 amino acids (Dga1∆Np), which was previously found to be an active form in the ∆snf2 mutant. Overexpression of Dga1∆Np in the ∆snf2 mutant, however, did not increase lipid content as expected, which prompted us to search for a more suitable strain in which to study the role of Dga1∆Np in lipid accumulation. We found that the overexpression of Dga1∆Np in the ∆dga1 mutant effectively increased the lipid content up to about 45 % in the medium containing 10 % glucose. The high lipid content of the transformant was dependent on glucose concentration, nitrogen limitation, and active leucine biosynthesis. To better understand the effect of dga1 disruption on the ability of Dga1∆Np to stimulate lipid accumulation, the ∆dga1-1 mutant, in which the 3'-terminal 36 bp of the dga1 open reading frame (ORF) remained, and the ∆dga1-2 mutant, in which the 3'-terminal 36 bp were also deleted, were prepared with URA3 disruption cassettes. Surprisingly, the overexpression of Dga1∆Np in the ∆dga1-1 mutant had a lower lipid content than the original ∆dga1 mutant, whereas overexpression in the ∆dga1-2 mutant led to a high lipid content of about 45 %. These results indicated that deletion of the 3' terminal region of the dga1 ORF, rather than abrogation of genomic Dga1p expression, was crucial for the effect of Dga1∆Np on lipid accumulation. To investigate whether dga1 disruption affected gene expression adjacent to DGA1, we found that the overexpression of Esa1p together with Dga1∆Np in the ∆dga1 mutant reverted the lipid content to the level of the wild-type strain overexpressing Dga1∆Np. In addition, RT-qPCR analysis revealed that ESA1 mRNA expression in the ∆dga1 mutant was decreased compared to the wild-type strain at the early stages of culture, suggesting that lowered Esa1p expression is involved in the effect of dga1 disruption on Dga1∆Np-dependent lipid accumulation. These results provide a new strategy to engineer S. cerevisiae for optimal lipid production.	Applied microbiology and biotechnology	2013		10.1007/s00253-013-4915-9	Journal Article,	[ForeName:Yasushi,LastName:Kamisaka] [ForeName:Kazuyoshi,LastName:Kimura] [ForeName:Hiroshi,LastName:Uemura] [ForeName:Masakazu,LastName:Yamaoka]
10935936	Optimization of ethanol production in Saccharomyces cerevisiae by metabolic engineering of the ammonium assimilation.	Ethanol is still one of the most important products originating from the biotechnological industry with respect to both value and amount. In addition to ethanol, a number of byproducts are formed during an anaerobic fermentation of Saccharomyces cerevisiae. One of the most important of these compounds, glycerol, is produced by yeast to reoxidize NADH, formed in synthesis of biomass and secondary fermentation products, to NAD+. The purpose of this study was to evaluate whether a reduced formation of surplus NADH and an increased consumption of ATP in biosynthesis would result in a decreased glycerol yield and an increased ethanol yield in anaerobic cultivations of S. cerevisiae. A yeast strain was constructed in which GLN1, encoding glutamine synthetase, and GLT1, encoding glutamate synthase, were overexpressed, and GDH1, encoding the NADPH-dependent glutamate dehydrogenase, was deleted. Hereby the normal NADPH-consuming synthesis of glutamate from ammonium and 2-oxoglutarate was substituted by a new pathway in which ATP and NADH were consumed. The resulting strain TN19 (gdh1-A1 PGK1p-GLT1 PGK1p-GLN1) had a 10% higher ethanol yield and a 38% lower glycerol yield compared to the wild type in anaerobic batch fermentations. The maximum specific growth rate of strain TN19 was slightly lower than the wild-type value, but earlier results suggest that this can be circumvented by increasing the specific activities of Gln1p and Glt1p even more. Thus, the results verify the proposed concept of increasing the ethanol yield in S. cerevisiae by metabolic engineering of pathways involved in biomass synthesis.	Metabolic engineering	2000		10.1006/mben.1999.0140	Journal Article,	[ForeName:T L,LastName:Nissen] [ForeName:M C,LastName:Kielland-Brandt] [ForeName:J,LastName:Nielsen] [ForeName:J,LastName:Villadsen]
22342368	Genetic engineering to enhance the Ehrlich pathway and alter carbon flux for increased isobutanol production from glucose by Saccharomyces cerevisiae.	The production of higher alcohols by engineered bacteria has received significant attention. The budding yeast, Saccharomyces cerevisiae, has considerable potential as a producer of higher alcohols because of its capacity to naturally fabricate fusel alcohols, in addition to its robustness and tolerance to low pH. However, because its natural productivity is not significant, we considered a strategy of genetic engineering to increase production of the branched-chain higher alcohol isobutanol, which is involved in valine biosynthesis. Initially, we overexpressed 2-keto acid decarboxylase (KDC) and alcohol dehydrogenase (ADH) in S. cerevisiae to enhance the endogenous activity of the Ehrlich pathway. We then overexpressed Ilv2, which catalyzes the first step in the valine synthetic pathway, and deleted the PDC1 gene encoding a major pyruvate decarboxylase with the intent of altering the abundant ethanol flux via pyruvate. Through these engineering steps, along with modification of culture conditions, the isobutanol titer of S. cerevisiae was elevated 13-fold, from 11 mg/l to 143 mg/l, and the yield was 6.6 mg/g glucose, which is higher than any previously reported value for S. cerevisiae.	Journal of biotechnology	2012		10.1016/j.jbiotec.2012.01.022	Journal Article,Research Support, Non-U.S. Gov't,	[ForeName:Takashi,LastName:Kondo] [ForeName:Hironori,LastName:Tezuka] [ForeName:Jun,LastName:Ishii] [ForeName:Fumio,LastName:Matsuda] [ForeName:Chiaki,LastName:Ogino] [ForeName:Akihiko,LastName:Kondo]
21468716	Biosynthesis of isoprene in Escherichia coli via methylerythritol phosphate (MEP) pathway.	Isoprene is an aviation fuel of high quality and an important polymer building block in the synthetic chemistry industry. In light of high oil prices, sustained availability, and environmental concerns, isoprene from renewable materials is contemplated as a substitute for petroleum-based product. Escherichia coli with advantages over other wild microorganisms, is considered as a powerful host for biofuels and chemicals. Here, we constructed a synthetic pathway of isoprene in E. coli by introducing an isoprene synthase (ispS) gene from Populus nigra, which catalyzes the conversion of dimethylallyl diphosphate (DMAPP) to isoprene. To improve the isoprene production, we overexpressed the native 1-deoxy-D: -xylulose-5-phosphate (DXP) synthase gene (dxs) and DXP reductoisomerase gene (dxr) in E. coli, which catalyzed the first step and the second step of MEP pathway, respectively. The fed-batch fermentation results showed that overexpression of DXS is helpful for the improvement of isoprene production. Surprisingly, heterologous expression of dxs and dxr from Bacillus subtilis in the E. coli expressing ispS resulted in a 2.3-fold enhancement of isoprene production (from 94 to 314 mg/L). The promising results showed that dxs and dxr from B. subtilis functioned more efficiently on the enhancement of isoprene production than native ones. This could be caused by the consequence of great difference in protein structures of the two original DXSs. It could be practical to produce isoprene in E. coli via MEP pathway through metabolic engineering. This work provides an alternative way for production of isoprene by engineered E. coli via MEP pathway through metabolic engineering.	Applied microbiology and biotechnology	2011		10.1007/s00253-011-3199-1	Journal Article,Research Support, Non-U.S. Gov't,	[ForeName:Yaru,LastName:Zhao] [ForeName:Jianming,LastName:Yang] [ForeName:Bo,LastName:Qin] [ForeName:Yonghao,LastName:Li] [ForeName:Yuanzhang,LastName:Sun] [ForeName:Sizheng,LastName:Su] [ForeName:Mo,LastName:Xian]
24885133	Increased 3-hydroxypropionic acid production from glycerol, by modification of central metabolism in Escherichia coli.	3-hydroxypropionic acid (3HP) is an important chemical precursor for the production of bioplastics. Microbial production of 3HP from glycerol has previously been developed through the optimization of culture conditions and the 3HP biosynthesis pathway. In this study, a novel strategy for improving 3HP production in Escherichia coli was investigated by the modification of central metabolism based on a genome-scale metabolic model and experimental validation.	Microbial cell factories	2014	4019354.0	10.1186/1475-2859-13-64	Journal Article,Research Support, Non-U.S. Gov't,	[ForeName:Kento,LastName:Tokuyama] [ForeName:Satoshi,LastName:Ohno] [ForeName:Katsunori,LastName:Yoshikawa] [ForeName:Takashi,LastName:Hirasawa] [ForeName:Shotaro,LastName:Tanaka] [ForeName:Chikara,LastName:Furusawa] [ForeName:Hiroshi,LastName:Shimizu]
20854924	Metabolic engineering of Saccharomyces cerevisiae for the biotechnological production of succinic acid.	The production of bio-based succinic acid is receiving great attention, and several predominantly prokaryotic organisms have been evaluated for this purpose. In this study we report on the suitability of the highly acid- and osmotolerant yeast Saccharomyces cerevisiae as a succinic acid production host. We implemented a metabolic engineering strategy for the oxidative production of succinic acid in yeast by deletion of the genes SDH1, SDH2, IDH1 and IDP1. The engineered strains harbor a TCA cycle that is completely interrupted after the intermediates isocitrate and succinate. The strains show no serious growth constraints on glucose. In glucose-grown shake flask cultures, the quadruple deletion strain Δsdh1Δsdh2Δidh1Δidp1 produces succinic acid at a titer of 3.62 g L(-1) (factor 4.8 compared to wild-type) at a yield of 0.11 mol (mol glucose)(-1). Succinic acid is not accumulated intracellularly. This makes the yeast S. cerevisiae a suitable and promising candidate for the biotechnological production of succinic acid on an industrial scale.	Metabolic engineering	2010		10.1016/j.ymben.2010.08.005	Journal Article,Research Support, Non-U.S. Gov't,	[ForeName:Andreas M,LastName:Raab] [ForeName:Gabi,LastName:Gebhardt] [ForeName:Natalia,LastName:Bolotina] [ForeName:Dirk,LastName:Weuster-Botz] [ForeName:Christine,LastName:Lang]
19837840	Reengineering Escherichia coli for Succinate Production in Mineral Salts Medium.	The fermentative metabolism of glucose was redirected to succinate as the primary product without mutating any genes encoding the native mixed-acid fermentation pathway or redox reactions. Two changes in peripheral pathways were together found to increase succinate yield fivefold: (i) increased expression of phosphoenolpyruvate carboxykinase and (ii) inactivation of the glucose phosphoenolpyruvate-dependent phosphotransferase system. These two changes increased net ATP production, increased the pool of phosphoenolpyruvate available for carboxylation, and increased succinate production. Modest further improvements in succinate yield were made by inactivating the pflB gene, encoding pyruvate formate lyase, resulting in an Escherichia coli pathway that is functionally similar to the native pathway in Actinobacillus succinogenes and other succinate-producing rumen bacteria.	Applied and environmental microbiology	2009	2794101.0	10.1128/AEM.01758-09	Journal Article,Research Support, Non-U.S. Gov't,Research Support, U.S. Gov't, Non-P.H.S.,	[ForeName:X,LastName:Zhang] [ForeName:K,LastName:Jantama] [ForeName:K T,LastName:Shanmugam] [ForeName:L O,LastName:Ingram]
10802621	Improving lycopene production in Escherichia coli by engineering metabolic control.	Metabolic engineering has achieved encouraging success in producing foreign metabolites in a variety of hosts. However, common strategies for engineering metabolic pathways focus on amplifying the desired enzymes and deregulating cellular controls. As a result, uncontrolled or deregulated metabolic pathways lead to metabolic imbalance and suboptimal productivity. Here we have demonstrated the second stage of metabolic engineering effort by designing and engineering a regulatory circuit to control gene expression in response to intracellular metabolic states. Specifically, we recruited and altered one of the global regulatory systems in Escherichia coli, the Ntr regulon, to control the engineered lycopene biosynthesis pathway. The artificially engineered regulon, stimulated by excess glycolytic flux through sensing of an intracellular metabolite, acetyl phosphate, controls the expression of two key enzymes in lycopene synthesis in response to flux dynamics. This intracellular control loop significantly enhanced lycopene production while reducing the negative impact caused by metabolic imbalance. Although we demonstrated this strategy for metabolite production, it can be extended into other fields where gene expression must be closely controlled by intracellular physiology, such as gene therapy.	Nature biotechnology	2000		10.1038/75398	Journal Article,Research Support, U.S. Gov't, Non-P.H.S.,	[ForeName:W R,LastName:Farmer] [ForeName:J C,LastName:Liao]
22851014	Implementation of a transhydrogenase-like shunt to counter redox imbalance during xylose fermentation in Saccharomyces cerevisiae.	Three enzymes responsible for the transhydrogenase-like shunt, including malic enzyme (encoded by MAE1), malate dehydrogenase (MDH2), and pyruvate carboxylase (PYC2), were overexpressed to regulate the redox state in xylose-fermenting recombinant Saccharomyces cerevisiae. The YPH499XU/MAE1 strain was constructed by overexpressing native Mae1p in the YPH499XU strain expressing xylose reductase and xylitol dehydrogenase from Scheffersomyces stipitis, and native xylulokinase. Analysis of the xylose fermentation profile under semi-anaerobic conditions revealed that the ethanol yield in the YPH499XU/MAE1 strain (0.38 ± 0.01 g g⁻¹ xylose consumed) was improved from that of the control strain (0.31 ± 0.01 g g⁻¹ xylose consumed). Reduced xylitol production was also observed in YPH499XU/MAE1, suggesting that the redox balance was altered by Mae1p overexpression. Analysis of intracellular metabolites showed that the redox imbalance during xylose fermentation was partly relieved in the transformant. The specific ethanol production rate in the YPH499XU/MAE1-MDH2 strain was 1.25-fold higher than that of YPH499XU/MAE1 due to the additional overexpression of Mdh2p, whereas the ethanol yield was identical to that of YPH499XU/MAE1. The specific xylose consumption rate was drastically increased in the YPH499XU/MAE1-MDH2-PYC2 strain. However, poor ethanol yield as well as increased production of xylitol was observed. These results demonstrate that the transhydrogenase function implemented in S. cerevisiae can regulate the redox state of yeast cells.	Applied microbiology and biotechnology	2013		10.1007/s00253-012-4298-3	Journal Article,Research Support, Non-U.S. Gov't,	[ForeName:Hiroyuki,LastName:Suga] [ForeName:Fumio,LastName:Matsuda] [ForeName:Tomohisa,LastName:Hasunuma] [ForeName:Jun,LastName:Ishii] [ForeName:Akihiko,LastName:Kondo]
18344340	Malic acid production by Saccharomyces cerevisiae: engineering of pyruvate carboxylation, oxaloacetate reduction, and malate export.	"Malic acid is a potential biomass-derivable ""building block"" for chemical synthesis. Since wild-type Saccharomyces cerevisiae strains produce only low levels of malate, metabolic engineering is required to achieve efficient malate production with this yeast. A promising pathway for malate production from glucose proceeds via carboxylation of pyruvate, followed by reduction of oxaloacetate to malate. This redox- and ATP-neutral, CO(2)-fixing pathway has a theoretical maximum yield of 2 mol malate (mol glucose)(-1). A previously engineered glucose-tolerant, C(2)-independent pyruvate decarboxylase-negative S. cerevisiae strain was used as the platform to evaluate the impact of individual and combined introduction of three genetic modifications: (i) overexpression of the native pyruvate carboxylase encoded by PYC2, (ii) high-level expression of an allele of the MDH3 gene, of which the encoded malate dehydrogenase was retargeted to the cytosol by deletion of the C-terminal peroxisomal targeting sequence, and (iii) functional expression of the Schizosaccharomyces pombe malate transporter gene SpMAE1. While single or double modifications improved malate production, the highest malate yields and titers were obtained with the simultaneous introduction of all three modifications. In glucose-grown batch cultures, the resulting engineered strain produced malate at titers of up to 59 g liter(-1) at a malate yield of 0.42 mol (mol glucose)(-1). Metabolic flux analysis showed that metabolite labeling patterns observed upon nuclear magnetic resonance analyses of cultures grown on (13)C-labeled glucose were consistent with the envisaged nonoxidative, fermentative pathway for malate production. The engineered strains still produced substantial amounts of pyruvate, indicating that the pathway efficiency can be further improved."	Applied and environmental microbiology	2008	2394876.0	10.1128/AEM.02591-07	Journal Article,Research Support, Non-U.S. Gov't,	[ForeName:Rintze M,LastName:Zelle] [ForeName:Erik,LastName:de Hulster] [ForeName:Wouter A,LastName:van Winden] [ForeName:Pieter,LastName:de Waard] [ForeName:Cor,LastName:Dijkema] [ForeName:Aaron A,LastName:Winkler] [ForeName:Jan-Maarten A,LastName:Geertman] [ForeName:Johannes P,LastName:van Dijken] [ForeName:Jack T,LastName:Pronk] [ForeName:Antonius J A,LastName:van Maris]
19458924	Deletion of methylglyoxal synthase gene (mgsA) increased sugar co-metabolism in ethanol-producing Escherichia coli.	The use of lignocellulose as a source of sugars for bioproducts requires the development of biocatalysts that maximize product yields by fermenting mixtures of hexose and pentose sugars to completion. In this study, we implicate mgsA encoding methylglyoxal synthase (and methylglyoxal) in the modulation of sugar metabolism. Deletion of this gene (strain LY168) resulted in the co-metabolism of glucose and xylose, and accelerated the metabolism of a 5-sugar mixture (mannose, glucose, arabinose, xylose and galactose) to ethanol.	Biotechnology letters	2009	2721133.0	10.1007/s10529-009-0011-8	Journal Article,Research Support, Non-U.S. Gov't,Research Support, U.S. Gov't, Non-P.H.S.,	[ForeName:L P,LastName:Yomano] [ForeName:S W,LastName:York] [ForeName:K T,LastName:Shanmugam] [ForeName:L O,LastName:Ingram]
20812259	Metabolic engineering of Escherichia coli for the production of cadaverine: a five carbon diamine.	A five carbon linear chain diamine, cadaverine (1,5-diaminopentane), is an important platform chemical having many applications in chemical industry. Bio-based production of cadaverine from renewable feedstock is a promising and sustainable alternative to the petroleum-based chemical synthesis. Here, we report development of a metabolically engineered strain of Escherichia coli that overproduces cadaverine in glucose mineral salts medium. First, cadaverine degradation and utilization pathways were inactivated. Next, L-lysine decarboxylase, which converts L-lysine directly to cadaverine, was amplified by plasmid-based overexpression of the cadA gene under the strong tac promoter. Furthermore, the L-lysine biosynthetic pool was increased by the overexpression of the dapA gene encoding dihydrodipicolinate synthase through the replacement of the native promoter with the strong trc promoter in the genome. The final engineered strain was able to produce 9.61 g L(-1) of cadaverine with a productivity of 0.32 g L(-1) h(-1) by fed-batch cultivation. The strategy reported here should be useful for the bio-based production of cadaverine from renewable resources.	Biotechnology and bioengineering	2011		10.1002/bit.22918	Journal Article,Research Support, Non-U.S. Gov't,	[ForeName:Zhi-Gang,LastName:Qian] [ForeName:Xiao-Xia,LastName:Xia] [ForeName:Sang Yup,LastName:Lee]
16332810	Improvement of xylose uptake and ethanol production in recombinant Saccharomyces cerevisiae through an inverse metabolic engineering approach.	We used an inverse metabolic engineering approach to identify gene targets for improved xylose assimilation in recombinant Saccharomyces cerevisiae. Specifically, we created a genomic fragment library from Pichia stipitis and introduced it into recombinant S. cerevisiae expressing XYL1 and XYL2. Through serial subculturing enrichment of the transformant library, 16 transformants were identified and confirmed to have a higher growth rate on xylose. Sequencing of the 16 plasmids isolated from these transformants revealed that the majority of the inserts (10 of 16) contained the XYL3 gene, thus confirming the previous finding that XYL3 is the consensus target for increasing xylose assimilation. Following a sequential search for gene targets, we repeated the complementation enrichment process in a XYL1 XYL2 XYL3 background and identified 15 fast-growing transformants, all of which harbored the same plasmid. This plasmid contained an open reading frame (ORF) designated PsTAL1 based on a high level of homology with S. cerevisiae TAL1. To further investigate whether the newly identified PsTAL1 ORF is responsible for the enhanced-growth phenotype, we constructed an expression cassette containing the PsTAL1 ORF under the control of a constitutive promoter and transformed it into an S. cerevisiae recombinant expressing XYL1, XYL2, and XYL3. The resulting recombinant strain exhibited a 100% increase in the growth rate and a 70% increase in ethanol production (0.033 versus 0.019 g ethanol/g cells . h) on xylose compared to the parental strain. Interestingly, overexpression of PsTAL1 did not cause growth inhibition when cells were grown on glucose, unlike overexpression of the ScTAL1 gene. These results suggest that PsTAL1 is a better gene target for engineering of the pentose phosphate pathway in recombinant S. cerevisiae.	Applied and environmental microbiology	2005	1317456.0	10.1128/AEM.71.12.8249-8256.2005	Journal Article,Research Support, Non-U.S. Gov't,	[ForeName:Yong-Su,LastName:Jin] [ForeName:Hal,LastName:Alper] [ForeName:Yea-Tyng,LastName:Yang] [ForeName:Gregory,LastName:Stephanopoulos]
23801069	Caffeic acid production enhancement by engineering a phenylalanine over-producing Escherichia coli strain.	Caffeic acid is a plant-specific phenylpropanoic acid with multiple health-improving effects reported, and its therapeutic derivatives have also been studied throughout the last decade. To meet its market need and achieve high-level production, microbial production of caffeic acid approaches have been developed in metabolically engineered Escherichia coli. In our previous work, we have established the first artificial pathway that realized de novo production of caffeic acid using E. coli endogenous 4-hydroxyphenylacetate 3-hydroxylase (4HP3H). In this work, we exploited the catalytic potential of 4HPA3H in the whole-cell bioconversion study and produced 3.82 g/L (461.12 mg/L/OD) caffeic acid from p-coumaric acid, a direct precursor. We further engineered a phenylalanine over-producer into a tyrosine over-producer and then introduced the artificial pathway. After adjusting the expression strategy and optimizing the inoculants timing, de novo production of caffeic acid reached 766.68 mg/L. Both results from the direct precursor and simple carbon sources represent the highest titers of caffeic acid from microbial production so far.	Biotechnology and bioengineering	2013		10.1002/bit.24988	Journal Article,Research Support, Non-U.S. Gov't,	[ForeName:Qin,LastName:Huang] [ForeName:Yuheng,LastName:Lin] [ForeName:Yajun,LastName:Yan]
22446695	Design of a dynamic sensor-regulator system for production of chemicals and fuels derived from fatty acids.	Microbial production of chemicals is now an attractive alternative to chemical synthesis. Current efforts focus mainly on constructing pathways to produce different types of molecules. However, there are few strategies for engineering regulatory components to improve product titers and conversion yields of heterologous pathways. Here we developed a dynamic sensor-regulator system (DSRS) to produce fatty acid-based products in Escherichia coli, and demonstrated its use for biodiesel production. The DSRS uses a transcription factor that senses a key intermediate and dynamically regulates the expression of genes involved in biodiesel production. This DSRS substantially improved the stability of biodiesel-producing strains and increased the titer to 1.5 g/l and the yield threefold to 28% of the theoretical maximum. Given the large number of natural sensors available, this DSRS strategy can be extended to many other biosynthetic pathways to balance metabolism, thereby increasing product titers and conversion yields and stabilizing production hosts.	Nature biotechnology	2012		10.1038/nbt.2149	Journal Article,Research Support, Non-U.S. Gov't,Research Support, U.S. Gov't, Non-P.H.S.,	[ForeName:Fuzhong,LastName:Zhang] [ForeName:James M,LastName:Carothers] [ForeName:Jay D,LastName:Keasling]
23568509	Regiospecific modifications of naringenin for astragalin production in Escherichia coli.	We report the production of astragalin (AST) from regiospecific modifications of naringenin (NRN) in Escherichia coli BL21(DE3). The exogenously supplied NRN was converted into dihydrokaempferol (DHK) and then kaempferol (KMF) in the presence of flavanone-3-hydroxylase (f3h) and flavonone synthase (fls1) from Arabidopsis thaliana, respectively. KMF was further modified to produce AST by 3-O-glucosylation utilizing the endogeneous UDP-glucose in presence of UGT78K1 from Glycine max. To increase the intracellular UDP-glucose concentration by channeling the carbon flux toward UDP-glucose at the branch point of glucose-6-phosphate (G6P), the chromosomal glucose phosphate isomerase (pgi) and D-glucose-6-phosphate dehydrogenase (zwf) were knocked-out in E. coli BL21(DE3). The two enzymes directly involved in the synthesis of UDP-glucose from G6P, phosphoglucomutase (nfa44530) from Nocardia farcinia and glucose-1-phosphate uridylyltransferase (galU) from E. coli K12 were overexpressed, which successfully diverted the carbon flow from glycolysis to the synthesis of UDP-glucose. Furthermore, to prevent the dissociation of UDP-glucose into UDP and glucose, the UDP-glucose hydrolase (ushA) was deleted. The E. coli ΔpgiΔzwfΔushA mutant harboring the UDP-glucose biosynthetic pathway and the aforementioned genes for the regiospecific glucosylation produced 109.3 mg/L (244 µM) of AST representing 48.8% conversion from 500 µM of NRN in 60 h without any supplementation of extracellular UDP-glucose.	Biotechnology and bioengineering	2013		10.1002/bit.24919	Journal Article,Research Support, Non-U.S. Gov't,	[ForeName:Sailesh,LastName:Malla] [ForeName:Ramesh Prasad,LastName:Pandey] [ForeName:Byung-Gee,LastName:Kim] [ForeName:Jae Kyung,LastName:Sohng]
22869698	Rational, combinatorial, and genomic approaches for engineering L-tyrosine production in Escherichia coli.	Although microbial metabolic engineering has traditionally relied on rational and knowledge-driven techniques, significant improvements in strain performance can be further obtained through the use of combinatorial approaches exploiting phenotypic diversification and screening. Here, we demonstrate the combined use of global transcriptional machinery engineering and a high-throughput L-tyrosine screen towards improving L-tyrosine production in Escherichia coli. This methodology succeeded in generating three strains from two separate mutagenesis libraries (rpoA and rpoD) exhibiting up to a 114% increase in L-tyrosine titer over a rationally engineered parental strain with an already high capacity for production. Subsequent strain characterization through transcriptional analysis and whole genome sequencing allowed complete phenotype reconstruction from well-defined mutations and point to important roles for both the acid stress resistance pathway and the stringent response of E. coli in imparting this phenotype. As such, this study presents one of the first examples in which cell-wide measurements have helped to elucidate the genetic and biochemical underpinnings of an engineered cellular property, leading to the total restoration of metabolite overproduction from specific chromosomal mutations.	Proceedings of the National Academy of Sciences of the United States of America	2012	3427108.0	10.1073/pnas.1206346109	Journal Article,Research Support, Non-U.S. Gov't,Research Support, U.S. Gov't, Non-P.H.S.,	[ForeName:Christine Nicole S,LastName:Santos] [ForeName:Wenhai,LastName:Xiao] [ForeName:Gregory,LastName:Stephanopoulos]
18640286	Ethylene production by metabolic engineering of the yeast Saccharomyces cerevisiae.	The non-ethylene producing yeast, Saccharomyces cerevisiae, was transformed into an ethylene producer by introducing the ethylene forming enzyme from the plant pathogenic bacterium Pseudomonas syringae. Cultivation of the metabolically engineered strain was performed in well-controlled bioreactors as aerobic batch cultures with an on-line monitoring of ethylene production. The highest productivity was obtained during the respiro-fermentative growth on glucose but there was also a significant rate of formation during the subsequent phase of ethanol respiration. Furthermore, investigations were performed whether substitution of the original nitrogen source, NH(4)(+), for glutamate could improve productivity and yield of ethylene even more. The rationale being that one of the substrates for the enzyme is 2-oxoglutarate and this compound can be formed from glutamate in a single reaction. Indeed, there was a substantial improvement in the rate of production and the final yield of ethylene was almost three times higher when NH(4)(+) was replaced by glutamate.	Metabolic engineering	2008		10.1016/j.ymben.2008.06.006	Journal Article,Research Support, Non-U.S. Gov't,	[ForeName:I,LastName:Pirkov] [ForeName:E,LastName:Albers] [ForeName:J,LastName:Norbeck] [ForeName:C,LastName:Larsson]
25362059	Screening of high-level 4-hydroxy-2 (or 5)-ethyl-5 (or 2)-methyl-3(2H)-furanone-producing strains from a collection of gene deletion mutants of Saccharomyces cerevisiae.	4-Hydroxy-2 (or 5)-ethyl-5 (or 2)-methyl-3(2H)-furanone (HEMF) is an important flavor compound that contributes to the sensory properties of many natural products, particularly soy sauce and soybean paste. The compound exhibits a caramel-like aroma and several important physiological activities, such as strong antioxidant activity. HEMF is produced by yeast species in soy sauce manufacturing; however, the enzymes involved in HEMF production remain unknown, hindering efforts to breed yeasts with high-level HEMF production. In this study, we identified high-level HEMF-producing mutants among a Saccharomyces cerevisiae gene deletion mutant collection. Fourteen deletion mutants were screened as high-level HEMF-producing mutants, and the ADH1 gene deletion mutant (adh1Δ) exhibited the maximum HEMF production capacity. Further investigations of the adh1Δ mutant implied that acetaldehyde accumulation contributes to HEMF production, agreeing with previous findings. Therefore, acetaldehyde might be a precursor for HEMF. The ADH1 gene deletion mutant of Zygosaccharomyces rouxii, which is the dominant strain of yeast found during soy sauce fermentation, also produces HEMF effectively, suggesting that acetaldehyde accumulation might be a benchmark for breeding industrial yeasts with excellent HEMF production abilities.	Applied and environmental microbiology	2015	4272711.0	10.1128/AEM.02628-14	Journal Article,	[ForeName:Kenji,LastName:Uehara] [ForeName:Jun,LastName:Watanabe] [ForeName:Takeshi,LastName:Akao] [ForeName:Daisuke,LastName:Watanabe] [ForeName:Yoshinobu,LastName:Mogi] [ForeName:Hitoshi,LastName:Shimoi]
21337322	Multi-factorial engineering of heterologous polyketide production in Escherichia coli reveals complex pathway interactions.	Polyketides represent a significant fraction of all natural products. Many possess pharmacological activity which makes them attractive drug candidates. The production of the parent macrocyclic aglycones is catalyzed by multi-modular polyketide synthases utilizing short-chain acyl-CoA monomers. When producing polyketides through heterologous hosts, one must not only functionally express the synthase itself, but activate the machinery used to generate the required substrate acyl-CoA's. As a result, metabolic engineering of these pathways is necessary for high-level production of heterologous polyketides. In this study, we over-express three different pathways for provision of the two substrates (propionyl-CoA and (2S)-methylmalonyl-CoA) utilized for the biosynthesis of 6-deoxyerythronolide B (6-dEB; the macrolactone precursor of erythromycin): (1) a propionate → propionyl-CoA → (2S)-methylmalonyl-CoA pathway, (2) a methylmalonate → methylmalonyl-CoA → propionyl-CoA pathway, and (3) a succinate → succinyl-CoA → (2R)-methylmalonyl-CoA → (2S)-methylmalonyl-CoA → propionyl-CoA pathway. The current study revealed that propionate is a necessary component for greater than 5 mg L(-1) titers. Deletion of the propionyl-CoA:succinate CoA transferase (ygfH) or over-expression of the transcriptional activator of short chain fatty acid uptake improved titer to over 100 mg L(-1), while the combination of the two improved titer to over 130 mg L(-1). The addition of exogenous methylmalonate could also improve titer to over 100 mg L(-1). Expression of a Streptomyces coelicolor A3(2) methylmalonyl-CoA epimerase, in conjunction with over-expression of Escherichia coli's native methylmalonyl-CoA mutase, allowed for the incorporation of exogenously fed succinate into the 6-dEB core.	Biotechnology and bioengineering	2011	3076518.0	10.1002/bit.23069	Journal Article,Research Support, N.I.H., Extramural,Research Support, U.S. Gov't, Non-P.H.S.,	[ForeName:Brett A,LastName:Boghigian] [ForeName:Haoran,LastName:Zhang] [ForeName:Blaine A,LastName:Pfeifer]
22918085	Carotenoid-based phenotypic screen of the yeast deletion collection reveals new genes with roles in isoprenoid production.	Beside their essential cellular functions, isoprenoids have value as pharmaceuticals, nutriceuticals, pesticides, and fuel alternatives. Engineering microorganisms for production of isoprenoids is relatively easy, sustainable, and cost effective in comparison to chemical synthesis or extraction from natural producers. We introduced genes encoding carotenoid biosynthetic enzymes into the haploid yeast deletion collection to identify gene deletions that improved isoprenoid production. Deletions that showed significant improvement in carotenoid production were further screened for production of bisabolene, an isoprenoid alternative to petroleum-derived diesel. Combining those deletions with other mevalonate pathway modifications increased production of bisabolene from 40mg/L to 800mg/L in shake-flask cultures. In a fermentation process, this engineered strain produced 5.2g/L of bisabolene.	Metabolic engineering	2013		10.1016/j.ymben.2012.07.010	Journal Article,Research Support, U.S. Gov't, Non-P.H.S.,	[ForeName:Bilge,LastName:Özaydın] [ForeName:Helcio,LastName:Burd] [ForeName:Taek Soon,LastName:Lee] [ForeName:Jay D,LastName:Keasling]
24836703	Synthesis of polyhydroxyalkanoates from glucose that contain medium-chain-length monomers via the reversed fatty acid β-oxidation cycle in Escherichia coli.	Polyhydroxyalkanoates that contain the medium-chain-length monomers (mcl-PHAs) have a wide range of applications owing to their superior physical and mechanical properties. A challenge to synthesize such mcl-PHAs from unrelated and renewable sources is exploiting the efficient metabolic pathways that lead to the formation of precursor (R)-3-hydroxyacyl-CoA. Here, by engineering the reversed fatty acid β-oxidation cycle, we were able to synthesize mcl-PHAs in Escherichia coli directly from glucose. After deletion of the major thioesterases, the engineered E. coli produced 6.62wt% of cell dry weight mcl-PHA heteropolymers. Furthermore, when a low-substrate-specificity PHA synthase from Pseudomonas stutzeri 1317 was employed, recombinant E. coli synthesized 12.10wt% of cell dry weight scl-mcl PHA copolymers, of which 21.18mol% was 3-hydroxybutyrate and 78.82mol% was medium-chain-length monomers. The reversed fatty acid β-oxidation cycle offered an efficient metabolic pathway for mcl-PHA biosynthesis in E. coli and can be further optimized.	Metabolic engineering	2014		10.1016/j.ymben.2014.05.004	Journal Article,Research Support, Non-U.S. Gov't,	[ForeName:Qianqian,LastName:Zhuang] [ForeName:Qian,LastName:Wang] [ForeName:Quanfeng,LastName:Liang] [ForeName:Qingsheng,LastName:Qi]
25239896	Fine-Tuning of the Fatty Acid Pathway by Synthetic Antisense RNA for Enhanced (2S)-Naringenin Production from l-Tyrosine in Escherichia coli.	Malonyl coenzyme A (malonyl-CoA) is an important precursor for the synthesis of natural products, such as polyketides and flavonoids. The majority of this cofactor often is consumed for producing fatty acids and phospholipids, leaving only a small amount of cellular malonyl-CoA available for producing the target compound. The tuning of malonyl-CoA into heterologous pathways yields significant phenotypic effects, such as growth retardation and even cell death. In this study, fine-tuning of the fatty acid pathway in Escherichia coli with antisense RNA (asRNA) to balance the demands on malonyl-CoA for target-product synthesis and cell health was proposed. To establish an efficient asRNA system, the relationship between sequence and function for asRNA was explored. It was demonstrated that the gene-silencing effect of asRNA could be tuned by directing asRNA to different positions in the 5'-UTR (untranslated region) of the target gene. Based on this principle, the activity of asRNA was quantitatively tailored to balance the need for malonyl-CoA in cell growth and the production of the main flavonoid precursor, (2S)-naringenin. Appropriate inhibitory efficiency of the anti-fabB/fabF asRNA improved the production titer by 431% (391 mg/liter). Therefore, the strategy presented in this study provided a useful tool for the fine-tuning of endogenous gene expression in bacteria.	Applied and environmental microbiology	2014	4249181.0	10.1128/AEM.02411-14	Journal Article,Research Support, Non-U.S. Gov't,	[ForeName:Junjun,LastName:Wu] [ForeName:Oliver,LastName:Yu] [ForeName:Guocheng,LastName:Du] [ForeName:Jingwen,LastName:Zhou] [ForeName:Jian,LastName:Chen]
21276867	Engineering a non-native hydrogen production pathway into Escherichia coli via a cyanobacterial [NiFe] hydrogenase.	Biotechnology is a promising approach for the generation of hydrogen, but is not yet commercially viable. Metabolic engineering is a potential solution, but has largely been limited to native pathway optimisation. To widen opportunities for use of non-native [NiFe] hydrogenases for improved hydrogen production, we introduced a cyanobacterial hydrogen production pathway and associated maturation factors into Escherichia coli. Hydrogen production is observed in vivo in a hydrogenase null host, demonstrating coupling to host electron transfer systems. Hydrogenase activity is also detected in vitro. Hydrogen output is increased when formate production is abolished, showing that the new pathway is distinct from the native formate dependent pathway and supporting the conclusion that it couples cellular NADH and NADPH pools to molecular hydrogen. This work demonstrates non-native hydrogen production in E. coli, showing the wide portability of [NiFe] hydrogenase pathways and the potential for metabolic engineering to improve hydrogen yields.	Metabolic engineering	2011		10.1016/j.ymben.2011.01.004	Journal Article,Research Support, Non-U.S. Gov't,	[ForeName:Mark A,LastName:Wells] [ForeName:James,LastName:Mercer] [ForeName:Richard A,LastName:Mott] [ForeName:Ana G,LastName:Pereira-Medrano] [ForeName:Adam M,LastName:Burja] [ForeName:Helia,LastName:Radianingtyas] [ForeName:Phillip C,LastName:Wright]
20072783	3-Methyl-1-butanol production in Escherichia coli: random mutagenesis and two-phase fermentation.	Interest in producing biofuels from renewable sources has escalated due to energy and environmental concerns. Recently, the production of higher chain alcohols from 2-keto acid pathways has shown significant progress. In this paper, we demonstrate a mutagenesis approach in developing a strain of Escherichia coli for the production of 3-methyl-1-butanol by leveraging selective pressure toward L-leucine biosynthesis and screening for increased alcohol production. Random mutagenesis and selection with 4-aza-D,L-leucine, a structural analogue to L-leucine, resulted in the development of a new strain of E. coli able to produce 4.4 g/L of 3-methyl-1-butanol. Investigation of the host's sensitivity to 3-methyl-1-butanol directed development of a two-phase fermentation process in which titers reached 9.5 g/L of 3-methyl-1-butanol with a yield of 0.11 g/g glucose after 60 h.	Applied microbiology and biotechnology	2010	2844964.0	10.1007/s00253-009-2401-1	Journal Article,Research Support, Non-U.S. Gov't,Research Support, U.S. Gov't, Non-P.H.S.,	[ForeName:Michael R,LastName:Connor] [ForeName:Anthony F,LastName:Cann] [ForeName:James C,LastName:Liao]
23246519	Activating transhydrogenase and NAD kinase in combination for improving isobutanol production.	Isobutanol is an excellent alternative biofuel. Fermentative production of isobutanol had been realized in several microorganisms by combining branched-chain amino acids synthetic pathway and Ehrlich pathway. In contrast to using plasmid overexpression and inducible promoters, genetically stable Escherichia coli strains for isobutanol production were constructed in this work by integrating essential genes into chromosome. A chromosome-based markerless gene modulation method was then developed for fine-tuning gene expression with multiple regulatory parts to improve isobutanol production. There was also a cofactor imbalance problem for anaerobic isobutanol synthesis. NADPH is the reducing equivalent required for isobutanol production, while the common reducing equivalent under anaerobic condition is NADH. Two strategies were used to modulate expression of transhydrogenase (pntAB) and NAD kinase (yfjB) genes to increase NADPH supply for improving isobutanol production. Plasmid overexpression of pntAB and yfjB genes either individually or in combination had little effect on isobutanol production. In contrast, modulating pntAB and yfjB gene expression in chromosome with multiple regulatory parts identified optimal modulators under aerobic and anaerobic conditions, respectively, and improved isobutanol production. Modulating pntAB gene alone led to 20% and 8% increase of anaerobic isobutanol titer and yield. Although modulating yfjB gene alone had nearly no effect, modulating pntAB and yfjB genes in combination led to 50% and 30% increase of isobutanol titer and yield in comparison with modulating pntAB gene alone. It was also found that increasing pntAB gene expression alone had a threshold for improving anaerobic isobutanol production, while activating NAD kinase could break through this threshold, leading to a yield of 0.92mol/mol. Our results suggested that transhydrogenase and NAD kinase had a synergistic effect on increasing NADPH supply and improving anaerobic isobutanol production. This strategy will be useful for improving production of target compounds using NADPH as reducing equivalent within their synthetic pathways. In addition, combined activation of PntAB and YfjB led to 28% and 22% increase of aerobic isobutanol titer and yield, resulting in production of 10.8g/L isobutanol in 24h with a yield of 0.62mol/mol.	Metabolic engineering	2013		10.1016/j.ymben.2012.11.008	Journal Article,Research Support, Non-U.S. Gov't,	[ForeName:Aiqin,LastName:Shi] [ForeName:Xinna,LastName:Zhu] [ForeName:Jiao,LastName:Lu] [ForeName:Xueli,LastName:Zhang] [ForeName:Yanhe,LastName:Ma]
24889673	Systems metabolic engineering of Escherichia coli for gram scale production of the antitumor drug deoxyviolacein from glycerol.	Deoxyviolacein is a microbial drug with biological activity against tumors, gram-positive bacteria, and fungal plant pathogens. Here, we describe an Escherichia coli strain for heterologous production of this high-value drug from glycerol. Plasmid-based expression of the deoxyviolacein cluster vioABCE was controlled by the araBAD promoter and induction by L-arabinose. Through elimination of L-arabinose catabolism in E. coli, the pentose sugar could be fully directed to induction of deoxyviolacein biosynthesis and was no longer metabolized, as verified by (13) C isotope experiments. Deletion of the araBAD genes beneficially complemented with previously described (i) engineering of the pentose phosphate pathway, (ii) chorismate biosynthesis, (iii) tryptophan biosynthesis, (iv) improved supply of L-serine, (v) elimination of tryptophan repression, and (vi) of tryptophan catabolism. Subsequent screening of the created next-generation producer E. coli dVio-8 identified glycerol as optimum carbon source and a level of 100 mg L(-1) of L-arabinose as optimum for induction. Transferred to a glycerol-based fed-batch process, E. coli dVio-8 surpassed the gram scale and produced 1.6 g L(-1) deoxyviolacein. With straightforward extraction from culture broth and purification by flash chromatography, deoxyviolacein was obtained at >99.5% purity. Biotechnol. Bioeng. 2014;111: 2280-2289. © 2014 Wiley Periodicals, Inc.	Biotechnology and bioengineering	2014		10.1002/bit.25297	Journal Article,Research Support, Non-U.S. Gov't,	[ForeName:André Luis,LastName:Rodrigues] [ForeName:Judith,LastName:Becker] [ForeName:André Oliveira,LastName:de Souza Lima] [ForeName:Luismar Marques,LastName:Porto] [ForeName:Christoph,LastName:Wittmann]
19628049	Genes restoring redox balance in fermentation-deficient E. coli NZN111.	The objectives of this study were to improve understanding of the biochemical mechanisms underlying the growth defects resulting from deletion of pflB and ldhA in E. coli (strain NZN111) and identify genes for which overexpression would relieve this growth defect. Our approach involved the application of a mixed library selection method [Lynch et al., 2007. SCALEs: multiscale analysis of library enrichment. Nature Methods 4, 87-93.] to identify genes for which increased copy number improved growth of E. coli NZN111 under microaerobic conditions. This method employs libraries that cover the genome at a higher resolution relative to the conventional library methods. Our results indicate that NZN111 is growth impaired primarily due to unusually high intracellular NADH/NAD(+) ratios as opposed to limitations in intracellular acetyl-coA pools or pyruvate accumulation. We report the effect of several genetic and biochemical methods for decreasing the intracellular redox ratio on NZN111 growth and succinate production, including strategies that result in a 5-fold increase in growth in M9 media under microaerobic conditions and up to a 20% increase in succinate production. This work provides new insights into the growth defects resulting from ldhA and pflB growth defects in E. coli as well as a list of genes that can be used to improve growth and production of succinate and other metabolic products where redox imbalances are a key limitation.	Metabolic engineering	2009		10.1016/j.ymben.2009.07.002	Journal Article,	[ForeName:Amarjeet,LastName:Singh] [ForeName:Michael D,LastName:Lynch] [ForeName:Ryan T,LastName:Gill]
25048226	Metabolic engineering of Escherichia coli for poly(3-hydroxypropionate) production from glycerol and glucose.	A new poly(3-hydroxypropionate) (P3HP) biosynthetic pathway employing β-alanine as an intermediate from an inexpensive carbon source was developed in recombinant Escherichia coli. After a series of systematic optimization, the genes for L-aspartate decarboxylase and its maturation factor (panD and panM, from E. coli), β-alanine-pyruvate transaminase (pp0596, from Pseudomonas putida), 3-hydroxy acid dehydrogenase and 3-hydroxypropionyl-CoA synthase (ydfG and prpE respectively, from E. coli), and polyhydroxyalkanoate synthase (phaC1, from Cupriavidus necator) were cloned and expressed in E. coli. Under shake-flask conditions, the recombinant strain produced 0.5 g P3HP l(-1) from glycerol and glucose, up to 10.2 % of CDW. Though the content of P3HP was low, this pathway has some advantages over other reported pathways, such as being redox neutral, does not require any coenzyme, and can use a wide range of carbon sources.	Biotechnology letters	2014		10.1007/s10529-014-1600-8	Journal Article,Research Support, Non-U.S. Gov't,	[ForeName:Qi,LastName:Wang] [ForeName:Peng,LastName:Yang] [ForeName:Mo,LastName:Xian] [ForeName:Lu,LastName:Feng] [ForeName:Jiming,LastName:Wang] [ForeName:Guang,LastName:Zhao]
21629774	De novo biosynthesis of biodiesel by Escherichia coli in optimized fed-batch cultivation.	Biodiesel is a renewable alternative to petroleum diesel fuel that can contribute to carbon dioxide emission reduction and energy supply. Biodiesel is composed of fatty acid alkyl esters, including fatty acid methyl esters (FAMEs) and fatty acid ethyl esters (FAEEs), and is currently produced through the transesterification reaction of methanol (or ethanol) and triacylglycerols (TAGs). TAGs are mainly obtained from oilseed plants and microalgae. A sustainable supply of TAGs is a major bottleneck for current biodiesel production. Here we report the de novo biosynthesis of FAEEs from glucose, which can be derived from lignocellulosic biomass, in genetically engineered Escherichia coli by introduction of the ethanol-producing pathway from Zymomonas mobilis, genetic manipulation to increase the pool of fatty acyl-CoA, and heterologous expression of acyl-coenzyme A: diacylglycerol acyltransferase from Acinetobacter baylyi. An optimized fed-batch microbial fermentation of the modified E. coli strain yielded a titer of 922 mg L(-1) FAEEs that consisted primarily of ethyl palmitate, -oleate, -myristate and -palmitoleate.	PloS one	2011	3100327.0	10.1371/journal.pone.0020265	Journal Article,Research Support, Non-U.S. Gov't,	[ForeName:Yangkai,LastName:Duan] [ForeName:Zhi,LastName:Zhu] [ForeName:Ke,LastName:Cai] [ForeName:Xiaoming,LastName:Tan] [ForeName:Xuefeng,LastName:Lu]
19633654	Stabilized gene duplication enables long-term selection-free heterologous pathway expression.	Engineering robust microbes for the biotech industry typically requires high-level, genetically stable expression of heterologous genes and pathways. Although plasmids have been used for this task, fundamental issues concerning their genetic stability have not been adequately addressed. Here we describe chemically inducible chromosomal evolution (CIChE), a plasmid-free, high gene copy expression system for engineering Escherichia coli. CIChE uses E. coli recA homologous recombination to evolve a chromosome with approximately 40 consecutive copies of a recombinant pathway. Pathway copy number is stabilized by recA knockout, and the resulting engineered strain requires no selection markers and is unaffected by plasmid instabilities. Comparison of CIChE-engineered strains with equivalent plasmids revealed that CIChE improved genetic stability approximately tenfold and growth phase-specific productivity approximately fourfold for a strain producing the high metabolic burden-biopolymer poly-3-hydroxybutyrate. We also increased the yield of the nutraceutical lycopene by 60%. CIChE should be applicable in many organisms, as it only requires having targeted genomic integration methods and a recA homolog.	Nature biotechnology	2009		10.1038/nbt.1555	Journal Article,Research Support, Non-U.S. Gov't,Research Support, U.S. Gov't, Non-P.H.S.,	[ForeName:Keith E J,LastName:Tyo] [ForeName:Parayil Kumaran,LastName:Ajikumar] [ForeName:Gregory,LastName:Stephanopoulos]
22074179	Dehydratase mediated 1-propanol production in metabolically engineered Escherichia coli.	With the increasing consumption of fossil fuels, the question of meeting the global energy demand is of great importance in the near future. As an effective solution, production of higher alcohols from renewable sources by microorganisms has been proposed to address both energy crisis and environmental concerns. Higher alcohols contain more than two carbon atoms and have better physiochemical properties than ethanol as fuel substitutes.	Microbial cell factories	2011	3245452.0	10.1186/1475-2859-10-97	Journal Article,Research Support, Non-U.S. Gov't,	[ForeName:Rachit,LastName:Jain] [ForeName:Yajun,LastName:Yan]
23563322	Genome-wide analysis of redox reactions reveals metabolic engineering targets for D-lactate overproduction in Escherichia coli.	Most current metabolic engineering applications rely on the inactivation of unwanted reactions and the amplification of product-oriented reactions. All of the biochemical reactions involved with cellular metabolism are tightly coordinated with the electron flow, which depends on the cellular energy status. Thus, the cellular metabolic flux can be controlled either by modulation of the electron flow or the regulation of redox reactions. This study analyzed the genome-wide anaerobic fermentation products of 472 Escherichia coli single gene knockouts, which comprised mainly of dehydrogenases, oxidoreductases, and redox-related proteins. Many metabolic pathways that were located far from anaerobic mixed-acid fermentation significantly affected the profiles of lactic acid, succinic acid, acetic acid, formic acid, and ethanol. Unexpectedly, D-lactate overproduction was determined by a single gene deletion in dehydrogenases (e.g., guaB, pyrD, and serA) involved with nucleotide and amino acid metabolism. Furthermore, the combined knockouts of guaB, pyrD, serA, fnr, arcA, or arcB genes, which are involved with anaerobic transcription regulation, enhanced D-lactate overproduction. These results suggest that the anaerobic fermentation profiles of E. coli can be tuned via the disruption of peripheral dehydrogenases in anaerobic conditions.	Metabolic engineering	2013		10.1016/j.ymben.2013.03.004	Journal Article,Research Support, Non-U.S. Gov't,	[ForeName:Hyun Ju,LastName:Kim] [ForeName:Bo Kyeng,LastName:Hou] [ForeName:Sung Gun,LastName:Lee] [ForeName:Joong Su,LastName:Kim] [ForeName:Dong-Woo,LastName:Lee] [ForeName:Sang Jun,LastName:Lee]
24973076	Improved production of a heterologous amylase in Saccharomyces cerevisiae by inverse metabolic engineering.	The increasing demand for industrial enzymes and biopharmaceutical proteins relies on robust production hosts with high protein yield and productivity. Being one of the best-studied model organisms and capable of performing posttranslational modifications, the yeast Saccharomyces cerevisiae is widely used as a cell factory for recombinant protein production. However, many recombinant proteins are produced at only 1% (or less) of the theoretical capacity due to the complexity of the secretory pathway, which has not been fully exploited. In this study, we applied the concept of inverse metabolic engineering to identify novel targets for improving protein secretion. Screening that combined UV-random mutagenesis and selection for growth on starch was performed to find mutant strains producing heterologous amylase 5-fold above the level produced by the reference strain. Genomic mutations that could be associated with higher amylase secretion were identified through whole-genome sequencing. Several single-point mutations, including an S196I point mutation in the VTA1 gene coding for a protein involved in vacuolar sorting, were evaluated by introducing these to the starting strain. By applying this modification alone, the amylase secretion could be improved by 35%. As a complement to the identification of genomic variants, transcriptome analysis was also performed in order to understand on a global level the transcriptional changes associated with the improved amylase production caused by UV mutagenesis.	Applied and environmental microbiology	2014	4136093.0	10.1128/AEM.00712-14	Journal Article,Research Support, Non-U.S. Gov't,	[ForeName:Zihe,LastName:Liu] [ForeName:Lifang,LastName:Liu] [ForeName:Tobias,LastName:Österlund] [ForeName:Jin,LastName:Hou] [ForeName:Mingtao,LastName:Huang] [ForeName:Linn,LastName:Fagerberg] [ForeName:Dina,LastName:Petranovic] [ForeName:Mathias,LastName:Uhlén] [ForeName:Jens,LastName:Nielsen]
19714672	Metabolic engineering of Escherichia coli for the production of putrescine: a four carbon diamine.	A four carbon linear chain diamine, putrescine (1,4-diaminobutane), is an important platform chemical having a wide range of applications in chemical industry. Biotechnological production of putrescine from renewable feedstock is a promising alternative to the chemical synthesis that originates from non-renewable petroleum. Here we report development of a metabolically engineered strain of Escherichia coli that produces putrescine at high titer in glucose mineral salts medium. First, a base strain was constructed by inactivating the putrescine degradation and utilization pathways, and deleting the ornithine carbamoyltransferase chain I gene argI to make more precursors available for putrescine synthesis. Next, ornithine decarboxylase, which converts ornithine to putrescine, was amplified by a combination of plasmid-based and chromosome-based overexpression of the coding genes under the strong tac or trc promoter. Furthermore, the ornithine biosynthetic genes (argC-E) were overexpressed from the trc promoter, which replaced the native promoter in the genome, to increase the ornithine pool. Finally, strain performance was further improved by the deletion of the stress responsive RNA polymerase sigma factor RpoS, a well-known global transcription regulator that controls the expression of ca. 10% of the E. coli genes. The final engineered E. coli strain was able to produce 1.68 g L(-1) of putrescine with a yield of 0.168 g g(-1) glucose. Furthermore, high cell density cultivation allowed production of 24.2 g L(-1) of putrescine with a productivity of 0.75 g L(-1) h(-1). The strategy reported here should be useful for the bio-based production of putrescine from renewable resources, and also for the development of strains capable of producing other diamines, which are important as nitrogen-containing platform chemicals.	Biotechnology and bioengineering	2009		10.1002/bit.22502	Journal Article,Research Support, Non-U.S. Gov't,	[ForeName:Zhi-Gang,LastName:Qian] [ForeName:Xiao-Xia,LastName:Xia] [ForeName:Sang Yup,LastName:Lee]
23718679	Metabolic engineering for high yielding L(-)-carnitine production in Escherichia coli.	L(-)-carnitine production has been widely studied because of its beneficial properties on various diseases and dysfunctions. Enterobacteria possess a specific biotransformation pathway which can be used for the enantioselective production of L(-)-carnitine. Although bioprocesses catalyzed by enzymes or whole cells can overcome the lack of enantioselectivity of chemical methods, current processes for L(-)-carnitine production still have severe disadvantages, such as the low yields, side reactions and the need of high catalyst concentrations and anaerobic conditions for proper expression of the biotransformation pathway. Additionally, genetically engineered strains so far constructed for L(-)-carnitine production are based on plasmids and, therefore, suffer from segregational unstability.	Microbial cell factories	2013	3680233.0	10.1186/1475-2859-12-56	Journal Article,Research Support, U.S. Gov't, Non-P.H.S.,	[ForeName:Paula,LastName:Arense] [ForeName:Vicente,LastName:Bernal] [ForeName:Daniël,LastName:Charlier] [ForeName:José Luis,LastName:Iborra] [ForeName:Maria Remedios,LastName:Foulquié-Moreno] [ForeName:Manuel,LastName:Cánovas]
18197177	Computer-aided rational design of the phosphotransferase system for enhanced glucose uptake in Escherichia coli.	The phosphotransferase system (PTS) is the sugar transportation machinery that is widely distributed in prokaryotes and is critical for enhanced production of useful metabolites. To increase the glucose uptake rate, we propose a rational strategy for designing the molecular architecture of the Escherichia coli glucose PTS by using a computer-aided design (CAD) system and verified the simulated results with biological experiments. CAD supports construction of a biochemical map, mathematical modeling, simulation, and system analysis. Assuming that the PTS aims at controlling the glucose uptake rate, the PTS was decomposed into hierarchical modules, functional and flux modules, and the effect of changes in gene expression on the glucose uptake rate was simulated to make a rational strategy of how the gene regulatory network is engineered. Such design and analysis predicted that the mlc knockout mutant with ptsI gene overexpression would greatly increase the specific glucose uptake rate. By using biological experiments, we validated the prediction and the presented strategy, thereby enhancing the specific glucose uptake rate.	Molecular systems biology	2008	2238713.0	10.1038/msb4100201	Journal Article,	[ForeName:Yousuke,LastName:Nishio] [ForeName:Yoshihiro,LastName:Usuda] [ForeName:Kazuhiko,LastName:Matsui] [ForeName:Hiroyuki,LastName:Kurata]
21246509	Improved galactose fermentation of Saccharomyces cerevisiae through inverse metabolic engineering.	Although Saccharomyces cerevisiae is capable of fermenting galactose into ethanol, ethanol yield and productivity from galactose are significantly lower than those from glucose. An inverse metabolic engineering approach was undertaken to improve ethanol yield and productivity from galactose in S. cerevisiae. A genome-wide perturbation library was introduced into S. cerevisiae, and then fast galactose-fermenting transformants were screened using three different enrichment methods. The characterization of genetic perturbations in the isolated transformants revealed three target genes whose overexpression elicited enhanced galactose utilization. One confirmatory (SEC53 coding for phosphomannomutase) and two novel targets (SNR84 coding for a small nuclear RNA and a truncated form of TUP1 coding for a general repressor of transcription) were identified as overexpression targets that potentially improve galactose fermentation. Beneficial effects of overexpression of SEC53 may be similar to the mechanisms exerted by overexpression of PGM2 coding for phosphoglucomutase. While the mechanism is largely unknown, overexpression of SNR84, improved both growth and ethanol production from galactose. The most remarkable improvement of galactose fermentation was achieved by overexpression of the truncated TUP1 (tTUP1) gene, resulting in unrivalled galactose fermentation capability, that is 250% higher in both galactose consumption rate and ethanol productivity compared to the control strain. Moreover, the overexpression of tTUP1 significantly shortened lag periods that occurs when substrate is changed from glucose to galactose. Based on these results we proposed a hypothesis that the mutant Tup1 without C-terminal repression domain might bring in earlier and higher expression of GAL genes through partial alleviation of glucose repression. mRNA levels of GAL genes (GAL1, GAL4, and GAL80) indeed increased upon overexpression of tTUP. The results presented in this study illustrate that alteration of global regulatory networks through overexpression of the identified targets (SNR84 and tTUP1) is as effective as overexpression of a rate limiting metabolic gene (PGM2) in the galactose assimilation pathway for efficient galactose fermentation in S. cerevisiae. In addition, these results will be industrially useful in the biofuels area as galactose is one of the abundant sugars in marine plant biomass such as red seaweed as well as cheese whey and molasses.	Biotechnology and bioengineering	2011		10.1002/bit.22988	Journal Article,Research Support, Non-U.S. Gov't,	[ForeName:Ki-Sung,LastName:Lee] [ForeName:Min-Eui,LastName:Hong] [ForeName:Suk-Chae,LastName:Jung] [ForeName:Suk-Jin,LastName:Ha] [ForeName:Byung Jo,LastName:Yu] [ForeName:Hyun Min,LastName:Koo] [ForeName:Sung Min,LastName:Park] [ForeName:Jin-Ho,LastName:Seo] [ForeName:Dae-Hyuk,LastName:Kweon] [ForeName:Jae Chan,LastName:Park] [ForeName:Yong-Su,LastName:Jin]
24615242	Correlation analysis of targeted proteins and metabolites to assess and engineer microbial isopentenol production.	The ability to rapidly assess and optimize heterologous pathway function is critical for effective metabolic engineering. Here, we develop a systematic approach to pathway analysis based on correlations between targeted proteins and metabolites and apply it to the microbial production of isopentenol, a promising biofuel. Starting with a seven-gene pathway, we performed a correlation analysis to reduce pathway complexity and identified two pathway proteins as the primary determinants of efficient isopentenol production. Aided by the targeted quantification of relevant pathway intermediates, we constructed and subsequently validated a conceptual model of isopentenol pathway function. Informed by our analysis, we assembled a strain which produced isopentenol at a titer 1.5 g/L, or 46% of theoretical yield. Our engineering approach allowed us to accurately identify bottlenecks and determine appropriate pathway balance. Paired with high-throughput cloning techniques and analytics, this strategy should prove useful for the analysis and optimization of increasingly complex heterologous pathways.	Biotechnology and bioengineering	2014		10.1002/bit.25226	Journal Article,Research Support, U.S. Gov't, Non-P.H.S.,	[ForeName:Kevin W,LastName:George] [ForeName:Amy,LastName:Chen] [ForeName:Aakriti,LastName:Jain] [ForeName:Tanveer S,LastName:Batth] [ForeName:Edward E K,LastName:Baidoo] [ForeName:George,LastName:Wang] [ForeName:Paul D,LastName:Adams] [ForeName:Christopher J,LastName:Petzold] [ForeName:Jay D,LastName:Keasling] [ForeName:Taek Soon,LastName:Lee]
25241399	Substantial improvements in methyl ketone production in E. coli and insights on the pathway from in vitro studies.	We previously reported development of a metabolic pathway in Escherichia coli for overproduction of medium-chain methyl ketones (MK), which are relevant to the biofuel and flavor-and-fragrance industries. This MK pathway was a re-engineered version of β-oxidation designed to overproduce β-ketoacyl-CoAs and involved overexpression of the fadM thioesterase gene. Here, we document metabolic engineering modifications that have led to a MK titer of 3.4 g/L after ~45 h of fed-batch glucose fermentation and attainment of 40% of the maximum theoretical yield (the best values reported to date for MK). Modifications included balancing overexpression of fadR and fadD to increase fatty acid flux into the pathway, consolidation of the pathway from two plasmids into one, codon optimization, and knocking out key acetate production pathways. In vitro studies confirmed that a decarboxylase is not required to convert β-keto acids into MK and that FadM is promiscuous and can hydrolyze several CoA-thioester pathway intermediates.	Metabolic engineering	2014		10.1016/j.ymben.2014.09.003	Journal Article,Research Support, Non-U.S. Gov't,Research Support, U.S. Gov't, Non-P.H.S.,	[ForeName:Ee-Been,LastName:Goh] [ForeName:Edward E K,LastName:Baidoo] [ForeName:Helcio,LastName:Burd] [ForeName:Taek Soon,LastName:Lee] [ForeName:Jay D,LastName:Keasling] [ForeName:Harry R,LastName:Beller]
23631625	Metabolic engineering of Escherichia coli for the biosynthesis of alpha-pinene.	α-Pinene is an important natural product that is widely used in flavorings, fragrances, medicines, fine chemicals and high-density renewable fuels. Currently, α-Pinene used in industry is mainly produced either by tapping trees (gum turpentine) or as a byproduct of paper pulping (crude sulfate turpentine, CST). However, the extraction of it from trees is tedious and inefficient and requires substantial expenditure of natural resources. Therefore, it is necessary to seek sustainable technologies for α-pinene production.	Biotechnology for biofuels	2013	3667116.0	10.1186/1754-6834-6-60	Journal Article,	[ForeName:Jianming,LastName:Yang] [ForeName:Qingjuan,LastName:Nie] [ForeName:Meng,LastName:Ren] [ForeName:Hongru,LastName:Feng] [ForeName:Xinglin,LastName:Jiang] [ForeName:Yanning,LastName:Zheng] [ForeName:Min,LastName:Liu] [ForeName:Haibo,LastName:Zhang] [ForeName:Mo,LastName:Xian]
12676674	Evolutionary engineering of Saccharomyces cerevisiae for anaerobic growth on xylose.	Xylose utilization is of commercial interest for efficient conversion of abundant plant material to ethanol. Perhaps the most important ethanol-producing organism, Saccharomyces cerevisiae, however, is incapable of xylose utilization. While S. cerevisiae strains have been metabolically engineered to utilize xylose, none of the recombinant strains or any other naturally occurring yeast has been able to grow anaerobically on xylose. Starting with the recombinant S. cerevisiae strain TMB3001 that overexpresses the xylose utilization pathway from Pichia stipitis, in this study we developed a selection procedure for the evolution of strains that are capable of anaerobic growth on xylose alone. Selection was successful only when organisms were first selected for efficient aerobic growth on xylose alone and then slowly adapted to microaerobic conditions and finally anaerobic conditions, which indicated that multiple mutations were necessary. After a total of 460 generations or 266 days of selection, the culture reproduced stably under anaerobic conditions on xylose and consisted primarily of two subpopulations with distinct phenotypes. Clones in the larger subpopulation grew anaerobically on xylose and utilized both xylose and glucose simultaneously in batch culture, but they exhibited impaired growth on glucose. Surprisingly, clones in the smaller subpopulation were incapable of anaerobic growth on xylose. However, as a consequence of their improved xylose catabolism, these clones produced up to 19% more ethanol than the parental TMB3001 strain produced under process-like conditions from a mixture of glucose and xylose.	Applied and environmental microbiology	2003	154834.0	10.1128/AEM.69.4.1990-1998.2003	Evaluation Study,Journal Article,Research Support, Non-U.S. Gov't,	[ForeName:Marco,LastName:Sonderegger] [ForeName:Uwe,LastName:Sauer]
23758664	Homofermentative production of optically pure L-lactic acid from xylose by genetically engineered Escherichia coli B.	"Polylactic acid (PLA), a biodegradable polymer, has the potential to replace (at least partially) traditional petroleum-based plastics, minimizing ""white pollution"". However, cost-effective production of optically pure L-lactic acid is needed to achieve the full potential of PLA. Currently, starch-based glucose is used for L-lactic acid fermentation by lactic acid bacteria. Due to its competition with food resources, an alternative non-food substrate such as cellulosic biomass is needed for L-lactic acid fermentation. Nevertheless, the substrate (sugar stream) derived from cellulosic biomass contains significant amounts of xylose, which is unfermentable by most lactic acid bacteria. However, the microorganisms that do ferment xylose usually carry out heterolactic acid fermentation. As a result, an alternative strain should be developed for homofermentative production of optically pure L-lactic acid using cellulosic biomass."	Microbial cell factories	2013	3693985.0	10.1186/1475-2859-12-57	Journal Article,Research Support, Non-U.S. Gov't,	[ForeName:Jinfang,LastName:Zhao] [ForeName:Liyuan,LastName:Xu] [ForeName:Yongze,LastName:Wang] [ForeName:Xiao,LastName:Zhao] [ForeName:Jinhua,LastName:Wang] [ForeName:Erin,LastName:Garza] [ForeName:Ryan,LastName:Manow] [ForeName:Shengde,LastName:Zhou]
18249574	Deleting the para-nitrophenyl phosphatase (pNPPase), PHO13, in recombinant Saccharomyces cerevisiae improves growth and ethanol production on D-xylose.	Overexpression of D-xylulokinase in Saccharomyces cerevisiae engineered for assimilation of xylose results in growth inhibition that is more pronounced at higher xylose concentrations. Mutants deficient in the para-nitrophenyl phosphatase, PHO13, resist growth inhibition on xylose. We studied this inhibition under aerobic growth conditions in well-controlled bioreactors using engineered S. cerevisiae CEN.PK. Growth on glucose was not significantly affected in pho13Delta mutants, but acetate production increased by 75%. Cell growth, ethanol production, and xylose consumption all increased markedly in pho13Delta mutants. The specific growth rate and rate of specific xylose uptake were approximately 1.5 times higher in the deletion strain than in the parental strain when growing on glucose-xylose mixtures and up to 10-fold higher when growing on xylose alone. In addition to showing higher acetate levels, pho13Delta mutants also produced less glycerol on xylose, suggesting that deletion of Pho13p could improve growth by altering redox levels when cells are grown on xylose.	Metabolic engineering	2008		10.1016/j.ymben.2007.12.002	Journal Article,Research Support, N.I.H., Extramural,Research Support, Non-U.S. Gov't,	[ForeName:Jennifer Headman,LastName:Van Vleet] [ForeName:Thomas W,LastName:Jeffries] [ForeName:Lisbeth,LastName:Olsson]
18485776	Metabolic engineering of taxadiene biosynthesis in yeast as a first step towards Taxol (Paclitaxel) production.	Metabolic engineering in microbes could be used to produce large amounts of valuable metabolites that are difficult to extract from their natural sources and too expensive or complex to produce by chemical synthesis. As a step towards the production of Taxol in the yeast Saccharomyces cerevisiae, we introduced heterologous genes encoding biosynthetic enzymes from the early part of the taxoid biosynthetic pathway, isoprenoid pathway, as well as a regulatory factor to inhibit competitive pathways, and studied their impact on taxadiene synthesis. Expression of Taxus chinensis taxadiene synthase alone did not increase taxadiene levels because of insufficient levels of the universal diterpenoid precursor geranylgeranyl diphosphate. Coexpression of T. chinensis taxadiene synthase and geranylgeranyl diphosphate synthase failed to increase levels, probably due to steroid-based negative feedback, so we also expressed a truncated version of 3-hydroxyl-3-methylglutaryl-CoA reductase (HMG-CoA reductase) isoenzyme 1 that is not subject to feedback inhibition and a mutant regulatory protein, UPC2-1, to allow steroid uptake under aerobic conditions, resulting in a 50% increase in taxadiene. Finally, we replaced the T. chinensis geranylgeranyl diphosphate synthase with its counterpart from Sulfolobus acidocaldarius, which does not compete with steroid synthesis, and codon optimized the T. chinensis taxadiene synthase gene to ensure high-level expression, resulting in a 40-fold increase in taxadiene to 8.7+/-0.85mg/l as well as significant amounts of geranylgeraniol (33.1+/-5.6mg/l), suggesting taxadiene levels could be increased even further. This is the first demonstration of such enhanced taxadiene levels in yeast and offers the prospect for Taxol production in recombinant microbes.	Metabolic engineering	2008		10.1016/j.ymben.2008.03.001	Journal Article,Research Support, Non-U.S. Gov't,	[ForeName:Benedikt,LastName:Engels] [ForeName:Pia,LastName:Dahm] [ForeName:Stefan,LastName:Jennewein]
23376654	Synergy as design principle for metabolic engineering of 1-propanol production in Escherichia coli.	Synthesis of a desired product can often be achieved via more than one metabolic pathway. Whether naturally evolved or synthetically engineered, these pathways often exhibit specific properties that are suitable for production under distinct conditions and host organisms. Synergy between pathways arises when the underlying pathway characteristics, such as reducing equivalent demand, ATP requirement, intermediate utilization, and cofactor preferences, are complementary to each other. Utilization of such pathways in combination leads to an increased metabolite productivity and/or yield compared to using each pathway alone. This work illustrates the principle of synergy between two different pathways for 1-propanol production in Escherichia coli. A model-guided design based on maximum theoretical yield calculations identified synergy of the native threonine pathway and the heterologous citramalate pathway in terms of production yield across all flux ratios between the two pathways. Characterization of the individual pathways by host gene deletions demonstrates their distinct metabolic characteristics: the necessity of TCA cycle for threonine pathway and the independence of TCA cycle for the citramalate pathway. The two pathways are also complementary in driving force demands. Production experiments verified the synergistic effects predicted by the yield model, in which the platform with dual pathway for 2-ketobutyrate synthesis achieved higher yield (0.15g/g of glucose) and productivity (0.12g/L/h) of 1-propanol than individual ones alone: the threonine pathway (0.09g/g; 0.04g/L/h) or the citramalate pathway (0.11g/g; 0.04g/L/h). Thus, incorporation of synergy into the design principle of metabolic engineering may improve the production yield and rate of the desired compound.	Metabolic engineering	2013		10.1016/j.ymben.2013.01.008	Journal Article,Research Support, U.S. Gov't, P.H.S.,	[ForeName:Claire R,LastName:Shen] [ForeName:James C,LastName:Liao]
24584248	Microaerobic conversion of glycerol to ethanol in Escherichia coli.	Glycerol has become a desirable feedstock for the production of fuels and chemicals due to its availability and low price, but many barriers to commercialization remain. Previous investigators have made significant improvements in the yield of ethanol from glycerol. We have developed a fermentation process for the efficient microaerobic conversion of glycerol to ethanol by Escherichia coli that presents solutions to several other barriers to commercialization: rate, titer, specific productivity, use of inducers, use of antibiotics, and safety. To increase the rate, titer, and specific productivity to commercially relevant levels, we constructed a plasmid that overexpressed glycerol uptake genes dhaKLM, gldA, and glpK, as well as the ethanol pathway gene adhE. To eliminate the cost of inducers and antibiotics from the fermentation, we used the adhE and icd promoters from E. coli in our plasmid, and we implemented glycerol addiction to retain the plasmid. To address the safety issue of off-gas flammability, we optimized the fermentation process with reduced-oxygen sparge gas to ensure that the off-gas remained nonflammable. These advances represent significant progress toward the commercialization of an E. coli-based glycerol-to-ethanol process.	Applied and environmental microbiology	2014	4018910.0	10.1128/AEM.03863-13	Journal Article,Research Support, Non-U.S. Gov't,	[ForeName:Matthew S,LastName:Wong] [ForeName:Mai,LastName:Li] [ForeName:Ryan W,LastName:Black] [ForeName:Thao Q,LastName:Le] [ForeName:Sharon,LastName:Puthli] [ForeName:Paul,LastName:Campbell] [ForeName:Daniel J,LastName:Monticello]
19581479	Protein engineering of the transcriptional activator FhlA To enhance hydrogen production in Escherichia coli.	Escherichia coli produces H(2) from formate via the formate hydrogenlyase (FHL) complex during mixed acid fermentation; the FHL complex consists of formate dehydrogenase H (encoded by fdhF) for forming 2H(+), 2e(-), and CO(2) from formate and hydrogenase 3 (encoded by hycGE) for synthesizing H(2) from 2H(+) and 2e(-). FHL protein production is activated by the sigma(54) transcriptional activator FhlA, which activates transcription of fdhF and the hyc, hyp, and hydN-hypF operons. Here, through random mutagenesis using error-prone PCR over the whole gene, as well as over the fhlA region encoding the first 388 amino acids of the 692-amino-acid protein, we evolved FhlA to increase H(2) production. The amino acid replacements in FhlA133 (Q11H, L14V, Y177F, K245R, M288K, and I342F) increased hydrogen production ninefold, and the replacements in FhlA1157 (M6T, S35T, L113P, S146C, and E363K) increased hydrogen production fourfold. Saturation mutagenesis at the codons corresponding to the amino acid replacements in FhlA133 and at position E363 identified the importance of position L14 and of E363 for the increased activity; FhlA with replacements L14G and E363G increased hydrogen production (fourfold and sixfold, respectively) compared to FhlA. Whole-transcriptome and promoter reporter constructs revealed that the mechanism by which the FhlA133 changes increase hydrogen production is by increasing transcription of all of the genes activated by FhlA (the FHL complex). With FhlA133, transcription of P(fdhF) and P(hyc) is less sensitive to formate regulation, and with FhlA363 (E363G), P(hyc) transcription increases but P(hyp) transcription decreases and hydrogen production is less affected by the repressor HycA.	Applied and environmental microbiology	2009	2737898.0	10.1128/AEM.00638-09	Journal Article,Research Support, U.S. Gov't, Non-P.H.S.,	[ForeName:Viviana,LastName:Sanchez-Torres] [ForeName:Toshinari,LastName:Maeda] [ForeName:Thomas K,LastName:Wood]
19632352	Engineering of Saccharomyces cerevisiae for the production of dihydroxyacetone (DHA) from sugars: a proof of concept.	Dihydroxyacetone (DHA) has numerous industrial applications. In this work, we pursue the idea to produce DHA from sugars in the yeast Saccharomyces cerevisiae, via glycerol as an intermediate. Firstly, three glycerol dehydrogenase (GDH) genes from different microbial sources were expressed in yeast. Among them, the NAD(+)-dependent GDH of Hansenula polymorpha showed the highest glycerol-oxidizing activity. DHA concentration in shake-flask experiments was roughly 100mg/lDHA from 20g/l glucose, i.e. five times the wild-type level. This level was achieved only when cultures were subjected to osmotic stress, known to enhance glycerol production and accumulation in S. cerevisiae. Secondly, DHA kinase activity was abolished to prevent conversion of DHA to dihydroxyacetone phosphate (DHAP). The dak1Deltadak2Delta double-deletion mutant overexpressing H. polymorpha gdh produced 700mg/l DHA under the same conditions. Although current DHA yield and titer still need to be optimized, our approach provides the proof of concept for producing DHA from sugars in yeast.	Metabolic engineering	2009		10.1016/j.ymben.2009.07.005	Journal Article,Research Support, Non-U.S. Gov't,	[ForeName:H T T,LastName:Nguyen] [ForeName:E,LastName:Nevoigt]
23009357	Engineering of acetyl-CoA metabolism for the improved production of polyhydroxybutyrate in Saccharomyces cerevisiae.	Through metabolic engineering microorganisms can be engineered to produce new products and further produce these with higher yield and productivities. Here, we expressed the bacterial polyhydroxybutyrate (PHB) pathway in the yeast Saccharomyces cerevisiae and we further evaluated the effect of engineering the formation of acetyl coenzyme A (acetyl-CoA), an intermediate of the central carbon metabolism and precursor of the PHB pathway, on heterologous PHB production by yeast. We engineered the acetyl-CoA metabolism by co-transformation of a plasmid containing genes for native S. cerevisiae alcohol dehydrogenase (ADH2), acetaldehyde dehydrogenase (ALD6), acetyl-CoA acetyltransferase (ERG10) and a Salmonella enterica acetyl-CoA synthetase variant (acsL641P), resulting in acetoacetyl-CoA overproduction, together with a plasmid containing the PHB pathway genes coding for acetyl-CoA acetyltransferase (phaA), NADPH-linked acetoacetyl-CoA reductase (phaB) and poly(3-hydroxybutyrate) polymerase (phaC) from Ralstonia eutropha H16. Introduction of the acetyl-CoA plasmid together with the PHB plasmid, improved the productivity of PHB more than 16 times compared to the reference strain used in this study, as well as it reduced the specific product formation of side products.	AMB Express	2012	3519744.0	10.1186/2191-0855-2-52	Journal Article,	[ForeName:Kanokarn,LastName:Kocharin] [ForeName:Yun,LastName:Chen] [ForeName:Verena,LastName:Siewers] [ForeName:Jens,LastName:Nielsen]
21963484	Engineering topology and kinetics of sucrose metabolism in Saccharomyces cerevisiae for improved ethanol yield.	Sucrose is a major carbon source for industrial bioethanol production by Saccharomyces cerevisiae. In yeasts, two modes of sucrose metabolism occur: (i) extracellular hydrolysis by invertase, followed by uptake and metabolism of glucose and fructose, and (ii) uptake via sucrose-proton symport followed by intracellular hydrolysis and metabolism. Although alternative start codons in the SUC2 gene enable synthesis of extracellular and intracellular invertase isoforms, sucrose hydrolysis in S. cerevisiae predominantly occurs extracellularly. In anaerobic cultures, intracellular hydrolysis theoretically enables a 9% higher ethanol yield than extracellular hydrolysis, due to energy costs of sucrose-proton symport. This prediction was tested by engineering the promoter and 5' coding sequences of SUC2, resulting in predominant (94%) cytosolic localization of invertase. In anaerobic sucrose-limited chemostats, this iSUC2-strain showed an only 4% increased ethanol yield and high residual sucrose concentrations indicated suboptimal sucrose-transport kinetics. To improve sucrose-uptake affinity, it was subjected to 90 generations of laboratory evolution in anaerobic, sucrose-limited chemostat cultivation, resulting in a 20-fold decrease of residual sucrose concentrations and a 10-fold increase of the sucrose-transport capacity. A single-cell isolate showed an 11% higher ethanol yield on sucrose in chemostat cultures than an isogenic SUC2 reference strain, while transcriptome analysis revealed elevated expression of AGT1, encoding a disaccharide-proton symporter, and other maltose-related genes. After deletion of both copies of the duplicated AGT1, growth characteristics reverted to that of the unevolved SUC2 and iSUC2 strains. This study demonstrates that engineering the topology of sucrose metabolism is an attractive strategy to improve ethanol yields in industrial processes.	Metabolic engineering	2011		10.1016/j.ymben.2011.09.005	Journal Article,Research Support, Non-U.S. Gov't,	[ForeName:Thiago O,LastName:Basso] [ForeName:Stefan,LastName:de Kok] [ForeName:Marcelo,LastName:Dario] [ForeName:Júlio Cézar A,LastName:do Espirito-Santo] [ForeName:Gabriela,LastName:Müller] [ForeName:Paulo S,LastName:Schlölg] [ForeName:Carlos P,LastName:Silva] [ForeName:Aldo,LastName:Tonso] [ForeName:Jean-Marc,LastName:Daran] [ForeName:Andreas K,LastName:Gombert] [ForeName:Antonius J A,LastName:van Maris] [ForeName:Jack T,LastName:Pronk] [ForeName:Boris U,LastName:Stambuk]
17463081	Metabolic engineering of Escherichia coli for the production of L-valine based on transcriptome analysis and in silico gene knockout simulation.	The L-valine production strain of Escherichia coli was constructed by rational metabolic engineering and stepwise improvement based on transcriptome analysis and gene knockout simulation of the in silico genome-scale metabolic network. Feedback inhibition of acetohydroxy acid synthase isoenzyme III by L-valine was removed by site-directed mutagenesis, and the native promoter containing the transcriptional attenuator leader regions of the ilvGMEDA and ilvBN operon was replaced with the tac promoter. The ilvA, leuA, and panB genes were deleted to make more precursors available for L-valine biosynthesis. This engineered Val strain harboring a plasmid overexpressing the ilvBN genes produced 1.31 g/liter L-valine. Comparative transcriptome profiling was performed during batch fermentation of the engineered and control strains. Among the down-regulated genes, the lrp and ygaZH genes, which encode a global regulator Lrp and L-valine exporter, respectively, were overexpressed. Amplification of the lrp, ygaZH, and lrp-ygaZH genes led to the enhanced production of L-valine by 21.6%, 47.1%, and 113%, respectively. Further improvement was achieved by using in silico gene knockout simulation, which identified the aceF, mdh, and pfkA genes as knockout targets. The VAMF strain (Val DeltaaceF Deltamdh DeltapfkA) overexpressing the ilvBN, ilvCED, ygaZH, and lrp genes was able to produce 7.55 g/liter L-valine from 20 g/liter glucose in batch culture, resulting in a high yield of 0.378 g of L-valine per gram of glucose. These results suggest that an industrially competitive strain can be efficiently developed by metabolic engineering based on combined rational modification, transcriptome profiling, and systems-level in silico analysis.	Proceedings of the National Academy of Sciences of the United States of America	2007	1857225.0	10.1073/pnas.0702609104	Journal Article,Research Support, Non-U.S. Gov't,	[ForeName:Jin Hwan,LastName:Park] [ForeName:Kwang Ho,LastName:Lee] [ForeName:Tae Yong,LastName:Kim] [ForeName:Sang Yup,LastName:Lee]
22954227	Cytosolic re-localization and optimization of valine synthesis and catabolism enables inseased isobutanol production with the yeast Saccharomyces cerevisiae.	The branched chain alcohol isobutanol exhibits superior physicochemical properties as an alternative biofuel. The yeast Saccharomyces cerevisiae naturally produces low amounts of isobutanol as a by-product during fermentations, resulting from the catabolism of valine. As S. cerevisiae is widely used in industrial applications and can easily be modified by genetic engineering, this microorganism is a promising host for the fermentative production of higher amounts of isobutanol.	Biotechnology for biofuels	2012	3476451.0	10.1186/1754-6834-5-65	Journal Article,	[ForeName:Dawid,LastName:Brat] [ForeName:Christian,LastName:Weber] [ForeName:Wolfram,LastName:Lorenzen] [ForeName:Helge B,LastName:Bode] [ForeName:Eckhard,LastName:Boles]
25266107	Engineered baker's yeast as whole-cell biocatalyst for one-pot stereo-selective conversion of amines to alcohols.	One-pot multi-step biocatalysis is advantageous over step-by-step synthesis as it reduces the number of process operation units, leading to significant process intensification. Whole-cell biocatalysis with metabolically active cells is especially valuable since all enzymes can be co-expressed in the cell whose metabolism can be exploited for supply of co-substrates and co-factors.	Microbial cell factories	2014	4423645.0	10.1186/s12934-014-0118-z	Journal Article,Research Support, Non-U.S. Gov't,	[ForeName:Nora,LastName:Weber] [ForeName:Marie,LastName:Gorwa-Grauslund] [ForeName:Magnus,LastName:Carlquist]
19734340	Metabolic engineering of Escherichia coli for efficient conversion of glycerol to ethanol.	Based on elementary mode analysis, an Escherichia coli strain was designed for efficient conversion of glycerol to ethanol. By using nine gene knockout mutations, the functional space of the central metabolism of E. coli was reduced from over 15,000 possible pathways to a total of 28 glycerol-utilizing pathways that support cell function. Among these pathways are eight aerobic and eight anaerobic pathways that do not support cell growth but convert glycerol into ethanol with a theoretical yield of 0.50 g ethanol/g glycerol. The remaining 12 pathways aerobically coproduce biomass and ethanol from glycerol. The optimal ethanol production depends on the oxygen availability that regulates the two competing pathways for biomass and ethanol production. The coupling between cell growth and ethanol production enabled metabolic evolution of the designed strain through serial dilution that resulted in strains with improved ethanol yields and productivities. In defined medium, the evolved strain can convert 40 g/liter of glycerol to ethanol in 48 h with 90% of the theoretical ethanol yield. The performance of the designed strain is predicted by the property space of remaining elementary modes.	Applied and environmental microbiology	2009	2772450.0	10.1128/AEM.00670-09	Journal Article,Research Support, N.I.H., Extramural,	[ForeName:Cong T,LastName:Trinh] [ForeName:Friedrich,LastName:Srienc]
21097588	L-malate production by metabolically engineered Escherichia coli.	Escherichia coli strains (KJ060 and KJ073) that were previously developed for succinate production have now been modified for malate production. Many unexpected changes were observed during this investigation. The initial strategy of deleting fumarase isoenzymes was ineffective, and succinate continued to accumulate. Surprisingly, a mutation in fumarate reductase alone was sufficient to redirect carbon flow into malate even in the presence of fumarase. Further deletions were needed to inactivate malic enzymes (typically gluconeogenic) and prevent conversion to pyruvate. However, deletion of these genes (sfcA and maeB) resulted in the unexpected accumulation of D-lactate despite the prior deletion of mgsA and ldhA and the absence of apparent lactate dehydrogenase activity. Although the metabolic source of this D-lactate was not identified, lactate accumulation was increased by supplementation with pyruvate and decreased by the deletion of either pyruvate kinase gene (pykA or pykF) to reduce the supply of pyruvate. Many of the gene deletions adversely affected growth and cell yield in minimal medium under anaerobic conditions, and volumetric rates of malate production remained low. The final strain (XZ658) produced 163 mM malate, with a yield of 1.0 mol (mol glucose(-1)), half of the theoretical maximum. Using a two-stage process (aerobic cell growth and anaerobic malate production), this engineered strain produced 253 mM malate (34 g liter(-1)) within 72 h, with a higher yield (1.42 mol mol(-1)) and productivity (0.47 g liter(-1) h(-1)). This malate yield and productivity are equal to or better than those of other known biocatalysts.	Applied and environmental microbiology	2011	3020529.0	10.1128/AEM.01971-10	Journal Article,Research Support, Non-U.S. Gov't,Research Support, U.S. Gov't, Non-P.H.S.,	[ForeName:X,LastName:Zhang] [ForeName:X,LastName:Wang] [ForeName:K T,LastName:Shanmugam] [ForeName:L O,LastName:Ingram]
24122315	Combinatorial engineering of mevalonate pathway for improved amorpha-4,11-diene production in budding yeast.	Combinatorial genome integration of mevalonate pathway genes was performed with the aim of optimizing the metabolic flux for improved production of terpenoids in budding yeast. In the present study, we developed a novel δ-integration platform to achieve multiple genome integrations through modulating the concentration of antibiotics. By exploiting carotenoid biosynthesis as screening module, we successfully created a library of yeast colonies appeared with various intensities of orange color. As proof-of-concept that carotenoid overproducers could serve to boost the titer of other terpenoids, we further tested engineered strains for the production of amorpha-4,11-diene, an important precursor for antimalarial drug. However, we experienced some limitations of the carotenoid-based screening approach as it was only effective in detecting a small range of pathway activity improvement and further increasing mevalonate pathway activity led to a decreased orange color. By far, we were only able to obtain one mutant strain yielded more than 13-fold amorpha-4,11-diene over parental strains, which was approximately 64 mg/L of caryophyllene equivalents. Further qPCR studies confirmed that erg10, erg13, thmg1 and erg12 involved in mevalonate pathway were overexpressed in this mutant strain. We envision the current δ-integration platform would form the basis of a generalized technique for multiple gene integrations in yeast-a method that would be of significant interest to the metabolic engineering community.	Biotechnology and bioengineering	2014		10.1002/bit.25123	Journal Article,Research Support, Non-U.S. Gov't,	[ForeName:Jifeng,LastName:Yuan] [ForeName:Chi Bun,LastName:Ching]
21684346	Increasing free-energy (ATP) conservation in maltose-grown Saccharomyces cerevisiae by expression of a heterologous maltose phosphorylase.	Increasing free-energy conservation from the conversion of substrate into product is crucial for further development of many biotechnological processes. In theory, replacing the hydrolysis of disaccharides by a phosphorolytic cleavage reaction provides an opportunity to increase the ATP yield on the disaccharide. To test this concept, we first deleted the native maltose metabolism genes in Saccharomyces cerevisiae. The knockout strain showed no maltose-transport activity and a very low residual maltase activity (0.03 μmol mg protein(-1)min(-1)). Expression of a maltose phosphorylase gene from Lactobacillus sanfranciscensis and the MAL11 maltose-transporter gene resulted in relatively slow growth (μ(aerobic) 0.09 ± 0.03 h(-1)). Co-expression of Lactococcus lactis β-phosphoglucomutase accelerated maltose utilization via this route (μ(aerobic) 0.21 ± 0.01 h(-1), μ(anaerobic) 0.10 ± 0.00 h(-1)). Replacing maltose hydrolysis with phosphorolysis increased the anaerobic biomass yield on maltose in anaerobic maltose-limited chemostat cultures by 26%, thus demonstrating the potential of phosphorolysis to improve the free-energy conservation of disaccharide metabolism in industrial microorganisms.	Metabolic engineering	2011		10.1016/j.ymben.2011.06.001	Journal Article,Research Support, Non-U.S. Gov't,	[ForeName:Stefan,LastName:de Kok] [ForeName:Duygu,LastName:Yilmaz] [ForeName:Erwin,LastName:Suir] [ForeName:Jack T,LastName:Pronk] [ForeName:Jean-Marc,LastName:Daran] [ForeName:Antonius J A,LastName:van Maris]
15128548	Metabolic engineering of a phosphoketolase pathway for pentose catabolism in Saccharomyces cerevisiae.	Low ethanol yields on xylose hamper economically viable ethanol production from hemicellulose-rich plant material with Saccharomyces cerevisiae. A major obstacle is the limited capacity of yeast for anaerobic reoxidation of NADH. Net reoxidation of NADH could potentially be achieved by channeling carbon fluxes through a recombinant phosphoketolase pathway. By heterologous expression of phosphotransacetylase and acetaldehyde dehydrogenase in combination with the native phosphoketolase, we installed a functional phosphoketolase pathway in the xylose-fermenting Saccharomyces cerevisiae strain TMB3001c. Consequently the ethanol yield was increased by 25% because less of the by-product xylitol was formed. The flux through the recombinant phosphoketolase pathway was about 30% of the optimum flux that would be required to completely eliminate xylitol and glycerol accumulation. Further overexpression of phosphoketolase, however, increased acetate accumulation and reduced the fermentation rate. By combining the phosphoketolase pathway with the ald6 mutation, which reduced acetate formation, a strain with an ethanol yield 20% higher and a xylose fermentation rate 40% higher than those of its parent was engineered.	Applied and environmental microbiology	2004	404438.0	10.1128/AEM.70.5.2892-2897.2004	Evaluation Study,Journal Article,Research Support, Non-U.S. Gov't,	[ForeName:Marco,LastName:Sonderegger] [ForeName:Michael,LastName:Schümperli] [ForeName:Uwe,LastName:Sauer]
21398484	Driving forces enable high-titer anaerobic 1-butanol synthesis in Escherichia coli.	1-Butanol, an important chemical feedstock and advanced biofuel, is produced by Clostridium species. Various efforts have been made to transfer the clostridial 1-butanol pathway into other microorganisms. However, in contrast to similar compounds, only limited titers of 1-butanol were attained. In this work, we constructed a modified clostridial 1-butanol pathway in Escherichia coli to provide an irreversible reaction catalyzed by trans-enoyl-coenzyme A (CoA) reductase (Ter) and created NADH and acetyl-CoA driving forces to direct the flux. We achieved high-titer (30 g/liter) and high-yield (70 to 88% of the theoretical) production of 1-butanol anaerobically, comparable to or exceeding the levels demonstrated by native producers. Without the NADH and acetyl-CoA driving forces, the Ter reaction alone only achieved about 1/10 the level of production. The engineered host platform also enables the selection of essential enzymes with better catalytic efficiency or expression by anaerobic growth rescue. These results demonstrate the importance of driving forces in the efficient production of nonnative products.	Applied and environmental microbiology	2011	3126405.0	10.1128/AEM.03034-10	Journal Article,Research Support, Non-U.S. Gov't,	[ForeName:Claire R,LastName:Shen] [ForeName:Ethan I,LastName:Lan] [ForeName:Yasumasa,LastName:Dekishima] [ForeName:Antonino,LastName:Baez] [ForeName:Kwang Myung,LastName:Cho] [ForeName:James C,LastName:Liao]
12778056	Engineering a mevalonate pathway in Escherichia coli for production of terpenoids.	Isoprenoids are the most numerous and structurally diverse family of natural products. Terpenoids, a class of isoprenoids often isolated from plants, are used as commercial flavor and fragrance compounds and antimalarial or anticancer drugs. Because plant tissue extractions typically yield low terpenoid concentrations, we sought an alternative method to produce high-value terpenoid compounds, such as the antimalarial drug artemisinin, in a microbial host. We engineered the expression of a synthetic amorpha-4,11-diene synthase gene and the mevalonate isoprenoid pathway from Saccharomyces cerevisiae in Escherichia coli. Concentrations of amorphadiene, the sesquiterpene olefin precursor to artemisinin, reached 24 microg caryophyllene equivalent/ml. Because isopentenyl and dimethylallyl pyrophosphates are the universal precursors to all isoprenoids, the strains developed in this study can serve as platform hosts for the production of any terpenoid compound for which a terpene synthase gene is available.	Nature biotechnology	2003		10.1038/nbt833	Evaluation Study,Journal Article,Research Support, Non-U.S. Gov't,Research Support, U.S. Gov't, Non-P.H.S.,	[ForeName:Vincent J J,LastName:Martin] [ForeName:Douglas J,LastName:Pitera] [ForeName:Sydnor T,LastName:Withers] [ForeName:Jack D,LastName:Newman] [ForeName:Jay D,LastName:Keasling]
24161921	Overproduction of geraniol by enhanced precursor supply in Saccharomyces cerevisiae.	Monoterpene geraniol, a compound obtained from aromatic plants, has wide applications. In this study, geraniol was synthesized in Saccharomyces cerevisiae through the introduction of geraniol synthase. To increase geraniol production, the mevalonate pathway in S. cerevisiae was genetically manipulated to enhance the supply of geranyl diphosphate, a substrate used for the biosynthesis of geraniol. Identification and optimization of the key regulatory points in the mevalonate pathway in S. cerevisiae increased geraniol production to 36.04 mg L(-1). The results obtained revealed that the IDI1-encoded isopentenyl diphosphate isomerase is a rate-limiting enzyme in the biosynthesis of geraniol in S. cerevisiae, and overexpression of MAF1, a negative regulator in tRNA biosynthesis, is another effective method to increase geraniol production in S. cerevisiae.	Journal of biotechnology	2013		10.1016/j.jbiotec.2013.10.017	Journal Article,Research Support, Non-U.S. Gov't,	[ForeName:Jidong,LastName:Liu] [ForeName:Weiping,LastName:Zhang] [ForeName:Guocheng,LastName:Du] [ForeName:Jian,LastName:Chen] [ForeName:Jingwen,LastName:Zhou]
23568537	Inverse metabolic engineering to improve Escherichia coli as an N-glycosylation host.	An inverse metabolic engineering strategy was used to select for Escherichia coli cells with an increased capability to N-glycosylate a specific target protein. We developed a screen for E. coli cells containing extra-chromosomal DNA fragments for improved ability to add precise sugar groups onto the AcrA protein using the glycosylation system from Campylobacter jejuni. Four different sized (1, 2, 4, and 8 kb) genomic DNA libraries were screened, and the sequences that conferred a yield advantage were determined. These advantageous genomic fragments were mapped onto the E. coli W3110 chromosome. Five candidate genes (identified across two or more libraries) were subsequently selected for forward engineering verification in E. coli CLM24 cells, utilizing a combination of internal standards for absolute quantitation and pseudo-selective reaction monitoring (pSRM) and Western blotting validation. An increase in glycosylated protein was quantified in cells overexpressing 4-α-glucantransferase and a phosphoenolpyruvate-dependent sugar phosphotransferase system, amounting to a 3.8-fold (engineered cells total = 5.3 mg L(-1) ) and 6.7-fold (engineered cells total = 9.4 mg L(-1) ) improvement compared to control cells, respectively. Furthermore, increased glycosylation efficiency was observed in cells overexpressing enzymes involved with glycosylation precursor synthesis, enzymes 1-deoxyxylulose-5-phosphate synthase (1.3-fold) and UDP-N-acetylglucosamine pyrophosphorylase (1.6-fold). To evaluate the wider implications of the engineering, we tested a modified Fc fragment of an IgG antibody as the target glycoprotein with two of our engineered cells, and achieved a ca. 75% improved glycosylation efficiency.	Biotechnology and bioengineering	2013		10.1002/bit.24920	Journal Article,Research Support, Non-U.S. Gov't,	[ForeName:Jagroop,LastName:Pandhal] [ForeName:Lauren B A,LastName:Woodruff] [ForeName:Stephen,LastName:Jaffe] [ForeName:Pratik,LastName:Desai] [ForeName:Saw Y,LastName:Ow] [ForeName:Josselin,LastName:Noirel] [ForeName:Ryan T,LastName:Gill] [ForeName:Phillip C,LastName:Wright]
11101808	Increasing galactose consumption by Saccharomyces cerevisiae through metabolic engineering of the GAL gene regulatory network.	Increasing the flux through central carbon metabolism is difficult because of rigidity in regulatory structures, at both the genetic and the enzymatic levels. Here we describe metabolic engineering of a regulatory network to obtain a balanced increase in the activity of all the enzymes in the pathway, and ultimately, increasing metabolic flux through the pathway of interest. By manipulating the GAL gene regulatory network of Saccharomyces cerevisiae, which is a tightly regulated system, we produced prototroph mutant strains, which increased the flux through the galactose utilization pathway by eliminating three known negative regulators of the GAL system: Gal6, Gal80, and Mig1. This led to a 41% increase in flux through the galactose utilization pathway compared with the wild-type strain. This is of significant interest within the field of biotechnology since galactose is present in many industrial media. The improved galactose consumption of the gal mutants did not favor biomass formation, but rather caused excessive respiro-fermentative metabolism, with the ethanol production rate increasing linearly with glycolytic flux.	Nature biotechnology	2000		10.1038/82400	Journal Article,Research Support, Non-U.S. Gov't,	[ForeName:S,LastName:Ostergaard] [ForeName:L,LastName:Olsson] [ForeName:M,LastName:Johnston] [ForeName:J,LastName:Nielsen]
15286989	Metabolic engineering and protein directed evolution increase the yield of L-phenylalanine synthesized from glucose in Escherichia coli.	L-phenylalanine (L-Phe) is an aromatic amino acid with diverse commercial applications. Technologies for industrial microbial synthesis of L-Phe using glucose as a starting raw material currently achieve a relatively low conversion yield (Y(Phe/Glc)). The purpose of this work was to study the effect of PTS (phosphotransferase transport system) inactivation and overexpression of different versions of feedback inhibition resistant chorismate mutase-prephenate dehydratase (CM-PDT) on the yield (Y(Phe/Glc)) and productivity of L-Phe synthesized from glucose. The E. coli JM101 strain and its mutant derivative PB12 (PTS(-)Glc(+) phenotype) were used as hosts. PB12 has an inactive PTS, but is capable of transporting and phosphorylating glucose by using an alternative system constituted by galactose permease (GalP) and glucokinase activities (Glk). JM101 and PB12 were transformed with three plasmids, harboring genes that encode for a feedback inhibition resistant DAHP synthase (aroG(fbr)), transketolase (tktA) and either a truncated CM-PDT (pheA(fbr)) or its derived evolved genes (pheA(ev1) or pheA(ev2)). Resting-cells experiments with these engineered strains showed that JM101 and PB12 strains expressing either pheA(ev1) or pheA(ev2) genes produced l-Phe from glucose with Y(Phe/Glc) of 0.21 and 0.33 g/g, corresponding to 38 and 60% of the maximum theoretical yield (0.55 g/g), respectively. In addition, in both engineered strains the reached q(Phe) high levels of 40 mg/g-dcw.h. The metabolic engineering strategy followed in this work, including a strain with an inactive PTS, resulted in a positive impact over the Y(Phe/Glc), enhancing it nearly 57% compared with its PTS(+) counterpart. This is the first report wherein PTS inactivation was a successful strategy to improve the Y(Phe/Glc).	Biotechnology and bioengineering	2004		10.1002/bit.20159	Comparative Study,Journal Article,Research Support, Non-U.S. Gov't,	[ForeName:José Luis,LastName:Báez-Viveros] [ForeName:Joel,LastName:Osuna] [ForeName:Georgina,LastName:Hernández-Chávez] [ForeName:Xavier,LastName:Soberón] [ForeName:Francisco,LastName:Bolívar] [ForeName:Guillermo,LastName:Gosset]
23246524	Metabolic engineering of Escherichia coli for (2S)-pinocembrin production from glucose by a modular metabolic strategy.	Flavonoids are valuable natural products widely used in human health and nutrition. Recent advances in synthetic biology and metabolic engineering have yielded improved strain titers and yields. However, current fermentation strategies often require supplementation of expensive phenylpropanoic precursors in the media and separate evaluation of each strategy in turn as part of the flavonoid pathway, implicitly assuming the modifications are additive. In this study, an Escherichia coli fermentation system was developed to bypass both of these problems. An eight-step pathway, consisting of 3-deoxy-D-arabinoheptulosonate-7-phosphate synthase (DAHPS), chorismate mutase/prephenate dehydratase (CM/PDT), phenylalanine ammonia lyase (PAL), 4-coumarate:CoA ligase (4CL), chalcone synthase (CHS), chalcone isomerase (CHI), malonate synthetase, and malonate carrier protein, was assembled on four vectors in order to produce the flavonoid precursor (2S)-pinocembrin directly from glucose. Furthermore, a modular metabolic strategy was employed to identify conditions that optimally balance the four pathway modules. Once this metabolic balance was achieved, such strains were capable of producing 40.02mg/L (2S)-pinocembrin directly from glucose. These results were attained by culturing engineered cells in minimal medium without additional precursor supplementation. The fermentation platform described here paves the way for the development of an economical process for microbial production of flavonoids directly from glucose.	Metabolic engineering	2013		10.1016/j.ymben.2012.11.009	Journal Article,Research Support, Non-U.S. Gov't,	[ForeName:Junjun,LastName:Wu] [ForeName:Guocheng,LastName:Du] [ForeName:Jingwen,LastName:Zhou] [ForeName:Jian,LastName:Chen]
18059444	Systems metabolic engineering of Escherichia coli for L-threonine production.	Amino-acid producers have traditionally been developed by repeated random mutagenesis owing to the difficulty in rationally engineering the complex and highly regulated metabolic network. Here, we report the development of the genetically defined L-threonine overproducing Escherichia coli strain by systems metabolic engineering. Feedback inhibitions of aspartokinase I and III (encoded by thrA and lysC, respectively) and transcriptional attenuation regulations (located in thrL) were removed. Pathways for Thr degradation were removed by deleting tdh and mutating ilvA. The metA and lysA genes were deleted to make more precursors available for Thr biosynthesis. Further target genes to be engineered were identified by transcriptome profiling combined with in silico flux response analysis, and their expression levels were manipulated accordingly. The final engineered E. coli strain was able to produce Thr with a high yield of 0.393 g per gram of glucose, and 82.4 g/l Thr by fed-batch culture. The systems metabolic engineering strategy reported here may be broadly employed for developing genetically defined organisms for the efficient production of various bioproducts.	Molecular systems biology	2007	2174629.0	10.1038/msb4100196	Journal Article,Research Support, Non-U.S. Gov't,	[ForeName:Kwang Ho,LastName:Lee] [ForeName:Jin Hwan,LastName:Park] [ForeName:Tae Yong,LastName:Kim] [ForeName:Hyun Uk,LastName:Kim] [ForeName:Sang Yup,LastName:Lee]
23988492	Novel approach to engineer strains for simultaneous sugar utilization.	Use of lignocellulosic biomass as a second generation feedstock in the biofuels industry is a pressing challenge. Among other difficulties in using lignocellulosic biomass, one major challenge is the optimal utilization of both 6-carbon (glucose) and 5-carbon (xylose) sugars by industrial microorganisms. Most industrial microorganisms preferentially utilize glucose over xylose owing to the regulatory phenomenon of carbon catabolite repression (CCR). Microorganisms that can co-utilize glucose and xylose are of considerable interest to the biofuels industry due to their ability to simplify the fermentation processes. However, elimination of CCR in microorganisms is challenging due to the multiple coordinating mechanisms involved. We report a novel algorithm, SIMUP, which finds metabolic engineering strategies to force co-utilization of two sugars, without targeting the regulatory pathways of CCR. Mutants of Escherichia coli based on SIMUP algorithm showed predicted growth phenotypes and co-utilized glucose and xylose; however, consumed the sugars slower than the wild-type. Some solutions identified by the algorithm were based on stoichiometric imbalance and were not obvious from the metabolic network topology. Furthermore, sequencing studies on the genes involved in CCR showed that the mechanism for co-utilization of the sugars could be different from previously known mechanisms.	Metabolic engineering	2013		10.1016/j.ymben.2013.08.003	Journal Article,Research Support, Non-U.S. Gov't,	[ForeName:Pratish,LastName:Gawand] [ForeName:Patrick,LastName:Hyland] [ForeName:Andrew,LastName:Ekins] [ForeName:Vincent J J,LastName:Martin] [ForeName:Radhakrishnan,LastName:Mahadevan]
24886307	Engineering Escherichia coli K12 MG1655 to use starch.	To attain a sustainable bioeconomy, fuel, or valuable product, production must use biomass as substrate. Starch is one of the most abundant biomass resources and is present as waste or as a food and agroindustry by-product. Unfortunately, Escherichia coli, one of the most widely used microorganisms in biotechnological processes, cannot use starch as a carbon source.	Microbial cell factories	2014	4039329.0	10.1186/1475-2859-13-74	Journal Article,Research Support, Non-U.S. Gov't,	[ForeName:Luis Manuel,LastName:Rosales-Colunga] [ForeName:Agustino,LastName:Martínez-Antonio]
17496128	High-level production of beta-carotene in Saccharomyces cerevisiae by successive transformation with carotenogenic genes from Xanthophyllomyces dendrorhous.	To determine whether Saccharomyces cerevisiae can serve as a host for efficient carotenoid and especially beta-carotene production, carotenogenic genes from the carotenoid-producing yeast Xanthophyllomyces dendrorhous were introduced and overexpressed in S. cerevisiae. Because overexpression of these genes from an episomal expression vector resulted in unstable strains, the genes were integrated into genomic DNA to yield stable, carotenoid-producing S. cerevisiae cells. Furthermore, carotenoid production levels were higher in strains containing integrated carotenogenic genes. Overexpression of crtYB (which encodes a bifunctional phytoene synthase and lycopene cyclase) and crtI (phytoene desaturase) from X. dendrorhous was sufficient to enable carotenoid production. Carotenoid production levels were increased by additional overexpression of a homologous geranylgeranyl diphosphate (GGPP) synthase from S. cerevisiae that is encoded by BTS1. Combined overexpression of crtE (heterologous GGPP synthase) from X. dendrorhous with crtYB and crtI and introduction of an additional copy of a truncated 3-hydroxy-3-methylglutaryl-coenzyme A reductase gene (tHMG1) into carotenoid-producing cells resulted in a successive increase in carotenoid production levels. The strains mentioned produced high levels of intermediates of the carotenogenic pathway and comparable low levels of the preferred end product beta-carotene, as determined by high-performance liquid chromatography. We finally succeeded in constructing an S. cerevisiae strain capable of producing high levels of beta-carotene, up to 5.9 mg/g (dry weight), which was accomplished by the introduction of an additional copy of crtI and tHMG1 into carotenoid-producing yeast cells. This transformant is promising for further development toward the biotechnological production of beta-carotene by S. cerevisiae.	Applied and environmental microbiology	2007	1932764.0	10.1128/AEM.02759-06	Journal Article,Research Support, Non-U.S. Gov't,	[ForeName:René,LastName:Verwaal] [ForeName:Jing,LastName:Wang] [ForeName:Jean-Paul,LastName:Meijnen] [ForeName:Hans,LastName:Visser] [ForeName:Gerhard,LastName:Sandmann] [ForeName:Johan A,LastName:van den Berg] [ForeName:Albert J J,LastName:van Ooyen]
22640729	Production of 2,3-butanediol in Saccharomyces cerevisiae by in silico aided metabolic engineering.	2,3-Butanediol is a chemical compound of increasing interest due to its wide applications. It can be synthesized via mixed acid fermentation of pathogenic bacteria such as Enterobacter aerogenes and Klebsiella oxytoca. The non-pathogenic Saccharomyces cerevisiae possesses three different 2,3-butanediol biosynthetic pathways, but produces minute amount of 2,3-butanediol. Hence, we attempted to engineer S. cerevisiae strain to enhance 2,3-butanediol production.	Microbial cell factories	2012	3442981.0	10.1186/1475-2859-11-68	Evaluation Study,Journal Article,Research Support, Non-U.S. Gov't,	[ForeName:Chiam Yu,LastName:Ng] [ForeName:Moo-Young,LastName:Jung] [ForeName:Jinwon,LastName:Lee] [ForeName:Min-Kyu,LastName:Oh]
19502753	Improvement of Stearidonic acid production in Oleaginous Saccharomyces cerevisiae.	"Rat Delta6 desaturase was introduced in ""oleaginous"" Saccharomyces cerevisiae genetically modified by the snf2 disruption, DGA1 overexpression, and LEU2 expression to improve stearidonic acid (18:4n-3 (Delta6, 9, 12, 15)) production. When this transformed yeast was cultured in the presence of 0.7 g/l alpha-linolenic acid for 7 d, 0.4 g of alpha-linolenic acid was accumulated and 44 mg of stearidonic acid was produced, mainly as a triacylglycerol in the 1 liter broth."	Bioscience, biotechnology, and biochemistry	2009		10.1271/bbb.90082	Journal Article,	[ForeName:Kazuyoshi,LastName:Kimura] [ForeName:Nao,LastName:Tomita] [ForeName:Hiroshi,LastName:Uemura] [ForeName:Tsunehiro,LastName:Aki] [ForeName:Kazuhisa,LastName:Ono] [ForeName:Yasushi,LastName:Kamisaka]
24502850	Coupled incremental precursor and co-factor supply improves 3-hydroxypropionic acid production in Saccharomyces cerevisiae.	3-Hydroxypropionic acid (3-HP) is an attractive platform chemical, which can be used to produce a variety of commodity chemicals, such as acrylic acid and acrylamide. For enabling a sustainable alternative to petrochemicals as the feedstock for these commercially important chemicals, fermentative production of 3-HP is widely investigated and is centered on bacterial systems in most cases. However, bacteria present certain drawbacks for large-scale organic acid production. In this study, we have evaluated the production of 3-HP in the budding yeast Saccharomyces cerevisiae through a route from malonyl-CoA, because this allows performing the fermentation at low pH thus making the overall process cheaper. We have further engineered the host strain by increasing availability of the precursor malonyl-CoA and by coupling the production with increased NADPH supply we were able to substantially improve 3-HP production by five-fold, up to a final titer of 463 mg l⁻¹. Our work thus led to a demonstration of 3-HP production in yeast via the malonyl-CoA pathway, and this opens for the use of yeast as a cell factory for production of bio-based 3-HP and derived acrylates in the future.	Metabolic engineering	2014		10.1016/j.ymben.2014.01.005	Journal Article,Research Support, Non-U.S. Gov't,	[ForeName:Yun,LastName:Chen] [ForeName:Jichen,LastName:Bao] [ForeName:Il-Kwon,LastName:Kim] [ForeName:Verena,LastName:Siewers] [ForeName:Jens,LastName:Nielsen]
19221601	High-level production of amorpha-4,11-diene, a precursor of the antimalarial agent artemisinin, in Escherichia coli.	Artemisinin derivatives are the key active ingredients in Artemisinin combination therapies (ACTs), the most effective therapies available for treatment of malaria. Because the raw material is extracted from plants with long growing seasons, artemisinin is often in short supply, and fermentation would be an attractive alternative production method to supplement the plant source. Previous work showed that high levels of amorpha-4,11-diene, an artemisinin precursor, can be made in Escherichia coli using a heterologous mevalonate pathway derived from yeast (Saccharomyces cerevisiae), though the reconstructed mevalonate pathway was limited at a particular enzymatic step.	PloS one	2009	2637983.0	10.1371/journal.pone.0004489	Journal Article,Research Support, Non-U.S. Gov't,	[ForeName:Hiroko,LastName:Tsuruta] [ForeName:Christopher J,LastName:Paddon] [ForeName:Diana,LastName:Eng] [ForeName:Jacob R,LastName:Lenihan] [ForeName:Tizita,LastName:Horning] [ForeName:Larry C,LastName:Anthony] [ForeName:Rika,LastName:Regentin] [ForeName:Jay D,LastName:Keasling] [ForeName:Neil S,LastName:Renninger] [ForeName:Jack D,LastName:Newman]
18676713	Engineering of an Escherichia coli strain for the production of 3-methyl-1-butanol.	3-Methyl-1-butanol is a potential fuel additive or substitute. Previously this compound was identified in small quantities in yeast fermentation as one of the fusel alcohols. In this work, we engineered an Escherichia coli strain to produce 3-methyl-1-butanol from glucose via the host's amino acid biosynthetic pathways. Strain improvement with the removal of feedback inhibition and competing pathways increased the selectivity and productivity of 3-methyl-1-butanol. This work demonstrates the feasibility of production of 3-methyl-1-butanol as a biofuel and shows promise in using E. coli as a host for production.	Applied and environmental microbiology	2008	2547049.0	10.1128/AEM.00468-08	Journal Article,Research Support, Non-U.S. Gov't,Research Support, U.S. Gov't, Non-P.H.S.,	[ForeName:Michael R,LastName:Connor] [ForeName:James C,LastName:Liao]
21246504	Improved product-per-glucose yields in P450-dependent propane biotransformations using engineered Escherichia coli.	P450-dependent biotransformations in Escherichia coli are attractive for the selective oxidation of organic molecules using mild and sustainable procedures. The overall efficiency of these processes, however, relies on how effectively the NAD(P)H cofactors derived from oxidation of the carbon source are utilized inside the cell to support the heterologous P450-catalyzed reaction. In this work, we investigate the use of metabolic and protein engineering to enhance the product-per-glucose yield (Y(PPG)) in whole-cell reactions involving a proficient NADPH-dependent P450 propane monooxygenase prepared by directed evolution [P450(PMO)R2; Fasan et al. (2007); Angew Chem Int Ed 46:8414-8418]. Our studies revealed that the metabolism of E. coli (W3110) is able to support only a modest propanol: glucose molar ratio (YPPG ~ 0.5) under aerobic, nongrowing conditions. By altering key processes involved in NAD(P)H metabolism of the host, considerable improvements of this ratio could be achieved. A metabolically engineered E. coli strain featuring partial inactivation of the endogenous respiratory chain (Δndh) combined with removal of two fermentation pathways (ΔadhE, Δldh) provided the highest Y(PPG) (1.71) among the strains investigated, enabling a 230% more efficient utilization of the energy source (glucose) in the propane biotransformation compared to the native E. coli strain. Using an engineered P450(PMO)R2 variant which can utilize NADPH and NADH with equal efficiency, we also established that dual cofactor specificity of the P450 enzyme can provide an appreciable improvement in Y(PPG). Kinetic analyses suggest, however, that much more favorable parameters (K(M), k(cat)) for the NADH-driven reaction are required to effectively compete with the host's endogenous NADH-utilizing enzymes. Overall, the metabolic/protein engineering strategies described here can be of general value for improving the performance of NAD(P)H-dependent whole-cell biotransformations in E. coli.	Biotechnology and bioengineering	2011		10.1002/bit.22984	Journal Article,Research Support, U.S. Gov't, Non-P.H.S.,	[ForeName:Rudi,LastName:Fasan] [ForeName:Nathan C,LastName:Crook] [ForeName:Matthew W,LastName:Peters] [ForeName:Peter,LastName:Meinhold] [ForeName:Thomas,LastName:Buelter] [ForeName:Marco,LastName:Landwehr] [ForeName:Patrick C,LastName:Cirino] [ForeName:Frances H,LastName:Arnold]
22728194	Deletion of the aroK gene is essential for high shikimic acid accumulation through the shikimate pathway in E. coli.	Shikimic acid (SA) is an important metabolic intermediate with diverse commercial applications. In this work, antisense RNA interference and gene deletion were carried out to inactivate the aroK gene in an SA-producing Escherichia coli strain, DHPYA-T7. In this strain, the aroL, ptsHIcrr and ydiB genes are deleted, and the tktA, glk, aroE and aroB genes are overexpressed. Flask cultivations of the DHPYA-T7 derivative strains showed that the accumulation of SA increased 2.69-fold after aroK gene deletion (DHPYAAS-T7) and 1.29-fold after antisense RNA interference (DHPYAS-T7). Furthermore, the activity of shikimate kinase in DHPYAAS-T7 was 0.21-fold of that in strain DHPYAS-T7. In a 10-L fermentation, SA accumulation increased to 1850 mg L(-1) in strain DHPYAAS-T7, which is a 1.5-fold increase over that in strain DHPYAS-T7. These results demonstrate that aroK gene inactivation in DHPYA-T7 leads to high SA accumulation, especially when this inactivation is caused by chromosomal deletion.	Bioresource technology	2012		10.1016/j.biortech.2012.05.100	Journal Article,Research Support, Non-U.S. Gov't,	[ForeName:Kai,LastName:Chen] [ForeName:Jie,LastName:Dou] [ForeName:Shirui,LastName:Tang] [ForeName:Yishun,LastName:Yang] [ForeName:Hui,LastName:Wang] [ForeName:Hongqing,LastName:Fang] [ForeName:Changlin,LastName:Zhou]
23036703	An integrated computational and experimental study for overproducing fatty acids in Escherichia coli.	Increasing demands for petroleum have stimulated sustainable ways to produce chemicals and biofuels. Specifically, fatty acids of varying chain lengths (C₆-C₁₆) naturally synthesized in many organisms are promising starting points for the catalytic production of industrial chemicals and diesel-like biofuels. However, bio-production of fatty acids from plants and other microbial production hosts relies heavily on manipulating tightly regulated fatty acid biosynthetic pathways. In addition, precursors for fatty acids are used along other central metabolic pathways for the production of amino acids and biomass, which further complicates the engineering of microbial hosts for higher yields. Here, we demonstrate an iterative metabolic engineering effort that integrates computationally driven predictions and metabolic flux analysis techniques to meet this challenge. The OptForce procedure was used for suggesting and prioritizing genetic manipulations that overproduce fatty acids of different chain lengths from C₆ to C₁₆ starting with wild-type E. coli. We identified some common but mostly chain-specific genetic interventions alluding to the possibility of fine-tuning overproduction for specific fatty acid chain lengths. In accordance with the OptForce prioritization of interventions, fabZ and acyl-ACP thioesterase were upregulated and fadD was deleted to arrive at a strain that produces 1.70 g/L and 0.14 g fatty acid/g glucose (∼39% maximum theoretical yield) of C₁₄₋₁₆ fatty acids in minimal M9 medium. These results highlight the benefit of using computational strain design and flux analysis tools in the design of recombinant strains of E. coli to produce free fatty acids.	Metabolic engineering	2012		10.1016/j.ymben.2012.08.008	Journal Article,Research Support, U.S. Gov't, Non-P.H.S.,	[ForeName:Sridhar,LastName:Ranganathan] [ForeName:Ting Wei,LastName:Tee] [ForeName:Anupam,LastName:Chowdhury] [ForeName:Ali R,LastName:Zomorrodi] [ForeName:Jong Moon,LastName:Yoon] [ForeName:Yanfen,LastName:Fu] [ForeName:Jacqueline V,LastName:Shanks] [ForeName:Costas D,LastName:Maranas]
22885693	De novo creation of MG1655-derived E. coli strains specifically designed for plasmid DNA production.	The interest in plasmid DNA (pDNA) as a biopharmaceutical has been increasing over the last several years, especially after the approval of the first DNA vaccines. New pDNA production strains have been created by rationally mutating genes selected on the basis of Escherichia coli central metabolism and plasmid properties. Nevertheless, the highly mutagenized genetic background of the strains used makes it difficult to ascertain the exact impact of those mutations. To explore the effect of strain genetic background, we investigated single and double knockouts of two genes, pykF and pykA, which were known to enhance pDNA synthesis in two different E. coli strains: MG1655 (wild-type genetic background) and DH5α (highly mutagenized genetic background). The knockouts were only effective in the wild-type strain MG1655, demonstrating the relevance of strain genetic background and the importance of designing new strains specifically for pDNA production. Based on the obtained results, we created a new pDNA production strain starting from MG1655 by knocking out the pgi gene in order to redirect carbon flux to the pentose phosphate pathway, enhance nucleotide synthesis, and, consequently, increase pDNA production. GALG20 (MG1655ΔendAΔrecAΔpgi) produced 25-fold more pDNA (19.1 mg/g dry cell weight, DCW) than its parental strain, MG1655ΔendAΔrecA (0.8 mg/g DCW), in glucose. For the first time, pgi was identified as an important target for constructing a high-yielding pDNA production strain.	Applied microbiology and biotechnology	2013		10.1007/s00253-012-4308-5	Journal Article,Research Support, Non-U.S. Gov't,	[ForeName:Geisa A L,LastName:Gonçalves] [ForeName:Duarte M F,LastName:Prazeres] [ForeName:Gabriel A,LastName:Monteiro] [ForeName:Kristala L J,LastName:Prather]
24583236	Extending shikimate pathway for the production of muconic acid and its precursor salicylic acid in Escherichia coli.	cis,cis-Muconic acid (MA) and salicylic acid (SA) are naturally-occurring organic acids having great commercial value. MA is a potential platform chemical for the manufacture of several widely-used consumer plastics; while SA is mainly used for producing pharmaceuticals (for example, aspirin and lamivudine) and skincare and haircare products. At present, MA and SA are commercially produced by organic chemical synthesis using petro-derived aromatic chemicals, such as benzene, as starting materials, which is not environmentally friendly. Here, we report a novel approach for efficient microbial production of MA via extending shikimate pathway by introducing the hybrid of an SA biosynthetic pathway with its partial degradation pathway. First, we engineered a well-developed phenylalanine producing Escherichia coli strain into an SA overproducer by introducing isochorismate synthase and isochorismate pyruvate lyase. The engineered strain is able to produce 1.2g/L of SA from simple carbon sources, which is the highest titer reported so far. Further, the partial SA degradation pathway involving salicylate 1-monoxygenase and catechol 1,2-dioxygenase is established to achieve the conversion of SA to MA. Finally, a de novo MA biosynthetic pathway is assembled by integrating the established SA biosynthesis and degradation modules. Modular optimization enables the production of up to 1.5g/L MA within 48h in shake flasks. This study not only establishes an efficient microbial platform for the production of SA and MA, but also demonstrates a generalizable pathway design strategy for the de novo biosynthesis of valuable degradation metabolites.	Metabolic engineering	2014		10.1016/j.ymben.2014.02.009	Journal Article,Research Support, Non-U.S. Gov't,	[ForeName:Yuheng,LastName:Lin] [ForeName:Xinxiao,LastName:Sun] [ForeName:Qipeng,LastName:Yuan] [ForeName:Yajun,LastName:Yan]
15691745	Metabolic engineering of a xylose-isomerase-expressing Saccharomyces cerevisiae strain for rapid anaerobic xylose fermentation.	After an extensive selection procedure, Saccharomyces cerevisiae strains that express the xylose isomerase gene from the fungus Piromyces sp. E2 can grow anaerobically on xylose with a mu(max) of 0.03 h(-1). In order to investigate whether reactions downstream of the isomerase control the rate of xylose consumption, we overexpressed structural genes for all enzymes involved in the conversion of xylulose to glycolytic intermediates, in a xylose-isomerase-expressing S. cerevisiae strain. The overexpressed enzymes were xylulokinase (EC 2.7.1.17), ribulose 5-phosphate isomerase (EC 5.3.1.6), ribulose 5-phosphate epimerase (EC 5.3.1.1), transketolase (EC 2.2.1.1) and transaldolase (EC 2.2.1.2). In addition, the GRE3 gene encoding aldose reductase was deleted to further minimise xylitol production. Surprisingly the resulting strain grew anaerobically on xylose in synthetic media with a mu(max) as high as 0.09 h(-1) without any non-defined mutagenesis or selection. During growth on xylose, xylulose formation was absent and xylitol production was negligible. The specific xylose consumption rate in anaerobic xylose cultures was 1.1 g xylose (g biomass)(-1) h(-1). Mixtures of glucose and xylose were sequentially but completely consumed by anaerobic batch cultures, with glucose as the preferred substrate.	FEMS yeast research	2005		10.1016/j.femsyr.2004.09.010	Journal Article,Research Support, Non-U.S. Gov't,	[ForeName:Marko,LastName:Kuyper] [ForeName:Miranda M P,LastName:Hartog] [ForeName:Maurice J,LastName:Toirkens] [ForeName:Marinka J H,LastName:Almering] [ForeName:Aaron A,LastName:Winkler] [ForeName:Johannes P,LastName:van Dijken] [ForeName:Jack T,LastName:Pronk]
19619667	Enhancing sesquiterpene production in Saccharomyces cerevisiae through in silico driven metabolic engineering.	A genome-scale metabolic model was used to identify new target genes for enhanced biosynthesis of sesquiterpenes in the yeast Saccharomyces cerevisiae. The effect of gene deletions on the flux distributions in the metabolic model of S. cerevisiae was assessed using OptGene as the modeling framework and minimization of metabolic adjustments (MOMA) as objective function. Deletion of NADPH-dependent glutamate dehydrogenase encoded by GDH1 was identified as the best target gene for the improvement of sesquiterpene biosynthesis in yeast. Deletion of this gene enhances the available NADPH in the cytosol for other NADPH requiring enzymes, including HMG-CoA reductase. However, since disruption of GDH1 impairs the ammonia utilization, simultaneous over-expression of the NADH-dependent glutamate dehydrogenase encoded by GDH2 was also considered in this study. Deletion of GDH1 led to an approximately 85% increase in the final cubebol titer. However, deletion of this gene also caused a significant decrease in the maximum specific growth rate. Over-expression of GDH2 did not show a further effect on the final cubebol titer but this alteration significantly improved the growth rate compared to the GDH1 deleted strain.	Metabolic engineering	2009		10.1016/j.ymben.2009.07.001	Journal Article,Research Support, Non-U.S. Gov't,	[ForeName:Mohammad A,LastName:Asadollahi] [ForeName:Jérôme,LastName:Maury] [ForeName:Kiran Raosaheb,LastName:Patil] [ForeName:Michel,LastName:Schalk] [ForeName:Anthony,LastName:Clark] [ForeName:Jens,LastName:Nielsen]
21832992	Engineered reversal of the β-oxidation cycle for the synthesis of fuels and chemicals.	Advanced (long-chain) fuels and chemicals are generated from short-chain metabolic intermediates through pathways that require carbon-chain elongation. The condensation reactions mediating this carbon-carbon bond formation can be catalysed by enzymes from the thiolase superfamily, including β-ketoacyl-acyl-carrier protein (ACP) synthases, polyketide synthases, 3-hydroxy-3-methylglutaryl-CoA synthases, and biosynthetic thiolases. Pathways involving these enzymes have been exploited for fuel and chemical production, with fatty-acid biosynthesis (β-ketoacyl-ACP synthases) attracting the most attention in recent years. Degradative thiolases, which are part of the thiolase superfamily and naturally function in the β-oxidation of fatty acids, can also operate in the synthetic direction and thus enable carbon-chain elongation. Here we demonstrate that a functional reversal of the β-oxidation cycle can be used as a metabolic platform for the synthesis of alcohols and carboxylic acids with various chain lengths and functionalities. This pathway operates with coenzyme A (CoA) thioester intermediates and directly uses acetyl-CoA for acyl-chain elongation (rather than first requiring ATP-dependent activation to malonyl-CoA), characteristics that enable product synthesis at maximum carbon and energy efficiency. The reversal of the β-oxidation cycle was engineered in Escherichia coli and used in combination with endogenous dehydrogenases and thioesterases to synthesize n-alcohols, fatty acids and 3-hydroxy-, 3-keto- and trans-Δ(2)-carboxylic acids. The superior nature of the engineered pathway was demonstrated by producing higher-chain linear n-alcohols (C ≥ 4) and extracellular long-chain fatty acids (C > 10) at higher efficiency than previously reported. The ubiquitous nature of β-oxidation, aldehyde/alcohol dehydrogenase and thioesterase enzymes has the potential to enable the efficient synthesis of these products in other industrial organisms.	Nature	2011		10.1038/nature10333	Journal Article,	[ForeName:Clementina,LastName:Dellomonaco] [ForeName:James M,LastName:Clomburg] [ForeName:Elliot N,LastName:Miller] [ForeName:Ramon,LastName:Gonzalez]
23103205	Enhanced xylitol production through simultaneous co-utilization of cellobiose and xylose by engineered Saccharomyces cerevisiae.	As Saccharomyces cerevisiae cannot utilize xylose as a carbon source, expression of XYL1 coding for xylose reductase (XR) from Scheffersomyces (Pichia) stipitis enabled production of xylitol from xylose with a high yield. However, insufficient supply of NAD(P)H for XR and inhibition of xylose uptake by glucose are identified as major constraints for achieving high xylitol productivity. To overcome these problems, we engineered S. cerevisiae capable of converting xylose into xylitol through simultaneous utilization of xylose and cellobiose. An engineered S. cerevisiae (D-10-BT) expressing XR, cellodextrin transporter (cdt-1) and intracellular β-glucosidase (gh1-1) produced xylitol via simultaneous utilization of cellobiose and xylose. The D-10-BT strain exhibited 40% higher volumetric xylitol productivity with co-consumption of cellobiose and xylose compared to sequential utilization of glucose and xylose. Furthermore, the overexpression of S. cerevisiae ALD6, IDP2, or S. stipitis ZWF1 coding for cytosolic NADP(+)-dependent dehydrogenases increased the intracellular NADPH availability of the D-10-BT strain, which resulted in a 37-63% improvement in xylitol productivity when cellobiose and xylose were co-consumed. These results suggest that co-utilization of cellobiose and xylose can lead to improved xylitol production through enhanced xylose uptake and efficient cofactor regeneration.	Metabolic engineering	2013		10.1016/j.ymben.2012.09.003	Journal Article,Research Support, Non-U.S. Gov't,	[ForeName:Eun Joong,LastName:Oh] [ForeName:Suk-Jin,LastName:Ha] [ForeName:Soo,LastName:Rin Kim] [ForeName:Won-Heong,LastName:Lee] [ForeName:Jonathan M,LastName:Galazka] [ForeName:Jamie H D,LastName:Cate] [ForeName:Yong-Su,LastName:Jin]
19055772	Metabolic engineering of Saccharomyces cerevisiae for the production of n-butanol.	"Increasing energy costs and environmental concerns have motivated engineering microbes for the production of ""second generation"" biofuels that have better properties than ethanol."	Microbial cell factories	2008	2621116.0	10.1186/1475-2859-7-36	Journal Article,	[ForeName:Eric J,LastName:Steen] [ForeName:Rossana,LastName:Chan] [ForeName:Nilu,LastName:Prasad] [ForeName:Samuel,LastName:Myers] [ForeName:Christopher J,LastName:Petzold] [ForeName:Alyssa,LastName:Redding] [ForeName:Mario,LastName:Ouellet] [ForeName:Jay D,LastName:Keasling]
17630301	Metabolic engineering of Saccharomyces cerevisiae for conversion of D-glucose to xylitol and other five-carbon sugars and sugar alcohols.	Recombinant Saccharomyces cerevisiae strains that produce the sugar alcohols xylitol and ribitol and the pentose sugar D-ribose from D-glucose in a single fermentation step are described. A transketolase-deficient S. cerevisiae strain accumulated D-xylulose 5-phosphate intracellularly and released ribitol and pentose sugars (D-ribose, D-ribulose, and D-xylulose) into the growth medium. Expression of the xylitol dehydrogenase-encoding gene XYL2 of Pichia stipitis in the transketolase-deficient strain resulted in an 8.5-fold enhancement of the total amount of the excreted sugar alcohols ribitol and xylitol. The additional introduction of the 2-deoxy-glucose 6-phosphate phosphatase-encoding gene DOG1 into the transketolase-deficient strain expressing the XYL2 gene resulted in a further 1.6-fold increase in ribitol production. Finally, deletion of the endogenous xylulokinase-encoding gene XKS1 was necessary to increase the amount of xylitol to 50% of the 5-carbon sugar alcohols excreted.	Applied and environmental microbiology	2007	2042063.0	10.1128/AEM.02707-06	Evaluation Study,Journal Article,Research Support, Non-U.S. Gov't,	[ForeName:Mervi H,LastName:Toivari] [ForeName:Laura,LastName:Ruohonen] [ForeName:Andrei N,LastName:Miasnikov] [ForeName:Peter,LastName:Richard] [ForeName:Merja,LastName:Penttilä]
24610848	Efficient synthesis of eriodictyol from L-tyrosine in Escherichia coli.	The health benefits of flavonoids for humans are increasingly attracting attention. Because the extraction of high-purity flavonoids from plants presents a major obstacle, interest has emerged in biosynthesizing them using microbial hosts. Eriodictyol is a flavonoid with anti-inflammatory and antioxidant activities. Its efficient synthesis has been hampered by two factors: the poor expression of cytochrome P450 and the low intracellular malonyl coenzyme A (malonyl-CoA) concentration in Escherichia coli. To address these issues, a truncated plant P450 flavonoid, flavonoid 3'-hydroxylase (tF3'H), was functionally expressed as a fusion protein with a truncated P450 reductase (tCPR) in E. coli. This allowed the engineered E. coli to produce eriodictyol from l-tyrosine by simultaneously coexpressing the fusion protein with tyrosine ammonia lyase (TAL), 4-coumarate-CoA ligase (4CL), chalcone synthase (CHS), and chalcone isomerase (CHI). In addition, metabolic engineering was employed to enhance the availability of malonyl-CoA so as to achieve a new metabolic balance and rebalance the relative expression of genes to enhance eriodictyol accumulation. This approach made the production of eriodictyol 203% higher than that in the control strain. By using these strategies, the production of eriodictyol from l-tyrosine reached 107 mg/liter. The present work offers an approach to the efficient synthesis of other hydroxylated flavonoids from l-tyrosine or even glucose in E. coli.	Applied and environmental microbiology	2014	4018925.0	10.1128/AEM.03986-13	Evaluation Study,Journal Article,Research Support, Non-U.S. Gov't,	[ForeName:Saijie,LastName:Zhu] [ForeName:Junjun,LastName:Wu] [ForeName:Guocheng,LastName:Du] [ForeName:Jingwen,LastName:Zhou] [ForeName:Jian,LastName:Chen]
18773150	Re-engineering Escherichia coli for ethanol production.	A lactate producing derivative of Escherichia coli KO11, strain SZ110, was re-engineered for ethanol production by deleting genes encoding all fermentative routes for NADH and randomly inserting a promoterless mini-Tn5 cassette (transpososome) containing the complete Zymomonas mobilis ethanol pathway (pdc, adhA, and adhB) into the chromosome. By selecting for fermentative growth in mineral salts medium containing xylose, a highly productive strain was isolated in which the ethanol cassette had been integrated behind the rrlE promoter, designated strain LY160(KO11, Deltafrd::celY(Ec) DeltaadhE DeltaldhA, DeltaackA lacA::casAB(Ko) rrlE::(pdc( Zm)-adhA(Zm)-adhB(Zm)-FRT-rrlE)pflB(+)). This strain fermented 9% (w/v) xylose to 4% (w/v) ethanol in 48 h in mineral salts medium, nearly equal to the performance of KO11 with Luria broth.	Biotechnology letters	2008		10.1007/s10529-008-9821-3	Journal Article,Research Support, Non-U.S. Gov't,Research Support, U.S. Gov't, Non-P.H.S.,	[ForeName:L P,LastName:Yomano] [ForeName:S W,LastName:York] [ForeName:S,LastName:Zhou] [ForeName:K T,LastName:Shanmugam] [ForeName:L O,LastName:Ingram]
24328131	Optimization of a yeast RNA interference system for controlling gene expression and enabling rapid metabolic engineering.	Reduction of endogenous gene expression is a fundamental operation of metabolic engineering, yet current methods for gene knockdown (i.e., genome editing) remain laborious and slow, especially in yeast. In contrast, RNA interference allows facile and tunable gene knockdown via a simple plasmid transformation step, enabling metabolic engineers to rapidly prototype knockdown strategies in multiple strains before expending significant cost to undertake genome editing. Although RNAi is naturally present in a myriad of eukaryotes, it has only been recently implemented in Saccharomyces cerevisiae as a heterologous pathway and so has not yet been optimized as a metabolic engineering tool. In this study, we elucidate a set of design principles for the construction of hairpin RNA expression cassettes in yeast and implement RNA interference to quickly identify routes for improvement of itaconic acid production in this organism. The approach developed here enables rapid prototyping of knockdown strategies and thus accelerates and reduces the cost of the design-build-test cycle in yeast.	ACS synthetic biology	2014		10.1021/sb4001432	Journal Article,Research Support, Non-U.S. Gov't,Research Support, U.S. Gov't, Non-P.H.S.,	[ForeName:Nathan C,LastName:Crook] [ForeName:Alexander C,LastName:Schmitz] [ForeName:Hal S,LastName:Alper]
17468269	Engineering central metabolic pathways for high-level flavonoid production in Escherichia coli.	The identification of optimal genotypes that result in improved production of recombinant metabolites remains an engineering conundrum. In the present work, various strategies to reengineer central metabolism in Escherichia coli were explored for robust synthesis of flavanones, the common precursors of plant flavonoid secondary metabolites. Augmentation of the intracellular malonyl coenzyme A (malonyl-CoA) pool through the coordinated overexpression of four acetyl-CoA carboxylase (ACC) subunits from Photorhabdus luminescens (PlACC) under a constitutive promoter resulted in an increase in flavanone production up to 576%. Exploration of macromolecule complexes to optimize metabolic efficiency demonstrated that auxiliary expression of PlACC with biotin ligase from the same species (BirAPl) further elevated flavanone synthesis up to 1,166%. However, the coexpression of PlACC with Escherichia coli BirA (BirAEc) caused a marked decrease in flavanone production. Activity improvement was reconstituted with the coexpression of PlACC with a chimeric BirA consisting of the N terminus of BirAEc and the C terminus of BirAPl. In another approach, high levels of flavanone synthesis were achieved through the amplification of acetate assimilation pathways combined with the overexpression of ACC. Overall, the metabolic engineering of central metabolic pathways described in the present work increased the production of pinocembrin, naringenin, and eriodictyol in 36 h up to 1,379%, 183%, and 373%, respectively, over production with the strains expressing only the flavonoid pathway, which corresponded to 429 mg/liter, 119 mg/liter, and 52 mg/liter, respectively.	Applied and environmental microbiology	2007	1932724.0	10.1128/AEM.00200-07	Comparative Study,Journal Article,Research Support, Non-U.S. Gov't,Research Support, U.S. Gov't, Non-P.H.S.,	[ForeName:Effendi,LastName:Leonard] [ForeName:Kok-Hong,LastName:Lim] [ForeName:Phan-Nee,LastName:Saw] [ForeName:Mattheos A G,LastName:Koffas]
16927085	Genome-scale in silico aided metabolic analysis and flux comparisons of Escherichia coli to improve succinate production.	In the post-genome era, it is one challenge to understand the cellular metabolism at the systematic levels. Mathematical modeling of microorganisms and subsequent computer simulation are effective tools for systems biology. In this paper, based on the genome-scale Escherichia coli stoichiometric model iJR904, through the GAMS linear programming package, the in silico maximal succinate yield was estimated to be 1.714 mol/mol glucose. When another two constraints were added, the maximal succinate yield dropped to 1.60 mol/mol glucose. Further analysis substantiated the uniqueness of the flux distribution under such constraints. After comparisons with the metabolic flux analysis (MFA) results computed from the wet experimental data of the three kinds of E. coli, three potential improvement target sites, the glucose phosphotransferase transport system, the pyruvate carboxylase, and the glyoxylate shunt, were identified and selected for the genetic modifications. All the three genetic modified strains showed increased succinate yield. The final strain TUQ19/pQZ6 had a high yield of 1.29 mol succinate/mol glucose and high productivity. The success of the above experiments proved that this in silico optimal succinate production pathway is reasonable and practical. This method may also be used as a general strategy to help enhance the yields of other favorable metabolites in E. coli.	Applied microbiology and biotechnology	2006		10.1007/s00253-006-0535-y	Comparative Study,Journal Article,Research Support, Non-U.S. Gov't,	[ForeName:Qingzhao,LastName:Wang] [ForeName:Xun,LastName:Chen] [ForeName:Yudi,LastName:Yang] [ForeName:Xueming,LastName:Zhao]
25466225	Metabolic engineering of Saccharomyces cerevisiae to improve 1-hexadecanol production.	Fatty alcohols are important components of a vast array of surfactants, lubricants, detergents, pharmaceuticals and cosmetics. We have engineered Saccharomyces cerevisiae to produce 1-hexadecanol by expressing a fatty acyl-CoA reductase (FAR) from barn owl (Tyto alba). In order to improve fatty alcohol production, we have manipulated both the structural genes and the regulatory genes in yeast lipid metabolism. The acetyl-CoA carboxylase gene (ACC1) was over-expressed, which improved 1-hexadecanol production by 56% (from 45mg/L to 71mg/L). Knocking out the negative regulator of the INO1 gene in phospholipid metabolism, RPD3, further enhanced 1-hexadecanol production by 98% (from 71mg/L to 140mg/L). The cytosolic acetyl-CoA supply was next engineered by expressing a heterologous ATP-dependent citrate lyase, which increased the production of 1-hexadecanol by an additional 136% (from 140mg/L to 330mg/L). Through fed-batch fermentation using resting cells, over 1.1g/L 1-hexadecanol can be produced in glucose minimal medium, which represents the highest titer reported in yeast to date.	Metabolic engineering	2015		10.1016/j.ymben.2014.10.001	Journal Article,Research Support, Non-U.S. Gov't,	[ForeName:Xueyang,LastName:Feng] [ForeName:Jiazhang,LastName:Lian] [ForeName:Huimin,LastName:Zhao]
24858789	Two-stage transcriptional reprogramming in Saccharomyces cerevisiae for optimizing ethanol production from xylose.	"Conversion of lignocellulosic material to ethanol is a major challenge in second generation bio-fuel production by yeast Saccharomyces cerevisiae. This report describes a novel strategy named ""two-stage transcriptional reprogramming (TSTR)"" in which key gene expression at both glucose and xylose fermentation phases is optimized in engineered S. cerevisiae. Through a combined genome-wide screening of stage-specific promoters and the balancing of the metabolic flux, ethanol yields and productivity from mixed sugars were significantly improved. In a medium containing 50g/L glucose and 50g/L xylose, the top-performing strain WXY12 rapidly consumed glucose within 12h and within 84h it consistently achieved an ethanol yield of 0.48g/g total sugar, which was 94% of the theoretical yield. WXY12 utilizes a KGD1 inducible promoter to drive xylose metabolism, resulting in much higher ethanol yield than a reference strain using a strong constitutive PGK1 promoter. These promising results validate the TSTR strategy by synthetically regulating the xylose assimilation pathway towards efficient xylose fermentation."	Metabolic engineering	2014		10.1016/j.ymben.2014.05.001	Journal Article,Research Support, Non-U.S. Gov't,	[ForeName:Limin,LastName:Cao] [ForeName:Xingliang,LastName:Tang] [ForeName:Xinyuan,LastName:Zhang] [ForeName:Jingtao,LastName:Zhang] [ForeName:Xuelei,LastName:Tian] [ForeName:Jingyu,LastName:Wang] [ForeName:Mingyong,LastName:Xiong] [ForeName:Wei,LastName:Xiao]
21130896	Comprehensive engineering of Escherichia coli for enhanced expression of IgG antibodies.	The expression of IgG antibodies in Escherichia coli is of increasing interest for analytical and therapeutic applications. In this work, we describe a comprehensive and systematic approach to the development of a dicistronic expression system for enhanced IgG expression in E. coli encompassing: (i) random mutagenesis and high-throughput screening for the isolation of over-expressing strains using flow cytometry and (ii) optimization of translation initiation via the screening of libraries of synonymous codons in the 5' region of the second cistron (heavy chain). The effects of different promoters and co-expression of molecular chaperones on full-length IgG production were also investigated. The optimized system resulted in reliable expression of fully assembled IgG at yields between 1 and 4 mg/L of shake flask culture for different antibodies.	Metabolic engineering	2011	3057344.0	10.1016/j.ymben.2010.11.002	Journal Article,Research Support, N.I.H., Extramural,Research Support, Non-U.S. Gov't,	[ForeName:Tomohiro,LastName:Makino] [ForeName:Georgios,LastName:Skretas] [ForeName:Tae-Hyun,LastName:Kang] [ForeName:George,LastName:Georgiou]
24512078	Production of shikimic acid from Escherichia coli through chemically inducible chromosomal evolution and cofactor metabolic engineering.	Shikimic acid (SA) produced from the seeds of Chinese star anise (Illicium verum) is a key intermediate for the synthesis of neuraminidase inhibitors such as oseltamivir (Tamiflu®), an anti-influenza drug. However, plants cannot deliver a stable supply of SA. To avoid the resulting shortages and price fluctuations, a stable source of affordable SA is required. Although recent achievements in metabolic engineering of Escherichia coli strains have significantly increased SA productivity, commonly-used plasmid-based expression systems are prone to genetic instability and require constant selective pressure to ensure plasmid maintenance. Cofactors also play an important role in the biosynthesis of different fermentation products. In this study, we first constructed an E. coli SA production strain that carries no plasmid or antibiotic marker. We then investigated the effect of endogenous NADPH availability on SA production.	Microbial cell factories	2014	3923554.0	10.1186/1475-2859-13-21	Journal Article,Research Support, Non-U.S. Gov't,	[ForeName:Yan-Yan,LastName:Cui] [ForeName:Chen,LastName:Ling] [ForeName:Yuan-Yuan,LastName:Zhang] [ForeName:Jian,LastName:Huang] [ForeName:Jian-Zhong,LastName:Liu]
17768247	Ethanol production from xylose by recombinant Saccharomyces cerevisiae expressing protein-engineered NADH-preferring xylose reductase from Pichia stipitis.	A recombinant Saccharomyces cerevisiae strain transformed with xylose reductase (XR) and xylitol dehydrogenase (XDH) genes from Pichia stipitis (PsXR and PsXDH, respectively) has the ability to convert xylose to ethanol together with the unfavourable excretion of xylitol, which may be due to intercellular redox imbalance caused by the different coenzyme specificity between NADPH-preferring XR and NAD(+)-dependent XDH. In this study, we focused on the effect(s) of mutated NADH-preferring PsXR in fermentation. The R276H and K270R/N272D mutants were improved 52- and 146-fold, respectively, in the ratio of NADH/NADPH in catalytic efficiency [(k(cat)/K(m) with NADH)/(k(cat)/K(m) with NADPH)] compared with the wild-type (WT), which was due to decrease of k(cat) with NADPH in the R276H mutant and increase of K(m) with NADPH in the K270R/N272D mutant. Furthermore, R276H mutation led to significant thermostabilization in PsXR. The most positive effect on xylose fermentation to ethanol was found by using the Y-R276H strain, expressing PsXR R276H mutant and PsXDH WT: 20 % increase of ethanol production and 52 % decrease of xylitol excretion, compared with the Y-WT strain expressing PsXR WT and PsXDH WT. Measurement of intracellular coenzyme concentrations suggested that maintenance of the of NADPH/NADP(+) and NADH/NAD(+) ratios is important for efficient ethanol fermentation from xylose by recombinant S. cerevisiae.	Microbiology (Reading, England)	2007		10.1099/mic.0.2007/007856-0	Evaluation Study,Journal Article,Research Support, Non-U.S. Gov't,	[ForeName:Seiya,LastName:Watanabe] [ForeName:Ahmed,LastName:Abu Saleh] [ForeName:Seung Pil,LastName:Pack] [ForeName:Narayana,LastName:Annaluru] [ForeName:Tsutomu,LastName:Kodaki] [ForeName:Keisuke,LastName:Makino]
23300594	Fumaric acid production in Saccharomyces cerevisiae by in silico aided metabolic engineering.	Fumaric acid (FA) is a promising biomass-derived building-block chemical. Bio-based FA production from renewable feedstock is a promising and sustainable alternative to petroleum-based chemical synthesis. Here we report on FA production by direct fermentation using metabolically engineered Saccharomyces cerevisiae with the aid of in silico analysis of a genome-scale metabolic model. First, FUM1 was selected as the target gene on the basis of extensive literature mining. Flux balance analysis (FBA) revealed that FUM1 deletion can lead to FA production and slightly lower growth of S. cerevisiae. The engineered S. cerevisiae strain obtained by deleting FUM1 can produce FA up to a concentration of 610±31 mg L(-1) without any apparent change in growth in fed-batch culture. FT-IR and (1)H and (13)C NMR spectra confirmed that FA was synthesized by the engineered S. cerevisiae strain. FBA identified pyruvate carboxylase as one of the factors limiting higher FA production. When the RoPYC gene was introduced, S. cerevisiae produced 1134±48 mg L(-1) FA. Furthermore, the final engineered S. cerevisiae strain was able to produce 1675±52 mg L(-1) FA in batch culture when the SFC1 gene encoding a succinate-fumarate transporter was introduced. These results demonstrate that the model shows great predictive capability for metabolic engineering. Moreover, FA production in S. cerevisiae can be efficiently developed with the aid of in silico metabolic engineering.	PloS one	2012	3530589.0	10.1371/journal.pone.0052086	Journal Article,Research Support, Non-U.S. Gov't,	[ForeName:Guoqiang,LastName:Xu] [ForeName:Wei,LastName:Zou] [ForeName:Xiulai,LastName:Chen] [ForeName:Nan,LastName:Xu] [ForeName:Liming,LastName:Liu] [ForeName:Jian,LastName:Chen]
22519412	Isoprene hydrocarbons production upon heterologous transformation of Saccharomyces cerevisiae.	  Isoprene (2-methyl-1,3-butadiene; C(5) H(8) ) is naturally produced by photosynthesis and emitted in the atmosphere by the leaves of many herbaceous, deciduous and woody plants. Fermentative yeast and fungi (Ascomycota) are not genetically endowed with the isoprene production process. The work investigated whether Ascomycota can be genetically modified and endowed with the property of constitutive isoprene production.	Journal of applied microbiology	2012		10.1111/j.1365-2672.2012.05319.x	Journal Article,Research Support, Non-U.S. Gov't,	[ForeName:S-Y,LastName:Hong] [ForeName:A S,LastName:Zurbriggen] [ForeName:A,LastName:Melis]
24853351	Design and construction of acetyl-CoA overproducing Saccharomyces cerevisiae strains.	Saccharomyces cerevisiae has increasingly been engineered as a cell factory for efficient and economic production of fuels and chemicals from renewable resources. Notably, a wide variety of industrially important products are derived from the same precursor metabolite, acetyl-CoA. However, the limited supply of acetyl-CoA in the cytosol, where biosynthesis generally happens, often leads to low titer and yield of the desired products in yeast. In the present work, combined strategies of disrupting competing pathways and introducing heterologous biosynthetic pathways were carried out to increase acetyl-CoA levels by using the CoA-dependent n-butanol production as a reporter. By inactivating ADH1 and ADH4 for ethanol formation and GPD1 and GPD2 for glycerol production, the glycolytic flux was redirected towards acetyl-CoA, resulting in 4-fold improvement in n-butanol production. Subsequent introduction of heterologous acetyl-CoA biosynthetic pathways, including pyruvate dehydrogenase (PDH), ATP-dependent citrate lyase (ACL), and PDH-bypass, further increased n-butanol production. Recombinant PDHs localized in the cytosol (cytoPDHs) were found to be the most efficient, which increased n-butanol production by additional 3 fold. In total, n-butanol titer and acetyl-CoA concentration were increased more than 12 fold and 3 fold, respectively. By combining the most effective and complementary acetyl-CoA pathways, more than 100mg/L n-butanol could be produced using high cell density fermentation, which represents the highest titer ever reported in yeast using the clostridial CoA-dependent pathway.	Metabolic engineering	2014		10.1016/j.ymben.2014.05.010	Journal Article,Research Support, Non-U.S. Gov't,	[ForeName:Jiazhang,LastName:Lian] [ForeName:Tong,LastName:Si] [ForeName:Nikhil U,LastName:Nair] [ForeName:Huimin,LastName:Zhao]
14982993	Engineering Escherichia coli for efficient conversion of glucose to pyruvate.	Escherichia coli TC44, a derivative of W3110, was engineered for the production of pyruvate from glucose by combining mutations to minimize ATP yield, cell growth, and CO2 production (DeltaatpFH DeltaadhE DeltasucA) with mutations that eliminate acetate production [poxB::FRT (FLP recognition target) DeltaackA] and fermentation products (DeltafocA-pflB DeltafrdBC DeltaldhA DeltaadhE). In mineral salts medium containing glucose as the sole carbon source, strain TC44(DeltafocA-pflB DeltafrdBC DeltaldhA DeltaatpFH DeltaadhE DeltasucA poxB::FRT DeltaackA) converted glucose to pyruvate with a yield of 0.75 g of pyruvate per g of glucose (77.9% of theoretical yield; 1.2 g of pyruvate liters(-1).h(-1)). A maximum of 749 mM pyruvate was produced with excess glucose. Glycolytic flux was >50% faster for TC44 producing pyruvate than for the wild-type W3110 during fully aerobic metabolism. The tolerance of E. coli to such drastic changes in metabolic flow and energy production implies considerable elasticity in permitted pool sizes for key metabolic intermediates such as pyruvate and acetyl-CoA. In strain TC44, pyruvate yield, pyruvate titer, and the rate of pyruvate production in mineral salts medium were equivalent or better than previously reported for other biocatalysts (yeast and bacteria) requiring complex vitamin feeding strategies and complex nutrients. TC44 offers the potential to improve the economics of pyruvate production by reducing the costs of materials, product purification, and waste disposal.	Proceedings of the National Academy of Sciences of the United States of America	2004	356934.0	10.1073/pnas.0308171100	Comparative Study,Journal Article,Research Support, U.S. Gov't, Non-P.H.S.,	[ForeName:T B,LastName:Causey] [ForeName:K T,LastName:Shanmugam] [ForeName:L P,LastName:Yomano] [ForeName:L O,LastName:Ingram]
22752168	Production of aromatic compounds by metabolically engineered Escherichia coli with an expanded shikimate pathway.	Escherichia coli was metabolically engineered by expanding the shikimate pathway to generate strains capable of producing six kinds of aromatic compounds, phenyllactic acid, 4-hydroxyphenyllactic acid, phenylacetic acid, 4-hydroxyphenylacetic acid, 2-phenylethanol, and 2-(4-hydroxyphenyl)ethanol, which are used in several fields of industries including pharmaceutical, agrochemical, antibiotic, flavor industries, etc. To generate strains that produce phenyllactic acid and 4-hydroxyphenyllactic acid, the lactate dehydrogenase gene (ldhA) from Cupriavidus necator was introduced into the chromosomes of phenylalanine and tyrosine overproducers, respectively. Both the phenylpyruvate decarboxylase gene (ipdC) from Azospirillum brasilense and the phenylacetaldehyde dehydrogenase gene (feaB) from E. coli were introduced into the chromosomes of phenylalanine and tyrosine overproducers to generate phenylacetic acid and 4-hydroxyphenylacetic acid producers, respectively, whereas ipdC and the alcohol dehydrogenase gene (adhC) from Lactobacillus brevis were introduced to generate 2-phenylethanol and 2-(4-hydroxyphenyl)ethanol producers, respectively. Expression of the respective introduced genes was controlled by the T7 promoter. While generating the 2-phenylethanol and 2-(4-hydroxyphenyl)ethanol producers, we found that produced phenylacetaldehyde and 4-hydroxyphenylacetaldehyde were automatically reduced to 2-phenylethanol and 2-(4-hydroxyphenyl)ethanol by endogenous aldehyde reductases in E. coli encoded by the yqhD, yjgB, and yahK genes. Cointroduction and cooverexpression of each gene with ipdC in the phenylalanine and tyrosine overproducers enhanced the production of 2-phenylethanol and 2-(4-hydroxyphenyl)ethanol from glucose. Introduction of the yahK gene yielded the most efficient production of both aromatic alcohols. During the production of 2-phenylethanol, 2-(4-hydroxyphenyl)ethanol, phenylacetic acid, and 4-hydroxyphenylacetic acid, accumulation of some by-products were observed. Deletion of feaB, pheA, and/or tyrA genes from the chromosomes of the constructed strains resulted in increased desired aromatic compounds with decreased by-products. Finally, each of the six constructed strains was able to successfully produce a different aromatic compound as a major product. We show here that six aromatic compounds are able to be produced from renewable resources without supplementing with expensive precursors.	Applied and environmental microbiology	2012	3416637.0	10.1128/AEM.01148-12	Journal Article,Research Support, Non-U.S. Gov't,	[ForeName:Daisuke,LastName:Koma] [ForeName:Hayato,LastName:Yamanaka] [ForeName:Kunihiko,LastName:Moriyoshi] [ForeName:Takashi,LastName:Ohmoto] [ForeName:Kiyofumi,LastName:Sakai]
19763290	Enantioselective synthesis of pure (R,R)-2,3-butanediol in Escherichia coli with stereospecific secondary alcohol dehydrogenases.	We characterized the activity and stereospecificity of four secondary alcohol dehydrogenases (sADHs) towards acetoin reduction and constructed synthetic pathways in E. coli to produce enantiomerically pure (R,R)-2,3-butanediol (2,3-BDO) from glucose with a titer of 6.1 g/L (enantio purity >99%), and yield of 0.31 g product/g glucose (62% of theoretical maximum).	Organic & biomolecular chemistry	2009		10.1039/b913501d	Journal Article,	[ForeName:Yajun,LastName:Yan] [ForeName:Chia-Chi,LastName:Lee] [ForeName:James C,LastName:Liao]
21541714	Development of L-tryptophan production strains by defined genetic modification in Escherichia coli.	Construction and improvement of industrial strains play a central role in the commercial development of microbial fermentation processes. L-tryptophan producers have usually been developed by classical random mutagenesis due to its complicated metabolic network and regulatory mechanism. However, in the present study, an L-tryptophan overproducing Escherichia coli strain was developed by defined genetic modification methodology. Feedback inhibitions of 3-deoxy-D-arabinoheptulosonate 7-phosphate synthase (AroF) and anthranilate synthase (TrpED) were eliminated by site-directed mutagenesis. Expression of deregulated AroF and TrpED was achieved by using a temperature-inducible expression plasmid pSV. Transcriptional regulation of trp repressor was removed by deleting trpR. Pathway for L-Trp degradation was removed by deleting tnaA. L-phenylalanine and L-tyrosine biosynthesis pathways that compete with L-tryptophan biosynthesis were blocked by deleting their critical genes (pheA and tyrA). The final engineered E. coli can produce 13.3 g/l of L-tryptophan. Fermentation characteristics of the engineered strains were also analyzed.	Journal of industrial microbiology & biotechnology	2011		10.1007/s10295-011-0978-8	Journal Article,Research Support, Non-U.S. Gov't,	[ForeName:Zhi-Jun,LastName:Zhao] [ForeName:Chun,LastName:Zou] [ForeName:Yi-Xing,LastName:Zhu] [ForeName:Jun,LastName:Dai] [ForeName:Sheng,LastName:Chen] [ForeName:Dan,LastName:Wu] [ForeName:Jing,LastName:Wu] [ForeName:Jian,LastName:Chen]
21642415	Redesigning Escherichia coli metabolism for anaerobic production of isobutanol.	Fermentation enables the production of reduced metabolites, such as the biofuels ethanol and butanol, from fermentable sugars. This work demonstrates a general approach for designing and constructing a production host that uses a heterologous pathway as an obligately fermentative pathway to produce reduced metabolites, specifically, the biofuel isobutanol. Elementary mode analysis was applied to design an Escherichia coli strain optimized for isobutanol production under strictly anaerobic conditions. The central metabolism of E. coli was decomposed into 38,219 functional, unique, and elementary modes (EMs). The model predictions revealed that during anaerobic growth E. coli cannot produce isobutanol as the sole fermentative product. By deleting 7 chromosomal genes, the total 38,219 EMs were constrained to 12 EMs, 6 of which can produce high yields of isobutanol in a range from 0.29 to 0.41 g isobutanol/g glucose under anaerobic conditions. The remaining 6 EMs rely primarily on the pyruvate dehydrogenase enzyme complex (PDHC) and are typically inhibited under anaerobic conditions. The redesigned E. coli strain was constrained to employ the anaerobic isobutanol pathways through deletion of 7 chromosomal genes, addition of 2 heterologous genes, and overexpression of 5 genes. Here we present the design, construction, and characterization of an isobutanol-producing E. coli strain to illustrate the approach. The model predictions are evaluated in relation to experimental data and strategies proposed to improve anaerobic isobutanol production. We also show that the endogenous alcohol/aldehyde dehydrogenase AdhE is the key enzyme responsible for the production of isobutanol and ethanol under anaerobic conditions. The glycolytic flux can be controlled to regulate the ratio of isobutanol to ethanol production.	Applied and environmental microbiology	2011	3147371.0	10.1128/AEM.00382-11	Journal Article,	[ForeName:Cong T,LastName:Trinh] [ForeName:Johnny,LastName:Li] [ForeName:Harvey W,LastName:Blanch] [ForeName:Douglas S,LastName:Clark]
23216753	De novo production of the flavonoid naringenin in engineered Saccharomyces cerevisiae.	Flavonoids comprise a large family of secondary plant metabolic intermediates that exhibit a wide variety of antioxidant and human health-related properties. Plant production of flavonoids is limited by the low productivity and the complexity of the recovered flavonoids. Thus to overcome these limitations, metabolic engineering of specific pathway in microbial systems have been envisaged to produce high quantity of a single molecules.	Microbial cell factories	2012	3539886.0	10.1186/1475-2859-11-155	Journal Article,Research Support, Non-U.S. Gov't,	[ForeName:Frank,LastName:Koopman] [ForeName:Jules,LastName:Beekwilder] [ForeName:Barbara,LastName:Crimi] [ForeName:Adele,LastName:van Houwelingen] [ForeName:Robert D,LastName:Hall] [ForeName:Dirk,LastName:Bosch] [ForeName:Antonius J A,LastName:van Maris] [ForeName:Jack T,LastName:Pronk] [ForeName:Jean-Marc,LastName:Daran]
21713510	Engineering Escherichia coli for efficient cellobiose utilization.	Escherichia coli normally cannot utilize the β-glucoside sugar cellobiose as a carbon and energy source unless a stringent selection pressure for survival is present. The cellobiose-utilization phenotype can be conferred by mutations in the two cryptic operons, chb and asc. In this study, the cellobiose-utilization phenotype was conferred to E. coli by replacing the cryptic promoters of these endogenous operons with a constitutive promoter. Evolutionary adaptation of the engineered strain CP12CHBASC by repeated subculture in cellobiose-containing minimal medium led to an increase in the rate of cellobiose uptake and cell growth on cellobiose. An efficient cellobiose-metabolizing E. coli strain would be of great importance over glucose-metabolizing E. coli for a simultaneous saccharification and fermentation process, as the cost of the process would be reduced by eliminating one of the three enzymes needed to hydrolyze cellulose into simple sugars.	Applied microbiology and biotechnology	2011		10.1007/s00253-011-3434-9	Journal Article,Research Support, Non-U.S. Gov't,	[ForeName:Parisutham,LastName:Vinuselvi] [ForeName:Sung Kuk,LastName:Lee]
14532024	Engineering Escherichia coli for increased productivity of serine-rich proteins based on proteome profiling.	Variations in proteome profiles of Escherichia coli in response to the overproduction of human leptin, a serine-rich (11.6% of total amino acids) protein, were examined by two-dimensional gel electrophoresis. The levels of heat shock proteins increased, while those of protein elongation factors, 30S ribosomal protein, and some enzymes involved in amino acid biosynthesis decreased, after leptin overproduction. Most notably, the levels of enzymes involved in the biosynthesis of serine family amino acids significantly decreased. Based on this information, we designed a strategy to enhance the leptin productivity by manipulating the cysK gene, encoding cysteine synthase A. By coexpression of the cysK gene, we were able to increase the cell growth rate by approximately twofold. Also, the specific leptin productivity could be increased by fourfold. In addition, we found that cysK coexpression can improve the production of another serine-rich protein, interleukin-12 beta chain, suggesting that this strategy may be useful for the production of other serine-rich proteins as well. The approach taken in this study should be useful in designing a strategy for improving recombinant protein production.	Applied and environmental microbiology	2003	201230.0	10.1128/AEM.69.10.5772-5781.2003	Evaluation Study,Journal Article,Research Support, Non-U.S. Gov't,	[ForeName:Mee-Jung,LastName:Han] [ForeName:Ki Jun,LastName:Jeong] [ForeName:Jong-Shin,LastName:Yoo] [ForeName:Sang Yup,LastName:Lee]
22124721	Computational identification of gene over-expression targets for metabolic engineering of taxadiene production.	Taxadiene is the first dedicated intermediate in the biosynthetic pathway of the anticancer compound Taxol. Recent studies have taken advantage of heterologous hosts to produce taxadiene and other isoprenoid compounds, and such ventures now offer research opportunities that take advantage of the engineering tools associated with the surrogate host. In this study, metabolic engineering was applied in the context of over-expression targets predicted to improve taxadiene production. Identified targets included genes both within and outside of the isoprenoid precursor pathway. These targets were then tested for experimental over-expression in a heterologous Escherichia coli host designed to support isoprenoid biosynthesis. Results confirmed the computationally predicted improvements and indicated a synergy between targets within the expected isoprenoid precursor pathway and those outside this pathway. The presented algorithm is broadly applicable to other host systems and/or product choices.	Applied microbiology and biotechnology	2012	9896017.0	10.1007/s00253-011-3725-1	Journal Article,Research Support, N.I.H., Extramural,Research Support, Non-U.S. Gov't,	[ForeName:Brett A,LastName:Boghigian] [ForeName:John,LastName:Armando] [ForeName:Daniel,LastName:Salas] [ForeName:Blaine A,LastName:Pfeifer]
23455340	Metabolic engineering for L-glutamine overproduction by using DNA gyrase mutations in Escherichia coli.	An L-glutamine-overproducing mutant of an Escherichia coli K-12-derived strain was selected from randomly mutagenized cells in the course of L-alanyl-L-glutamine strain development. Genome-wide mutation analysis unveiled a novel mechanism for L-glutamine overproduction in this mutant. Three mutations were identified that are related to the L-glutamine overproduction phenotype, namely, an intergenic mutation in the 5'-flanking region of yeiG and two nonsynonymous mutations in gyrA (Gly821Ser and Asp830Asn). Expression of yeiG, which encodes a putative esterase, was enhanced by the intergenic mutation. The nonsynonymous mutations in gyrA, a gene that encodes the DNA gyrase α subunit, affected the DNA topology of the cells. Gyrase is a type II topoisomerase that adds negative supercoils to double-stranded DNA. When the opposing DNA-relaxing activity was enhanced by overexpressing topoisomerase I (topA) and topoisomerase IV (parC and parE), an increase in L-glutamine production was observed. These results indicate that a reduction of chromosomal DNA supercoils in the mutant caused an increase in L-glutamine accumulation. The mechanism underlying this finding is discussed in this paper. We also constructed an L-glutamine-hyperproducing strain by attenuating cellular L-glutamine degradation activity. Although the reconstituted mutant (with yeiG together with gyrA) produced 200 mM L-glutamine, metabolic engineering finally enabled construction of a mutant that accumulated more than 500 mM L-glutamine.	Applied and environmental microbiology	2013	3623149.0	10.1128/AEM.03994-12	Journal Article,	[ForeName:Mikiro,LastName:Hayashi] [ForeName:Kazuhiko,LastName:Tabata]
11375660	Disruption of a global regulatory gene to enhance central carbon flux into phenylalanine biosynthesis in Escherichia coli.	"Genetic engineering of microbes for commercial metabolite production traditionally has sought to alter the levels and/or intrinsic activities of key enzymes in relevant biosynthetic pathway(s). Microorganisms exploit similar strategies for flux control, but also coordinate flux through sets of related pathways by using global regulatory circuits. We have engineered a global regulatory system of Escherichia coli, Csr (carbon storage regulator), to increase precursor for aromatic amino acid biosynthesis. Disruption of csrA increases gluconeogenesis, decreases glycolysis, and thus elevates phosphoenolpyruvate, a limiting precursor of aromatics. A strain in which the aromatic (shikimate) pathway had been optimized produced twofold more phenylalanine when csrA was disrupted. Overexpression of tktA (transketolase) to increase the other precursor, erythrose-4-phosphate, yielded approximately 1.4-fold enhancement, while both changes were additive. These effects of csrA were not mediated by increasing the regulatory enzymes of phenylalanine biosynthesis. This study introduces the concept of ""global metabolic engineering"" for second-generation strain improvement."	Current microbiology	2001		10.1007/s002840010255	Journal Article,Research Support, Non-U.S. Gov't,Research Support, U.S. Gov't, Non-P.H.S.,	[ForeName:M,LastName:Tatarko] [ForeName:T,LastName:Romeo]
17196416	Engineering of the pyruvate dehydrogenase bypass in Saccharomyces cerevisiae for high-level production of isoprenoids.	Amorphadiene, a sesquiterpene precursor to the anti-malarial drug artemisinin, is synthesized by the cyclization of farnesyl pyrophosphate (FPP). Saccharomyces cerevisiae produces FPP through the mevalonate pathway using acetyl-CoA as a starting compound. In order to enhance the supply of acetyl-CoA to the mevalonate pathway and achieve high-level production of amorphadiene, we engineered the pyruvate dehydrogenase bypass in S. cerevisiae. Overproduction of acetaldehyde dehydrogenase and introduction of a Salmonella enterica acetyl-CoA synthetase variant increased the carbon flux into the mevalonate pathway resulting in increased amorphadiene production. This work will be generally applicable to the production of a broad range of isoprenoids in yeast.	Metabolic engineering	2007		10.1016/j.ymben.2006.10.005	Journal Article,Research Support, Non-U.S. Gov't,	[ForeName:Yoichiro,LastName:Shiba] [ForeName:Eric M,LastName:Paradise] [ForeName:James,LastName:Kirby] [ForeName:Dae-Kyun,LastName:Ro] [ForeName:Jay D,LastName:Keasling]
12009797	Metabolic engineering through cofactor manipulation and its effects on metabolic flux redistribution in Escherichia coli.	Applications of genetic engineering or metabolic engineering have increased in both academic and industrial institutions. Most current metabolic engineering studies have focused on enzyme levels and on the effect of the amplification, addition, or deletion of a particular pathway. Although it is generally known that cofactors play a major role in the production of different fermentation products, their role has not been thoroughly and systematically studied. It is conceivable that in cofactor-dependent production systems, cofactor availability and the proportion of cofactor in the active form may play an important role in dictating the overall process yield. Hence, the manipulation of these cofactor levels may be crucial in order to further increase production. We have demonstrated that manipulation of cofactors can be achieved by external and genetic means and these manipulations have the potential to be used as an additional tool to achieve desired metabolic goals. We have shown experimentally that the NADH/NAD(+) ratio can be altered by using carbon sources with different oxidation states. We have shown further that the metabolite distribution can be influenced by a change in the NADH/NAD(+) ratio as mediated by the oxidation state of the carbon source used. We have also demonstrated that the total NAD(H/(+)) levels can be increased by the overexpression of the pncB gene. The increase in the total NAD(H/(+)) levels can be achieved even in a complex medium, which is commonly used by most industrial processes. Finally, we have shown that manipulation of the CoA pool/flux can be used to increase the productivity of a model product, isoamyl acetate.	Metabolic engineering	2002		10.1006/mben.2001.0220	Journal Article,Research Support, Non-U.S. Gov't,Research Support, U.S. Gov't, Non-P.H.S.,	[ForeName:Ka-Yiu,LastName:San] [ForeName:George N,LastName:Bennett] [ForeName:Susana J,LastName:Berríos-Rivera] [ForeName:Ravi V,LastName:Vadali] [ForeName:Yea-Tyng,LastName:Yang] [ForeName:Emily,LastName:Horton] [ForeName:Fred B,LastName:Rudolph] [ForeName:Berna,LastName:Sariyar] [ForeName:Kimathi,LastName:Blackwood]
18424547	Minimal Escherichia coli cell for the most efficient production of ethanol from hexoses and pentoses.	To obtain an efficient ethanologenic Escherichia coli strain, we reduced the functional space of the central metabolic network, with eight gene knockout mutations, from over 15,000 pathway possibilities to 6 pathway options that support cell function. The remaining pathways, identified by elementary mode analysis, consist of four pathways with non-growth-associated conversion of pentoses and hexoses into ethanol at theoretical yields and two pathways with tight coupling of anaerobic cell growth with ethanol formation at high yields. Elimination of three additional genes resulted in a strain that selectively grows only on pentoses, even in the presence of glucose, with a high ethanol yield. We showed that the ethanol yields of strains with minimized metabolic functionality closely matched the theoretical predictions. Remarkably, catabolite repression was completely absent during anaerobic growth, resulting in the simultaneous utilization of pentoses and hexoses for ethanol production.	Applied and environmental microbiology	2008	2446564.0	10.1128/AEM.02708-07	Journal Article,Research Support, N.I.H., Extramural,Research Support, Non-U.S. Gov't,	[ForeName:Cong T,LastName:Trinh] [ForeName:Pornkamol,LastName:Unrean] [ForeName:Friedrich,LastName:Srienc]
21732330	Engineering the pentose phosphate pathway to improve hydrogen yield in recombinant Escherichia coli.	Among various routes for the biological hydrogen production, the NAD(P)H-dependent pentose phosphate (PP) pathway is the most efficient for the dark fermentation. Few studies, however, have focused on the glucose-6-phosphate 1-dehydrogenase, encoded by zwf, as a key enzyme activating the PP pathway. Although the gluconeogenic activity is essential for activating the PP pathway, it is difficult to enhance the NADPH production by regulating only this activity because the gluconeogenesis is robust and highly sensitive to concentrations of glucose and AMP inside the cell. In this study, the FBPase II (encoded by glpX), a regulation-insensitive enzyme in the gluconeogenic pathway, was activated. Physiological studies of several recombinant, ferredoxin-dependent hydrogenase system-containing Escherichia coli BL21(DE3) strains showed that overexpression of glpX alone could increase the hydrogen yield by 1.48-fold compared to a strain with the ferredoxin-dependent hydrogenase system only; the co-overexpression of glpX with zwf increased the hydrogen yield further to 2.32-fold. These results indicate that activation of the PP pathway by glpX overexpression-enhanced gluconeogenic flux is crucial for the increase of NAD(P)H-dependent hydrogen production in E. coli BL21(DE3).	Biotechnology and bioengineering	2011		10.1002/bit.23259	Journal Article,Research Support, Non-U.S. Gov't,	[ForeName:Young Mi,LastName:Kim] [ForeName:Han-Saem,LastName:Cho] [ForeName:Gyoo Yeol,LastName:Jung] [ForeName:Jong Moon,LastName:Park]
16885303	Improvement of lactic acid production in Saccharomyces cerevisiae by cell sorting for high intracellular pH.	Yeast strains expressing heterologous L-lactate dehydrogenases can produce lactic acid. Although these microorganisms are tolerant of acidic environments, it is known that at low pH, lactic acid exerts a high level of stress on the cells. In the present study we analyzed intracellular pH (pHi) and viability by staining with cSNARF-4F and ethidium bromide, respectively, of two lactic-acid-producing strains of Saccharomyces cerevisiae, CEN.PK m850 and CEN.PK RWB876. The results showed that the strain producing more lactic acid, CEN.PK m850, has a higher pHi. During batch culture, we observed in both strains a reduction of the mean pHi and the appearance of a subpopulation of cells with low pHi. Simultaneous analysis of pHi and viability proved that the cells with low pHi were dead. Based on the observation that the better lactic-acid-producing strain had a higher pHi and that the cells with low pHi were dead, we hypothesized that we might find better lactic acid producers by screening for cells within the highest pHi range. The screening was performed on UV-mutagenized populations through three consecutive rounds of cell sorting in which only the viable cells within the highest pHi range were selected. The results showed that lactic acid production was significantly improved in the majority of the mutants obtained compared to the parental strains. The best lactic-acid-producing strain was identified within the screening of CEN.PK m850 mutants.	Applied and environmental microbiology	2006	1538745.0	10.1128/AEM.00683-06	Evaluation Study,Journal Article,Research Support, Non-U.S. Gov't,	[ForeName:Minoska,LastName:Valli] [ForeName:Michael,LastName:Sauer] [ForeName:Paola,LastName:Branduardi] [ForeName:Nicole,LastName:Borth] [ForeName:Danilo,LastName:Porro] [ForeName:Diethard,LastName:Mattanovich]
24412568	Utilizing an endogenous pathway for 1-butanol production in Saccharomyces cerevisiae.	Microbial production of higher alcohols from renewable feedstock has attracted intensive attention thanks to its potential as a source for next-generation gasoline substitutes. Here we report the discovery, characterization and engineering of an endogenous 1-butanol pathway in Saccharomyces cerevisiae. Upon introduction of a single gene deletion adh1Δ, S. cerevisiae was able to accumulate more than 120 mg/L 1-butanol from glucose in rich medium. Precursor feeding, ¹³C-isotope labeling and gene deletion experiments demonstrated that the endogenous 1-butanol production was dependent on catabolism of threonine in a manner similar to fusel alcohol production by the Ehrlich pathway. Specifically, the leucine biosynthesis pathway was engaged in the conversion of key 2-keto acid intermediates. Overexpression of the pathway enzymes and elimination of competing pathways achieved the highest reported 1-butanol titer in S. cerevisiae (242.8 mg/L).	Metabolic engineering	2014		10.1016/j.ymben.2014.01.002	Journal Article,Research Support, Non-U.S. Gov't,	[ForeName:Tong,LastName:Si] [ForeName:Yunzi,LastName:Luo] [ForeName:Han,LastName:Xiao] [ForeName:Huimin,LastName:Zhao]
22750670	An engineered E.coli strain for the production of glycoglycerolipids.	The glycolipid synthase MG517 from Mycoplasma genitalium catalyzes the glucosyl transfer from UDPGlc to diacylglycerol producing glycoglycerolipids (GGL) (Andrés et al., 2011). The enzyme was functional in E. coli accumulating GGL in the plasma membrane. A metabolic engineering strategy for GGL production was evaluated using this microorganism. To increase the levels of GGL precursors, UDPGlc and diacylglycerol, GalU and PlsC enzymes involved in their biosynthesis were overexpressed. Seven engineered strains were obtained containing different combinations of the mg517 with galU and plsC genes. Diacylglycerol synthesis showed to be limiting and the strain overexpressing MG517 and PlsC achieved the highest GGL yield. The new lipids were mono, di- and triglucosyldiacylglycerol with different acyl combinations in each compound. It indicates that the successive glucosyl transferase activities of MG517 have different acyl chain specificity for the acceptor substrate. GGL represented up to 6 mg per g of dry weight.	Metabolic engineering	2012		10.1016/j.ymben.2012.06.001	Journal Article,Research Support, Non-U.S. Gov't,	[ForeName:Neus,LastName:Mora-Buyé] [ForeName:Magda,LastName:Faijes] [ForeName:Antoni,LastName:Planas]
17221195	L-tyrosine production by deregulated strains of Escherichia coli.	The excretion of the aromatic amino acid L: -tyrosine was achieved by manipulating three gene targets in the wild-type Escherichia coli K12: The feedback-inhibition-resistant (fbr) derivatives of aroG and tyrA were expressed on a low-copy-number vector, and the TyrR-mediated regulation of the aromatic amino acid biosynthesis was eliminated by deleting the tyrR gene. The generation of this L: -tyrosine producer, strain T1, was based only on the deregulation of the aromatic amino acid biosynthesis pathway, but no structural genes in the genome were affected. A second tyrosine over-producing strain, E. coli T2, was generated considering the possible limitation of precursor substrates. To enhance the availability of the two precursor substrates phosphoenolpyruvate and erythrose-4-phosphate, the ppsA and the tktA genes were over-expressed in the strain T1 background, increasing L: -tyrosine production by 80% in 50-ml batch cultures. Fed-batch fermentations revealed that L: -tyrosine production was tightly correlated with cell growth, exhibiting the maximum productivity at the end of the exponential growth phase. The final L: -tyrosine concentrations were 3.8 g/l for E. coli T1 and 9.7 g/l for E. coli T2 with a yield of L: -tyrosine per glucose of 0.037 g/g (T1) and 0.102 g/g (T2), respectively.	Applied microbiology and biotechnology	2007		10.1007/s00253-006-0792-9	Evaluation Study,Journal Article,Research Support, Non-U.S. Gov't,	[ForeName:Tina,LastName:Lütke-Eversloh] [ForeName:Gregory,LastName:Stephanopoulos]
23148661	Enhancing solubility of deoxyxylulose phosphate pathway enzymes for microbial isoprenoid production.	Recombinant proteins are routinely overexpressed in metabolic engineering. It is well known that some over-expressed heterologous recombinant enzymes are insoluble with little or no enzymatic activity. This study examined the solubility of over-expressed homologous enzymes of the deoxyxylulose phosphate pathway (DXP) and the impact of inclusion body formation on metabolic engineering of microbes.	Microbial cell factories	2012	3545872.0	10.1186/1475-2859-11-148	Journal Article,Research Support, Non-U.S. Gov't,	[ForeName:Kang,LastName:Zhou] [ForeName:Ruiyang,LastName:Zou] [ForeName:Gregory,LastName:Stephanopoulos] [ForeName:Heng-Phon,LastName:Too]
21601648	Harnessing yeast subcellular compartments for the production of plant terpenoids.	The biologically and commercially important terpenoids are a large and diverse class of natural products that are targets of metabolic engineering. However, in the context of metabolic engineering, the otherwise well-documented spatial subcellular arrangement of metabolic enzyme complexes has been largely overlooked. To boost production of plant sesquiterpenes in yeast, we enhanced flux in the mevalonic acid pathway toward farnesyl diphosphate (FDP) accumulation, and evaluated the possibility of harnessing the mitochondria as an alternative to the cytosol for metabolic engineering. Overall, we achieved 8- and 20-fold improvement in the production of valencene and amorphadiene, respectively, in yeast co-engineered with a truncated and deregulated HMG1, mitochondrion-targeted heterologous FDP synthase and a mitochondrion-targeted sesquiterpene synthase, i.e. valencene or amorphadiene synthase. The prospect of harnessing different subcellular compartments opens new and intriguing possibilities for the metabolic engineering of pathways leading to valuable natural compounds.	Metabolic engineering	2011		10.1016/j.ymben.2011.05.001	Journal Article,Research Support, Non-U.S. Gov't,	[ForeName:Moran,LastName:Farhi] [ForeName:Elena,LastName:Marhevka] [ForeName:Tania,LastName:Masci] [ForeName:Evgeniya,LastName:Marcos] [ForeName:Yoram,LastName:Eyal] [ForeName:Mariana,LastName:Ovadis] [ForeName:Hagai,LastName:Abeliovich] [ForeName:Alexander,LastName:Vainstein]
9172366	Construction and characterization of Escherichia coli genetically engineered for bioremediation of Hg(2+)-contaminated environments.	Escherichia coli strains were genetically engineered to express an Hg2+ transport system and metallothionein. Overexpression of a glutathione S-transferase fusion protein of Saccharomyces cerevisiae or pea metallothionein significantly increased the bioaccumulation of Hg2+ transported by MerT and MerP and protected the cells from the accumulated Hg2+. The recombinant strains have excellent properties for bioremediation of Hg(2+)-contaminated environments.	Applied and environmental microbiology	1997	168538.0	10.1128/aem.63.6.2442-2445.1997	Journal Article,Research Support, U.S. Gov't, P.H.S.,	[ForeName:S,LastName:Chen] [ForeName:D B,LastName:Wilson]
20005205	An evolved Escherichia coli strain for producing hydrogen and ethanol from glycerol.	Glycerol is an attractive feedstock for biofuels since it accumulates as a byproduct during biodiesel operations; hence, here we consider converting glycerol to hydrogen using the formate hydrogen lyase system of Escherichia coli which converts pyruvate to hydrogen. Starting with E. coli BW25113 frdC that lacks fumarate reductase (this mutation reduces repression of hydrogen synthesis during glycerol fermentation) and by using both adaptive evolution and chemical mutagenesis combined with a selection method based on increased growth on glycerol, we obtained an improved strain, HW2, that produces 20-fold more hydrogen in glycerol medium (0.68+/-0.16 mmol/L/h). HW2 also grows 5-fold faster (0.25+/-0.01/h) than BW25113 frdC on glycerol, so it achieves a reasonable anaerobic growth rate. Corroborating the increase in hydrogen production, glycerol dehydrogenase activity in HW2 increased 4-fold compared to BW25113 frdC. In addition, a whole-transcriptome study revealed that several pathways that would decrease hydrogen yields were repressed in HW2 (fbp, focA, and gatYZ) while a beneficial pathway which encodes enolase was induced. Ethanol production was also increased 5-fold in the evolved HW2 strain.	Biochemical and biophysical research communications	2010		10.1016/j.bbrc.2009.12.013	Journal Article,Research Support, U.S. Gov't, Non-P.H.S.,	[ForeName:Hongbo,LastName:Hu] [ForeName:Thomas K,LastName:Wood]
16997589	Design, construction and performance of the most efficient biomass producing E. coli bacterium.	Inverse metabolic engineering based on elementary mode analysis was applied to maximize the biomass yield of Escherchia coli MG1655. Elementary mode analysis was previously employed to identify among 1691 possible pathways for cell growth the most efficient pathway with maximum biomass yield. The metabolic network analysis predicted that deletion of only 6 genes reduces the number of possible elementary modes to the most efficient pathway. We have constructed a strain containing these gene deletions and we evaluated its properties in batch and in chemostat growth experiments. The results show that the theoretical predictions are closely matched by the properties of the designed strain.	Metabolic engineering	2006		10.1016/j.ymben.2006.07.006	Comparative Study,Journal Article,Research Support, U.S. Gov't, Non-P.H.S.,	[ForeName:Cong T,LastName:Trinh] [ForeName:Ross,LastName:Carlson] [ForeName:Aaron,LastName:Wlaschin] [ForeName:Friedrich,LastName:Srienc]
22566191	Production of miltiradiene by metabolically engineered Saccharomyces cerevisiae.	Metabolic engineering of microorganisms is an alternative and attractive route for production of valuable terpenoids that are usually extracted from plant sources. Tanshinones are the bioactive components of Salvia miltiorrhizha Bunge, which is a well-known traditional Chinese medicine widely used for treatment of many cardiovascular diseases. As a step toward microbial production of tanshinones, copalyl diphosphate (CPP) synthase, and normal CPP kaurene synthase-like genes, which convert the universal diterpenoid precursor geranylgeranyl diphosphate (GGPP) to miltiradiene (an important intermediate of the tanshinones synthetic pathway), was introduced into Saccharomyces cerevisiae, resulting in production of 4.2 mg/L miltiradiene. Improving supplies of isoprenoid precursors was then investigated for increasing miltiradiene production. Although over-expression of a truncated 3-hydroxyl-3-methylglutaryl-CoA reductase (tHMGR) and a mutated global regulatory factor (upc2.1) gene did improve supply of farnesyl diphosphate (FPP), production of miltiradiene was not increased while large amounts of squalene (78 mg/L) were accumulated. In contrast, miltiradiene production increased to 8.8 mg/L by improving supply of GGPP through over-expression of a fusion gene of FPP synthase (ERG20) and endogenous GGPP synthase (BTS1) together with a heterologous GGPP synthase from Sulfolobus acidocaldarius (SaGGPS). Auxotrophic markers in the episomal plasmids were then replaced by antibiotic markers, so that engineered yeast strains could use rich medium to obtain better cell growth while keeping plasmid stabilities. Over-expressing ERG20-BTS1 and SaGGPS genes increased miltiradiene production from 5.4 to 28.2 mg/L. Combinatorial over-expression of tHMGR-upc2.1 and ERG20-BTS1-SaGGPS genes had a synergetic effects on miltiradiene production, increasing titer to 61.8 mg/L. Finally, fed-batch fermentation was performed, and 488 mg/L miltiradiene was produced. The yeast strains engineered in this work provide a basis for creating an alternative way for production of tanshinones in place of extraction from plant sources.	Biotechnology and bioengineering	2012		10.1002/bit.24547	Journal Article,Research Support, Non-U.S. Gov't,	[ForeName:Zhubo,LastName:Dai] [ForeName:Yi,LastName:Liu] [ForeName:Luqi,LastName:Huang] [ForeName:Xueli,LastName:Zhang]
18080813	Metabolic engineering of Escherichia coli to enhance phenylalanine production.	The global regulatory system of Escherichia coli, carbon storage regulator (Csr), was engineered to increase the intracellular concentration of phosphoenolpyruvate. We examined the effects of csrA and csrD mutations and csrB overexpression on phenylalanine production in E. coli NST37 (NST). Overexpression of csrB led to significantly greater phenylalanine production than csrA and csrD mutations (2.33 vs 1.67 and 1.61 g l(-1), respectively; P < 0.01). Furthermore, the overexpression of csrB was confirmed by the observed increase in csrB transcription level. We also determined the effect of overexpressing transketolase A (TktA) or glucose-6-phosphate dehydrogenase (Zwf) in NST and the csrA mutant of NST (NSTCSRA) on phenylalanine production. The NSTCSRA strain overexpressing TktA (NSTCSRA [pTktA]) produced significantly more phenylalanine than that of Zwf (2.39 vs 1.61 g l(-1); P > 0.01). Furthermore, we examined the effect of overexpressing TktA, 3-deoxy-D: -arabino-heptulosonate-7-phosphate synthase (AroF(FR)), and chorismate mutase/prephenate dehydratase (PheA(FR)) together in NSTCSRA (NSTCSRA [pTkaFpA]). It is interesting to note that NSTCSRA [pTkaFpA] produced significantly less phenylalanine than both NSTCSRA [pTktA] and NST overexpressing csrB (NST [pCsrB]) (1.84 vs 2.39 and 2.33 g l(-1), respectively; P < 0.01). Thus, csrB overexpression or csrA mutation in combination with tktA overexpression was more effective than previous approaches that targeted the glycolytic or aromatic pathway enzymes for enhancing phenylalanine production.	Applied microbiology and biotechnology	2008		10.1007/s00253-007-1307-z	Journal Article,	[ForeName:N,LastName:Yakandawala] [ForeName:T,LastName:Romeo] [ForeName:A D,LastName:Friesen] [ForeName:S,LastName:Madhyastha]
24440714	Metabolic engineering of Escherichia coli for production of fatty acid short-chain esters through combination of the fatty acid and 2-keto acid pathways.	Fatty acid short-chain esters (FASEs) are biodiesels that are renewable, nontoxic, and biodegradable biofuels. A novel approach for the biosynthesis of FASEs has been developed using metabolically-engineered E. coli through combination of the fatty acid and 2-keto acid pathways. Several genetic engineering strategies were also developed to increase fatty acyl-CoA availability to improve FASEs production. Fed-batch cultivation of the engineered E. coli resulted in a titer of 1008 mg/L FASEs. Since the fatty acid and 2-keto acid pathways are native microbial synthesis pathways, this strategy can be implemented in a variety of microorganisms to produce various FASEs from cheap and readily-available, renewable, raw materials such as sugars and cellulose in the future.	Metabolic engineering	2014		10.1016/j.ymben.2014.01.003	Journal Article,Research Support, Non-U.S. Gov't,	[ForeName:Daoyi,LastName:Guo] [ForeName:Jing,LastName:Zhu] [ForeName:Zixin,LastName:Deng] [ForeName:Tiangang,LastName:Liu]
19777230	Increasing diterpene yield with a modular metabolic engineering system in E. coli: comparison of MEV and MEP isoprenoid precursor pathway engineering.	Engineering biosynthetic pathways in heterologous microbial host organisms offers an elegant approach to pathway elucidation via the incorporation of putative biosynthetic enzymes and characterization of resulting novel metabolites. Our previous work in Escherichia coli demonstrated the feasibility of a facile modular approach to engineering the production of labdane-related diterpene (20 carbon) natural products. However, yield was limited (<0.1 mg/L), presumably due to reliance on endogenous production of the isoprenoid precursors dimethylallyl diphosphate and isopentenyl diphosphate. Here, we report incorporation of either a heterologous mevalonate pathway (MEV) or enhancement of the endogenous methyl erythritol phosphate pathway (MEP) with our modular metabolic engineering system. With MEP pathway enhancement, it was found that pyruvate supplementation of rich media and simultaneous overexpression of three genes (idi, dxs, and dxr) resulted in the greatest increase in diterpene yield, indicating distributed metabolic control within this pathway. Incorporation of a heterologous MEV pathway in bioreactor grown cultures resulted in significantly higher yields than MEP pathway enhancement. We have established suitable growth conditions for diterpene production levels ranging from 10 to >100 mg/L of E. coli culture. These amounts are sufficient for nuclear magnetic resonance analyses, enabling characterization of enzymatic products and hence, pathway elucidation. Furthermore, these results represent an up to >1,000-fold improvement in diterpene production from our facile, modular platform, with MEP pathway enhancement offering a cost effective alternative with reasonable yield. Finally, we reiterate here that this modular approach is expandable and should be easily adaptable to the production of any terpenoid natural product.	Applied microbiology and biotechnology	2010	2811251.0	10.1007/s00253-009-2219-x	Comparative Study,Journal Article,Research Support, N.I.H., Extramural,Research Support, U.S. Gov't, Non-P.H.S.,	[ForeName:Dana,LastName:Morrone] [ForeName:Luke,LastName:Lowry] [ForeName:Mara K,LastName:Determan] [ForeName:David M,LastName:Hershey] [ForeName:Meimei,LastName:Xu] [ForeName:Reuben J,LastName:Peters]
21445244	Linking genotype and phenotype of Saccharomyces cerevisiae strains reveals metabolic engineering targets and leads to triterpene hyper-producers.	Metabolic engineering is an attractive approach in order to improve the microbial production of drugs. Triterpenes is a chemically diverse class of compounds and many among them are of interest from a human health perspective. A systematic experimental or computational survey of all feasible gene modifications to determine the genotype yielding the optimal triterpene production phenotype is a laborious and time-consuming process.	PloS one	2011	3060802.0	10.1371/journal.pone.0014763	Journal Article,Research Support, Non-U.S. Gov't,	[ForeName:Karina M,LastName:Madsen] [ForeName:Gupta D B R K,LastName:Udatha] [ForeName:Saori,LastName:Semba] [ForeName:Jose M,LastName:Otero] [ForeName:Peter,LastName:Koetter] [ForeName:Jens,LastName:Nielsen] [ForeName:Yutaka,LastName:Ebizuka] [ForeName:Tetsuo,LastName:Kushiro] [ForeName:Gianni,LastName:Panagiotou]
25435910	Leveraging transcription factors to speed cellobiose fermentation by Saccharomyces cerevisiae.	Saccharomyces cerevisiae, a key organism used for the manufacture of renewable fuels and chemicals, has been engineered to utilize non-native sugars derived from plant cell walls, such as cellobiose and xylose. However, the rates and efficiencies of these non-native sugar fermentations pale in comparison with those of glucose. Systems biology methods, used to understand biological networks, hold promise for rational microbial strain development in metabolic engineering. Here, we present a systematic strategy for optimizing non-native sugar fermentation by recombinant S. cerevisiae, using cellobiose as a model.	Biotechnology for biofuels	2014	4243952.0	10.1186/s13068-014-0126-6	Journal Article,	[ForeName:Yuping,LastName:Lin] [ForeName:Kulika,LastName:Chomvong] [ForeName:Ligia,LastName:Acosta-Sampson] [ForeName:Raíssa,LastName:Estrela] [ForeName:Jonathan M,LastName:Galazka] [ForeName:Soo Rin,LastName:Kim] [ForeName:Yong-Su,LastName:Jin] [ForeName:Jamie Hd,LastName:Cate]
21602812	Metabolic engineering of Escherichia coli for direct production of 1,4-butanediol.	1,4-Butanediol (BDO) is an important commodity chemical used to manufacture over 2.5 million tons annually of valuable polymers, and it is currently produced exclusively through feedstocks derived from oil and natural gas. Herein we report what are to our knowledge the first direct biocatalytic routes to BDO from renewable carbohydrate feedstocks, leading to a strain of Escherichia coli capable of producing 18 g l(-1) of this highly reduced, non-natural chemical. A pathway-identification algorithm elucidated multiple pathways for the biosynthesis of BDO from common metabolic intermediates. Guided by a genome-scale metabolic model, we engineered the E. coli host to enhance anaerobic operation of the oxidative tricarboxylic acid cycle, thereby generating reducing power to drive the BDO pathway. The organism produced BDO from glucose, xylose, sucrose and biomass-derived mixed sugar streams. This work demonstrates a systems-based metabolic engineering approach to strain design and development that can enable new bioprocesses for commodity chemicals that are not naturally produced by living cells.	Nature chemical biology	2011		10.1038/nchembio.580	Journal Article,	[ForeName:Harry,LastName:Yim] [ForeName:Robert,LastName:Haselbeck] [ForeName:Wei,LastName:Niu] [ForeName:Catherine,LastName:Pujol-Baxley] [ForeName:Anthony,LastName:Burgard] [ForeName:Jeff,LastName:Boldt] [ForeName:Julia,LastName:Khandurina] [ForeName:John D,LastName:Trawick] [ForeName:Robin E,LastName:Osterhout] [ForeName:Rosary,LastName:Stephen] [ForeName:Jazell,LastName:Estadilla] [ForeName:Sy,LastName:Teisan] [ForeName:H Brett,LastName:Schreyer] [ForeName:Stefan,LastName:Andrae] [ForeName:Tae Hoon,LastName:Yang] [ForeName:Sang Yup,LastName:Lee] [ForeName:Mark J,LastName:Burk] [ForeName:Stephen,LastName:Van Dien]
21620993	Engineering Escherichia coli for efficient production of 5-aminolevulinic acid from glucose.	5-Aminolevulinic acid (ALA) recently received much attention due to its potential applications in many fields. In this study, we developed a metabolic strategy to produce ALA directly from glucose in recombinant Escherichia coli via the C5 pathway. The expression of a mutated hemA gene, encoding a glutamyl-tRNA reductase from Salmonella arizona, significantly improved ALA production from 31.1 to 176mg/L. Glutamate-1-semialdehyde aminotransferase from E. coli was found to have a synergistic effect with HemA(M) from S. arizona on ALA production (2052mg/L). In addition, we identified a threonine/homoserine exporter in E. coli, encoded by rhtA gene, which exported ALA due to its broad substrate specificity. The constructed E. coli DALA produced 4.13g/L ALA in modified minimal medium from glucose without adding any other co-substrate or inhibitor. This strategy offered an attractive potential to metabolic production of ALA in E. coli.	Metabolic engineering	2011		10.1016/j.ymben.2011.05.003	Journal Article,Research Support, Non-U.S. Gov't,	[ForeName:Zhen,LastName:Kang] [ForeName:Yang,LastName:Wang] [ForeName:Pengfei,LastName:Gu] [ForeName:Qian,LastName:Wang] [ForeName:Qingsheng,LastName:Qi]
23279585	Isobutanol production from D-xylose by recombinant Saccharomyces cerevisiae.	Simultaneous overexpression of an optimized, cytosolically localized valine biosynthesis pathway together with overexpression of xylose isomerase XylA from Clostridium phytofermentans, transaldolase Tal1 and xylulokinase Xks1 enabled recombinant Saccharomyces cerevisiae cells to complement the valine auxotrophy of ilv2,3,5 triple deletion mutants for growth on D-xylose as the sole carbon source. Moreover, after additional overexpression of ketoacid decarboxylase Aro10 and alcohol dehydrogenase Adh2, the cells were able to ferment D-xylose directly to isobutanol.	FEMS yeast research	2013		10.1111/1567-1364.12028	Journal Article,Research Support, Non-U.S. Gov't,	[ForeName:Dawid,LastName:Brat] [ForeName:Eckhard,LastName:Boles]
23183982	Combinatorial design of a highly efficient xylose-utilizing pathway in Saccharomyces cerevisiae for the production of cellulosic biofuels.	Balancing the flux of a heterologous metabolic pathway by tuning the expression and properties of the pathway enzymes is difficult, but it is critical to realizing the full potential of microbial biotechnology. One prominent example is the metabolic engineering of a Saccharomyces cerevisiae strain harboring a heterologous xylose-utilizing pathway for cellulosic-biofuel production, which remains a challenge even after decades of research. Here, we developed a combinatorial pathway-engineering approach to rapidly create a highly efficient xylose-utilizing pathway for ethanol production by exploring various combinations of enzyme homologues with different properties. A library of more than 8,000 xylose utilization pathways was generated using DNA assembler, followed by multitiered screening, which led to the identification of a number of strain-specific combinations of the enzymes for efficient conversion of xylose to ethanol. The balancing of metabolic flux through the xylose utilization pathway was demonstrated by a complete reversal of the major product from xylitol to ethanol with a similar yield and total by-product formation as low as 0.06 g/g xylose without compromising cell growth. The results also suggested that an optimal enzyme combination depends on not only the genotype/phenotype of the host strain, but also the sugar composition of the fermentation medium. This combinatorial approach should be applicable to any heterologous pathway and will be instrumental in the optimization of industrial production of value-added products.	Applied and environmental microbiology	2013	3568569.0	10.1128/AEM.02736-12	Journal Article,Research Support, Non-U.S. Gov't,	[ForeName:Byoungjin,LastName:Kim] [ForeName:Jing,LastName:Du] [ForeName:Dawn T,LastName:Eriksen] [ForeName:Huimin,LastName:Zhao]
25030454	Engineering Escherichia coli for odd straight medium chain free fatty acid production.	Microbial biosynthesis of free fatty acids (FFAs) can be achieved by introducing an acyl-acyl carrier protein thioesterase gene into Escherichia coli. The engineered E. coli usually produced even chain FFAs. In this study, propionyl-CoA synthetase (prpE) from Salmonella enterica was overexpressed in two efficient even chain FFAs producers, ML103 (pXZM12) carrying the acyl-ACP thioesterase gene from Umbellularia californica and ML103 (pXZ18) carrying the acyl-ACP thioesterase gene from Ricinus communis combined with supplement of extracellular propionate. With these metabolically engineered E. coli, the odd straight chain FFAs, undecanoic acid (C11:0), tridecanoic acid (C13:0), and pentadecanoic acid (C15:0) were produced from glucose and propionate. The highest total odd straight chain FFAs produced by ML103 (pXZM12, pBAD-prpE) reached 276 mg/l with a ratio of 23.43 % of the total FFAs. In ML103 (pXZ18, pBAD-prpE), the highest total odd straight chain FFAs accumulated to 297 mg/l, and the ratio reached 17.68 % of the total FFAs. Due to the different substrate specificity of the acyl-ACP thioesterases, the major odd straight chain FFA components of ML103 (pXZM12, pBAD-prpE) were undecanoic acid and tridecanoic acid, while the ML103 (pXZ18, pBAD-prpE) preferred pentadecanoic acid.	Applied microbiology and biotechnology	2014		10.1007/s00253-014-5882-5	Journal Article,Research Support, U.S. Gov't, Non-P.H.S.,	[ForeName:Hui,LastName:Wu] [ForeName:Ka-Yiu,LastName:San]
25461829	Overproduction and secretion of free fatty acids through disrupted neutral lipid recycle in Saccharomyces cerevisiae.	The production of fuels and chemicals from biorenewable resources is important to alleviate the environmental concerns, costs, and foreign dependency associated with the use of petroleum feedstock. Fatty acids are attractive biomolecules due to the flexibility of their iterative biosynthetic pathway, high energy content, and suitability for conversion into other secondary chemicals. Free fatty acids (FFAs) that can be secreted from the cell are particularly appealing due to their lower harvest costs and straightforward conversion into a broad range of biofuel and biochemical products. Saccharomyces cerevisiae was engineered to overproduce extracellular FFAs by targeting three native intracellular processes. β-oxidation was disrupted by gene knockouts in FAA2, PXA1 and POX1, increasing intracellular fatty acids levels up to 55%. Disruptions in the acyl-CoA synthetase genes FAA1, FAA4 and FAT1 allowed the extracellular detection of free fatty acids up to 490mg/L. Combining these two disrupted pathways, a sextuple mutant (Δfaa1 Δfaa4 Δfat1 Δfaa2 Δpxa1 Δpox1) was able to produce 1.3g/L extracellular free fatty acids. Further diversion of carbon flux into neutral lipid droplet formation was investigated by the overexpression of DGA1 or ARE1 and by the co-overexpression of a compatible lipase, TGL1, TGL3 or TGL5. The sextuple mutant overexpressing the diacylglycerol acyltransferase, DGA1, and the triacylglycerol lipase, TGL3, yielded 2.2g/L extracellular free fatty acids. This novel combination of pathway interventions led to 4.2-fold higher extracellular free fatty acid levels than previously reported for S. cerevisiae.	Metabolic engineering	2015		10.1016/j.ymben.2014.11.006	Journal Article,Research Support, Non-U.S. Gov't,Research Support, U.S. Gov't, Non-P.H.S.,	[ForeName:Christopher,LastName:Leber] [ForeName:Brian,LastName:Polson] [ForeName:Ruben,LastName:Fernandez-Moya] [ForeName:Nancy A,LastName:Da Silva]
22819734	A selection platform for carbon chain elongation using the CoA-dependent pathway to produce linear higher alcohols.	Production of green chemicals and fuels using metabolically engineered organisms has been a promising alternative to petroleum-based production. Higher chain alcohols (C4-C8) are of interest because they can be used as chemical feedstock as well as fuels. Recently, the feasibility of n-hexanol synthesis using Escherichia coli has been demonstrated by extending the modified Clostridium CoA-dependent n-butanol synthesis pathway, thereby elongating carbon chain length via reactions in reversed β-oxidation, (or β-reduction). Here, we developed an anaerobic growth selection platform that allows selection or enrichment of enzymes for increased synthesis of C6 and C8 linear alcohols. Using this selection, we were able to improve the carbon flux towards the synthesis of C6 and C8 acyl-CoA intermediates. Replacement of the original enzyme Clostridium acetobutylicum Hbd with Ralstonia eutropha homologue PaaH1 increased production of n-hexanol by 10-fold. Further directed evolution by random mutagenesis of PaaH1 improved n-hexanol and n-octanol production. This anaerobic growth selection platform may be useful for selecting enzymes for production of long-chain alcohols and acids using this CoA-dependent pathway.	Metabolic engineering	2012		10.1016/j.ymben.2012.07.002	Journal Article,Research Support, Non-U.S. Gov't,Research Support, U.S. Gov't, Non-P.H.S.,	[ForeName:Hidevaldo B,LastName:Machado] [ForeName:Yasumasa,LastName:Dekishima] [ForeName:Hao,LastName:Luo] [ForeName:Ethan I,LastName:Lan] [ForeName:James C,LastName:Liao]
23928901	Engineering of Saccharomyces cerevisiae for the synthesis of short chain fatty acids.	Carbon feedstocks from fossilized sources are being rapidly depleted due to rising demand for industrial and commercial applications. Many petroleum-derived chemicals can be directly or functionally substituted with chemicals derived from renewable feedstocks. Several short chain organic acids may fulfill this role using their functional groups as a target for chemical catalysis. Saccharomyces cerevisiae was engineered to produce short chain carboxylic acids (C6 to C10 ) from glucose using the heterologous Homo sapiens type I fatty acid synthase (hFAS). This synthase was activated by phosphopantetheine transfereases AcpS and Sfp from Escherichia coli and Bacillus subtilis, respectively, both in vitro and in vivo. hFAS was produced in the holo-form and produced carboxylic acids in vitro, confirmed by NADPH and ADIFAB assays. Overexpression of hFAS in a yeast FAS2 knockout strain, deficient in de novo fatty acid synthesis, demonstrated the full functional replacement of the native fungal FAS by hFAS. Two active heterologous short chain thioesterases (TEs) from Cuphea palustris (CpFatB1) and Rattus norvegicus (TEII) were evaluated for short chain fatty acid (SCFA) synthesis in vitro and in vivo. Three hFAS mutants were constructed: a mutant deficient in the native TE domain, a mutant with a linked CpFatB1 TE and a mutant with a linked TEII TE. Using the native yeast fatty acid synthase for growth, the overexpression of the hFAS mutants and the short-chain TEs (linked or plasmid-based) increased in vivo caprylic acid and total SCFA production up to 64-fold (63 mg/L) and 52-fold (68 mg/L), respectively, over the native yeast levels. Combined over-expression of the phosphopantetheine transferase with the hFAS mutant resulted in C8 titers of up to 82 mg/L and total SCFA titers of up to 111 mg/L.	Biotechnology and bioengineering	2014		10.1002/bit.25021	Journal Article,Research Support, U.S. Gov't, Non-P.H.S.,	[ForeName:Christopher,LastName:Leber] [ForeName:Nancy A,LastName:Da Silva]
24085686	Directed pathway evolution of the glyoxylate shunt in Escherichia coli for improved aerobic succinate production from glycerol.	α-Ketoglutarate is accumulated as the main byproduct during the aerobic succinate production from glycerol by Escherichia coli BL21(DE3) in minimal medium. To address this issue, here a strategy of directed pathway evolution was developed to enhance the alternative succinate production route-the glyoxylate shunt. Via the directed pathway evolution, the glyoxylate shunt was recruited as the primary anaplerotic pathway in a ppc mutant, which restored its viability in glycerol minimal medium. Subsequently, the operon sdhCDAB was deleted and the gene ppc was reverted in the evolved strain for succinate production. The resulting strain E2-Δsdh-ppc produced 30 % more succinate and 46 % less α-ketoglutarate than the control strain. A G583T mutation in gene icdA, which significantly decreased the activity of isocitrate dehydrogenase, was identified in the evolved strain as the main mutation responsible for the observed phenotype. Overexpression of α-ketoglutarate dehydrogenase complex in E2-Δsdh-ppc further reduced the amount of byproduct and improved succinate production. The final strain E2-Δsdh-ppc-sucAB produced 366 mM succinate from 1.3 M glycerol in minimal medium in fed-batch fermentation. The maximum and average succinate volumetric productivities were 19.2 and 6.55 mM h(-1), respectively, exhibiting potential industrial production capacity from the low-priced substrate.	Journal of industrial microbiology & biotechnology	2013		10.1007/s10295-013-1342-y	Journal Article,Research Support, Non-U.S. Gov't,	[ForeName:Ning,LastName:Li] [ForeName:Bo,LastName:Zhang] [ForeName:Tao,LastName:Chen] [ForeName:Zhiwen,LastName:Wang] [ForeName:Ya-Jie,LastName:Tang] [ForeName:Xueming,LastName:Zhao]
25027702	Metabolic engineering of Escherichia coli for the production of riboflavin.	Riboflavin (vitamin B2), the precursor of the flavin cofactors flavin mononucleotide (FMN) and flavin adenine dinucleotide (FAD), is used commercially as an animal feed supplement and food colorant. E. coli is a robust host for various genetic manipulations and has been employed for efficient production of biofuels, polymers, amino acids, and bulk chemicals. Thus, the aim of this study was to understand the metabolic capacity of E. coli for the riboflavin production by modification of central metabolism, riboflavin biosynthesis pathway and optimization of the fermentation conditions.	Microbial cell factories	2014	4223517.0	10.1186/s12934-014-0104-5	Journal Article,Research Support, Non-U.S. Gov't,	[ForeName:Zhenquan,LastName:Lin] [ForeName:Zhibo,LastName:Xu] [ForeName:Yifan,LastName:Li] [ForeName:Zhiwen,LastName:Wang] [ForeName:Tao,LastName:Chen] [ForeName:Xueming,LastName:Zhao]
24382675	Simultaneous uptake of lignocellulose-based monosaccharides by Escherichia coli.	Lignocellulosic waste is a naturally abundant biomass and is therefore an attractive material to use in second generation biorefineries. Microbial growth on the monosaccharides present in hydrolyzed lignocellulose is however associated with several obstacles whereof one is the lack of simultaneous uptake of the sugars. We have studied the aerobic growth of Escherichia coli on D-glucose, D-xylose, and L-arabinose and for simultaneous uptake to occur, both the carbon catabolite repression mechanism (CCR) and the AraC repression of xylose uptake and metabolism had to be removed. The strain AF1000 is a MC4100 derivative that is only able to assimilate arabinose after a considerable lag phase, which is unsuitable for commercial production. This strain was successfully adapted to growth on L-arabinose and this led to simultaneous uptake of arabinose and xylose in a diauxic growth mode following glucose consumption. In this strain, a deletion in the phosphoenolpyruvate:phosphotransferase system (PTS) for glucose uptake, the ptsG mutation, was introduced. The resulting strain, PPA652ara simultaneously consumed all three monosaccharides at a maximum specific growth rate of 0.59 h(-1) , 55% higher than for the ptsG mutant alone. Also, no residual sugar was present in the cultivation medium. The potential of PPA652ara is further acknowledged by the performance of AF1000 during fed-batch processing on a mixture of D-glucose, D-xylose, and L-arabinose. The conclusion is that without the removal of both layers of carbon uptake control, this process results in accumulation of pentoses and leads to a reduction of the specific growth rate by 30%.	Biotechnology and bioengineering	2014		10.1002/bit.25182	Journal Article,	[ForeName:Johan,LastName:Jarmander] [ForeName:Björn M,LastName:Hallström] [ForeName:Gen,LastName:Larsson]
23802545	Directed evolution of a cellobiose utilization pathway in Saccharomyces cerevisiae by simultaneously engineering multiple proteins.	The optimization of metabolic pathways is critical for efficient and economical production of biofuels and specialty chemicals. One such significant pathway is the cellobiose utilization pathway, identified as a promising route in biomass utilization. Here we describe the optimization of cellobiose consumption and ethanol productivity by simultaneously engineering both proteins of the pathway, the β-glucosidase (gh1-1) and the cellodextrin transporter (cdt-1), in an example of pathway engineering through directed evolution.	Microbial cell factories	2013	3702475.0	10.1186/1475-2859-12-61	Journal Article,Research Support, Non-U.S. Gov't,Research Support, U.S. Gov't, Non-P.H.S.,	[ForeName:Dawn T,LastName:Eriksen] [ForeName:Pei Chiun Helen,LastName:Hsieh] [ForeName:Patrick,LastName:Lynn] [ForeName:Huimin,LastName:Zhao]
22885034	Engineering and adaptive evolution of Escherichia coli for D-lactate fermentation reveals GatC as a xylose transporter.	Despite the abundance of xylose in nature, the production of chemicals from C5 sugars remains challenging in metabolic engineering. By deleting xylFGH genes and using adaptive evolution, an efficient E. coli strain capable of producing D-lactate from xylose was engineered. Quantitative proteomics and genome sequencing were used to understand the new phenotype and the metabolic limitations of xylose conversion to D-lactate. Proteomics identified major changes in enzyme concentration in the glycolytic and tricarboxylic acid pathways. Whole genome sequencing of the evolved strain identified a point mutation in the gatC gene, which resulted in a change from serine to leucine at position 184 of the GatC protein. The knockout of gatC in a number of strains and the insertion of the mutation in the non-evolved strain confirmed its activity as a xylose transporter and demonstrated that the mutation is responsible for the high xylose consumption phenotype in the evolved strain. The newly found xylose transporter is a candidate for future strain engineering for converting C5-C6 syrups into valuable chemicals.	Metabolic engineering	2012		10.1016/j.ymben.2012.07.007	Journal Article,	[ForeName:José,LastName:Utrilla] [ForeName:Cuauhtemoc,LastName:Licona-Cassani] [ForeName:Esteban,LastName:Marcellin] [ForeName:Guillermo,LastName:Gosset] [ForeName:Lars K,LastName:Nielsen] [ForeName:Alfredo,LastName:Martinez]
24650754	Elevated production of 3-hydroxypropionic acid by metabolic engineering of the glycerol metabolism in Escherichia coli.	3-Hydroxypropionic acid (3-HP) is a renewable-based platform chemical which may be used to produce a wide range of chemicals including acrylic acid, 1,3-propanediol, and acrylamide. Commercialization of microbial 3-HP production from glycerol, which is produced inexpensively as a by-product of biodiesel production, could be expedited when global biodiesel production increases significantly. For enhancing 3-HP production, this study aimed to investigate metabolic engineering strategies towards eliminating by-products of 3-HP as well as optimizing the glycerol metabolism. The removal of genes involved in the generation of major by-products of 3-HP including acetate and 1,3-propanediol increased both 3-HP production level (28.1g/L) and its average yield (0.217g/g). Optimization of l-arabinose inducible expression of glycerol kinase GlpK, which catalyzes the conversion of glycerol to glycerol-3-phosphate, was also made to increase the metabolic flow from glycerol to 3-HP. To activate the whole glycerol metabolism towards 3-HP, the regulatory factor repressing the utilization of glycerol in Escherichia coli, encoded by glpR was eliminated by knocking-out in its chromosomal DNA. The resulting strain showed a significant improvement in the glycerol utilization rate as well as 3-HP titer (40.5g/L). The transcriptional analysis of glpR deletion mutant revealed the poor expression of glycerol facilitator GlpF, which is involved in glycerol transport in the cell. Additional expression of glpF in the glpR deletion mutant successfully led to an increase in 3-HP production (42.1g/L) and an average yield (0.268g/g).	Metabolic engineering	2014		10.1016/j.ymben.2014.03.001	Journal Article,	[ForeName:Won Seok,LastName:Jung] [ForeName:Jin Ho,LastName:Kang] [ForeName:Hun Su,LastName:Chu] [ForeName:In Suk,LastName:Choi] [ForeName:Kwang Myung,LastName:Cho]
22921355	Xylose isomerase overexpression along with engineering of the pentose phosphate pathway and evolutionary engineering enable rapid xylose utilization and ethanol production by Saccharomyces cerevisiae.	Xylose is the main pentose and second most abundant sugar in lignocellulosic feedstocks. To improve xylose utilization, necessary for the cost-effective bioconversion of lignocellulose, several metabolic engineering approaches have been employed in the yeast Saccharomyces cerevisiae. In this study, we describe the rational metabolic engineering of a S. cerevisiae strain, including overexpression of the Piromyces xylose isomerase gene (XYLA), Pichia stipitis xylulose kinase (XYL3) and genes of the non-oxidative pentose phosphate pathway (PPP). This engineered strain (H131-A3) was used to initialize a three-stage process of evolutionary engineering, through first aerobic and anaerobic sequential batch cultivation followed by growth in a xylose-limited chemostat. The evolved strain H131-A3-AL(CS) displayed significantly increased anaerobic growth rate (0.203±0.006 h⁻¹) and xylose consumption rate (1.866 g g⁻¹ h⁻¹) along with high ethanol conversion yield (0.41 g/g). These figures exceed by a significant margin any other performance metrics on xylose utilization and ethanol production by S. cerevisiae reported to-date. Further inverse metabolic engineering based on functional complementation suggested that efficient xylose assimilation is attributed, in part, to the elevated expression level of xylose isomerase, which was accomplished through the multiple-copy integration of XYLA in the chromosome of the evolved strain.	Metabolic engineering	2012		10.1016/j.ymben.2012.07.011	Journal Article,Research Support, Non-U.S. Gov't,	[ForeName:Hang,LastName:Zhou] [ForeName:Jing-Sheng,LastName:Cheng] [ForeName:Benjamin L,LastName:Wang] [ForeName:Gerald R,LastName:Fink] [ForeName:Gregory,LastName:Stephanopoulos]
24269531	Engineering Escherichia coli for selective geraniol production with minimized endogenous dehydrogenation.	Geraniol, a monoterpene alcohol, has versatile applications in the fragrance industry, pharmacy and agrochemistry. Moreover, geraniol could be an ideal gasoline alternative. In this study, recombinant overexpression of geranyl diphosphate synthase and the bottom portion of a foreign mevalonate pathway in Escherichia coli MG1655 produced 13.3mg/L of geraniol. Introduction of Ocimum basilicum geraniol synthase increased geraniol production to 105.2mg/L. However, geraniol production encountered a loss from its endogenous dehydrogenization and isomerization into other geranoids (nerol, neral and geranial). Three E. coli enzymes (YjgB, YahK and YddN) were identified with high sequence identity to plant geraniol dehydrogenases. YjgB was demonstrated to be the major one responsible for geraniol dehydrogenization. Deletion of yjgB increased geraniol production to 129.7mg/L. Introduction of the whole mevalonate pathway for enhanced building block synthesis from endogenously synthesized mevalonate improved geraniol production up to 182.5mg/L in the yjgB mutant after 48h of culture, which was a double of that obtained in the wild type control (96.5mg/L). Our strategy for improving geraniol production in engineered E. coli should be generalizable for addressing similar problems during metabolic engineering.	Journal of biotechnology	2014		10.1016/j.jbiotec.2013.11.009	Journal Article,Research Support, Non-U.S. Gov't,	[ForeName:Jia,LastName:Zhou] [ForeName:Chonglong,LastName:Wang] [ForeName:Sang-Hwal,LastName:Yoon] [ForeName:Hui-Jeong,LastName:Jang] [ForeName:Eui-Sung,LastName:Choi] [ForeName:Seon-Won,LastName:Kim]
25301579	Biochemical, genetic, and metabolic engineering strategies to enhance coproduction of 1-propanol and ethanol in engineered Escherichia coli.	We recently reported the heterologous production of 1-propanol in Escherichia coli via extended dissimilation of succinate under anaerobic conditions through expression of the endogenous sleeping beauty mutase (Sbm) operon. In the present work, we demonstrate high-level coproduction of 1-propanol and ethanol by developing novel engineered E. coli strains with effective cultivation strategies. Various biochemical, genetic, metabolic, and physiological factors affecting relative levels of acidogenesis and solventogenesis during anaerobic fermentation were investigated. In particular, CPC-PrOH3, a plasmid-free propanogenic E. coli strain derived by activating the Sbm operon on the genome, showed high levels of solventogenesis accounting for up to 85 % of dissimilated carbon. Anaerobic fed-batch cultivation of CPC-PrOH3 with glycerol as the major carbon source produced high titers of nearly 7 g/L 1-propanol and 31 g/L ethanol, implying its potential industrial applicability. The activated Sbm pathway served as an ancillary channel for consuming reducing equivalents upon anaerobic dissimilation of glycerol, resulting in an enhanced glycerol dissimilation and a major metabolic shift from acidogenesis to solventogenesis.	Applied microbiology and biotechnology	2014		10.1007/s00253-014-6093-9	Journal Article,Research Support, Non-U.S. Gov't,	[ForeName:Kajan,LastName:Srirangan] [ForeName:Xuejia,LastName:Liu] [ForeName:Adam,LastName:Westbrook] [ForeName:Lamees,LastName:Akawi] [ForeName:Michael E,LastName:Pyne] [ForeName:Murray,LastName:Moo-Young] [ForeName:C Perry,LastName:Chou]
12407454	Fermentation of sugar mixtures using Escherichia coli catabolite repression mutants engineered for production of L-lactic acid.	Conversion of lignocellulose to lactic acid requires strains capable of fermenting sugar mixtures of glucose and xylose. Recombinant Escherichia coli strains were engineered to selectively produce L-lactic acid and then used to ferment sugar mixtures. Three of these strains were catabolite repression mutants (ptsG(-)) that have the ability to simultaneously ferment glucose and xylose. The best results were obtained for ptsG(-) strain FBR19. FBR19 cultures had a yield of 0.77 (g lactic acid/g added sugar) when used to ferment a 100 g/l total equal mixture of glucose and xylose. The strain also consumed 75% of the xylose. In comparison, the ptsG(+) strains had yields of 0.47-0.48 g/g and consumed 18-22% of the xylose. FBR19 was subsequently used to ferment a variety of glucose (0-40 g/l) and xylose (40 g/l) mixtures. The lactic acid yields ranged from 0.74 to 1.00 g/g. Further experiments were conducted to discover the mechanism leading to the poor yields for ptsG(+) strains. Xylose isomerase (XI) activity, a marker for induction of xylose metabolism, was monitored for FBR19 and a ptsG(+) control during fermentations of a sugar mixture. Crude protein extracts prepared from FBR19 had 10-12 times the specific XI activity of comparable samples from ptsG(+) strains. Therefore, higher expression of xylose metabolic genes in the ptsG(-) strain may be responsible for superior conversion of xylose to product compared to the ptsG(+) fermentations.	Journal of industrial microbiology & biotechnology	2002		10.1038/sj.jim.7000299	Journal Article,	[ForeName:B S,LastName:Dien] [ForeName:N N,LastName:Nichols] [ForeName:R J,LastName:Bothast]
21188614	Adaptive evolution of nontransgenic Escherichia coli KC01 for improved ethanol tolerance and homoethanol fermentation from xylose.	Due to its excellent capability to ferment five-carbon sugars, Escherichia coli has been considered one of the platform organisms to be engineered for production of cellulosic ethanol. Nevertheless, genetically engineered ethanologenic E. coli lacks the essential trait of alcohol tolerance. Development of ethanol tolerance is required for cost-effective ethanol fermentation. In this study, we improved alcohol tolerance of a nontransgenic E. coli KC01 (ldhA pflB ackA frdBC pdhR::pflBp6-aceEF-lpd) through adaptive evolution. During ~350 generations of adaptive evolution, a gradually increased concentration of ethanol was used as a selection pressure to enrich ethanol-tolerant mutants. The evolved mutant, E. coli SZ470, was able to grow anaerobically at 40 g l(-1) ethanol, a twofold improvement over parent KC01. When compared with KC01 for small-scale (500 ml) xylose (50 g l(-1)) fermentation, SZ470 achieved 67% higher cell mass, 48% faster volumetric ethanol productivity, and 50% shorter time to complete fermentation with ethanol titer of 23.5 g l(-1) and yield of 94%. These results demonstrate that an industry-oriented nontransgenic E. coli strain could be developed through incremental improvements of desired traits by a combination of molecular biology and traditional microbiology techniques.	Journal of industrial microbiology & biotechnology	2011		10.1007/s10295-010-0920-5	Journal Article,Research Support, Non-U.S. Gov't,	[ForeName:Yongze,LastName:Wang] [ForeName:Ryan,LastName:Manow] [ForeName:Christopher,LastName:Finan] [ForeName:Jinhua,LastName:Wang] [ForeName:Erin,LastName:Garza] [ForeName:Shengde,LastName:Zhou]
21358636	Enzyme mechanism as a kinetic control element for designing synthetic biofuel pathways.	Living systems have evolved remarkable molecular functions that can be redesigned for in vivo chemical synthesis as we gain a deeper understanding of the underlying biochemical principles for de novo construction of synthetic pathways. We have focused on developing pathways for next-generation biofuels as they require carbon to be channeled to product at quantitative yields. However, these fatty acid-inspired pathways must manage the highly reversible nature of the enzyme components. For targets in the biodiesel range, the equilibrium can be driven to completion by physical sequestration of an insoluble product, which is a mechanism unavailable to soluble gasoline-sized products. In this work, we report the construction of a chimeric pathway assembled from three different organisms for the high-level production of n-butanol (4,650 ± 720 mg l⁻¹) that uses an enzymatic chemical reaction mechanism in place of a physical step as a kinetic control element to achieve high yields from glucose (28%).	Nature chemical biology	2011		10.1038/nchembio.537	Journal Article,Research Support, Non-U.S. Gov't,	[ForeName:Brooks B,LastName:Bond-Watts] [ForeName:Robert J,LastName:Bellerose] [ForeName:Michelle C Y,LastName:Chang]
23774671	Metabolic engineering of Escherichia coli for production of salvianic acid A via an artificial biosynthetic pathway.	Salvianic acid A, a valuable derivative from L-tyrosine biosynthetic pathway of the herbal plant Salvia miltiorrhiza, is well known for its antioxidant activities and efficacious therapeutic potential on cardiovascular diseases. Salvianic acid A was traditionally isolated from plant root or synthesized by chemical methods, both of which had low efficiency. Herein, we developed an unprecedented artificial biosynthetic pathway of salvianic acid A in E. coli, enabling its production from glucose directly. In this pathway, 4-hydroxyphenylpyruvate was converted to salvianic acid A via D-lactate dehydrogenase (encoding by d-ldh from Lactobacillus pentosus) and hydroxylase complex (encoding by hpaBC from E. coli). Furthermore, we optimized the pathway by a modular engineering approach and deleting genes involved in the regulatory and competing pathways. The metabolically engineered E. coli strain achieved high productivity of salvianic acid A (7.1g/L) with a yield of 0.47mol/mol glucose.	Metabolic engineering	2013		10.1016/j.ymben.2013.06.001	Journal Article,Research Support, Non-U.S. Gov't,	[ForeName:Yuan-Feng,LastName:Yao] [ForeName:Chang-Song,LastName:Wang] [ForeName:Jianjun,LastName:Qiao] [ForeName:Guang-Rong,LastName:Zhao]
23347598	Efficient synthesis of L-lactic acid from glycerol by metabolically engineered Escherichia coli.	Due to its abundance and low-price, glycerol has become an attractive carbon source for the industrial production of value-added fuels and chemicals. This work reports the engineering of E. coli for the efficient conversion of glycerol into L-lactic acid (L-lactate).	Microbial cell factories	2013	3616864.0	10.1186/1475-2859-12-7	Journal Article,Research Support, Non-U.S. Gov't,Research Support, U.S. Gov't, Non-P.H.S.,	[ForeName:Suman,LastName:Mazumdar] [ForeName:Matthew D,LastName:Blankschien] [ForeName:James M,LastName:Clomburg] [ForeName:Ramon,LastName:Gonzalez]
21059201	Improved vanillin production in baker's yeast through in silico design.	Vanillin is one of the most widely used flavouring agents, originally obtained from cured seed pods of the vanilla orchid Vanilla planifolia. Currently vanillin is mostly produced via chemical synthesis. A de novo synthetic pathway for heterologous vanillin production from glucose has recently been implemented in baker's yeast, Saccharamyces cerevisiae. In this study we aimed at engineering this vanillin cell factory towards improved productivity and thereby at developing an attractive alternative to chemical synthesis.	Microbial cell factories	2010	2992047.0	10.1186/1475-2859-9-84	Journal Article,Research Support, Non-U.S. Gov't,	[ForeName:Ana Rita,LastName:Brochado] [ForeName:Claudia,LastName:Matos] [ForeName:Birger L,LastName:Møller] [ForeName:Jørgen,LastName:Hansen] [ForeName:Uffe H,LastName:Mortensen] [ForeName:Kiran Raosaheb,LastName:Patil]
21512819	Metabolic engineering of Escherichia coli for improving L-3,4-dihydroxyphenylalanine (L-DOPA) synthesis from glucose.	L-3,4-dihydroxyphenylalanine (L-DOPA) is an aromatic compound employed for the treatment of Parkinson's disease. Metabolic engineering was applied to generate Escherichia coli strains for the production of L-DOPA from glucose by modifying the phosphoenolpyruvate:sugar phosphotransferase system (PTS) and aromatic biosynthetic pathways. Carbon flow was directed to the biosynthesis of L-tyrosine (L-Tyr), an L-DOPA precursor, by transforming strains with compatible plasmids carrying genes encoding a feedback-inhibition resistant version of 3-deoxy-D-arabino-heptulosonate-7-phosphate synthase, transketolase, the chorismate mutase domain from chorismate mutase-prephenate dehydratase from E. coli and cyclohexadienyl dehydrogenase from Zymomonas mobilis. The effects on L-Tyr production of PTS inactivation (PTS(-) gluc(+) phenotype), as well as inactivation of the regulatory protein TyrR, were evaluated. PTS inactivation caused a threefold increase in the specific rate of L-Tyr production (q( L-Tyr)), whereas inactivation of TyrR caused 1.7- and 1.9-fold increases in q( L-Tyr) in the PTS(+) and the PTS(-) gluc(+) strains, respectively. An 8.6-fold increase in L-Tyr yield from glucose was observed in the PTS(-) gluc(+) tyrR (-) strain. Expression of hpaBC genes encoding the enzyme 4-hydroxyphenylacetate 3-hydroxylase from E. coli W in the strains modified for L-Tyr production caused the synthesis of L-DOPA. One of such strains, having the PTS(-) gluc(+) tyrR (-) phenotype, displayed the best production parameters in minimal medium, with a specific rate of L-DOPA production of 13.6 mg/g/h, L-DOPA yield from glucose of 51.7 mg/g and a final L-DOPA titer of 320 mg/l. In a batch fermentor culture in rich medium this strain produced 1.51 g/l of L-DOPA in 50 h.	Journal of industrial microbiology & biotechnology	2011		10.1007/s10295-011-0973-0	Journal Article,Research Support, Non-U.S. Gov't,	[ForeName:Ana Joyce,LastName:Muñoz] [ForeName:Georgina,LastName:Hernández-Chávez] [ForeName:Ramon,LastName:de Anda] [ForeName:Alfredo,LastName:Martínez] [ForeName:Francisco,LastName:Bolívar] [ForeName:Guillermo,LastName:Gosset]
23124236	Molecular control of sucrose utilization in Escherichia coli W, an efficient sucrose-utilizing strain.	Sucrose is an industrially important carbon source for microbial fermentation. Sucrose utilization in Escherichia coli, however, is poorly understood, and most industrial strains cannot utilize sucrose. The roles of the chromosomally encoded sucrose catabolism (csc) genes in E. coli W were examined by knockout and overexpression experiments. At low sucrose concentrations, the csc genes are repressed and cells cannot grow. Removal of either the repressor protein (cscR) or the fructokinase (cscK) gene facilitated derepression. Furthermore, combinatorial knockout of cscR and cscK conferred an improved growth rate on low sucrose. The invertase (cscA) and sucrose transporter (cscB) genes are essential for sucrose catabolism in E. coli W, demonstrating that no other genes can provide sucrose transport or inversion activities. However, cscK is not essential for sucrose utilization. Fructose is excreted into the medium by the cscK-knockout strain in the presence of high sucrose, whereas at low sucrose (when carbon availability is limiting), fructose is utilized by the cell. Overexpression of cscA, cscAK, or cscAB could complement the WΔcscRKAB knockout mutant or confer growth on a K-12 strain which could not naturally utilize sucrose. However, phenotypic stability and relatively good growth rates were observed in the K-12 strain only when overexpressing cscAB, and full growth rate complementation in WΔcscRKAB also required cscAB. Our understanding of sucrose utilization can be used to improve E. coli W and engineer sucrose utilization in strains which do not naturally utilize sucrose, allowing substitution of sucrose for other, less desirable carbon sources in industrial fermentations.	Applied and environmental microbiology	2013	3553775.0	10.1128/AEM.02544-12	Journal Article,Research Support, Non-U.S. Gov't,	[ForeName:Suriana,LastName:Sabri] [ForeName:Lars K,LastName:Nielsen] [ForeName:Claudia E,LastName:Vickers]
16683133	Enhanced hydrogen production from glucose using ldh- and frd-inactivated Escherichia coli strains.	We improved the hydrogen yield from glucose using a genetically modified Escherichia coli. E. coli strain SR15 (DeltaldhA, DeltafrdBC), in which glucose metabolism was directed to pyruvate formate lyase (PFL), was constructed. The hydrogen yield of wild-type strain of 1.08 mol/mol glucose, was enhanced to 1.82 mol/mol glucose in strain SR15. This figure is greater than 90 % of the theoretical hydrogen yield of facultative anaerobes (2.0 mol/mol glucose). Moreover, the specific hydrogen production rate of strain SR15 (13.4 mmol h(-1) g(-1) dry cell) was 1.4-fold higher than that of wild-type strain. In addition, the volumetric hydrogen production rate increased using the process where cells behaved as an effective catalyst. At 94.3 g dry cell/l, a productivity of 793 mmol h(-1) l(-1) (20.2 l h(-1) l(-1) at 37 degrees C) was achieved using SR15. The reported productivity substantially surpasses that of conventional biological hydrogen production processes and can be a trigger for practical applications.	Applied microbiology and biotechnology	2006		10.1007/s00253-006-0456-9	Journal Article,	[ForeName:Akihito,LastName:Yoshida] [ForeName:Taku,LastName:Nishimura] [ForeName:Hideo,LastName:Kawaguchi] [ForeName:Masayuki,LastName:Inui] [ForeName:Hideaki,LastName:Yukawa]
21414417	EMILiO: a fast algorithm for genome-scale strain design.	Systems-level design of cell metabolism is becoming increasingly important for renewable production of fuels, chemicals, and drugs. Computational models are improving in the accuracy and scope of predictions, but are also growing in complexity. Consequently, efficient and scalable algorithms are increasingly important for strain design. Previous algorithms helped to consolidate the utility of computational modeling in this field. To meet intensifying demands for high-performance strains, both the number and variety of genetic manipulations involved in strain construction are increasing. Existing algorithms have experienced combinatorial increases in computational complexity when applied toward the design of such complex strains. Here, we present EMILiO, a new algorithm that increases the scope of strain design to include reactions with individually optimized fluxes. Unlike existing approaches that would experience an explosion in complexity to solve this problem, we efficiently generated numerous alternate strain designs producing succinate, l-glutamate and l-serine. This was enabled by successive linear programming, a technique new to the area of computational strain design.	Metabolic engineering	2011		10.1016/j.ymben.2011.03.002	Journal Article,Research Support, Non-U.S. Gov't,	[ForeName:Laurence,LastName:Yang] [ForeName:William R,LastName:Cluett] [ForeName:Radhakrishnan,LastName:Mahadevan]
22694848	Manipulation of the carbon storage regulator system for metabolite remodeling and biofuel production in Escherichia coli.	Microbial engineering strategies that elicit global metabolic perturbations have the capacity to increase organism robustness for targeted metabolite production. In particular, perturbations to regulators of cellular systems that impact glycolysis and amino acid production while simultaneously decreasing fermentation by-products such as acetate and CO(2) make ideal targets. Intriguingly, perturbation of the Carbon Storage Regulator (Csr) system has been previously implicated in large changes in central carbon metabolism in E. coli. Therefore, we hypothesized that perturbation of the Csr system through the CsrA-CsrB ribonucleoprotein complex might increase production of biofuels and their intermediates from heterologous pathways.	Microbial cell factories	2012	3460784.0	10.1186/1475-2859-11-79	Journal Article,Research Support, U.S. Gov't, Non-P.H.S.,	[ForeName:Adrienne E,LastName:McKee] [ForeName:Becky J,LastName:Rutherford] [ForeName:Dylan C,LastName:Chivian] [ForeName:Edward K,LastName:Baidoo] [ForeName:Darmawi,LastName:Juminaga] [ForeName:Dwight,LastName:Kuo] [ForeName:Peter I,LastName:Benke] [ForeName:Jeffrey A,LastName:Dietrich] [ForeName:Suzanne M,LastName:Ma] [ForeName:Adam P,LastName:Arkin] [ForeName:Christopher J,LastName:Petzold] [ForeName:Paul D,LastName:Adams] [ForeName:Jay D,LastName:Keasling] [ForeName:Swapnil R,LastName:Chhabra]
11097917	Construction and characterization of an Escherichia coli strain genetically engineered for Ni(II) bioaccumulation.	An Escherichia coli strain that accumulated Ni(II) was constructed by introducing the nixA gene (coding for a nickel transport system) from Helicobacter pylori into JM109 cells that expressed a glutathione S-transferase-pea metallothionein fusion protein. The resulting strain accumulated 15 micromol of Ni(II) per g (dry weight) from a 10 microM Ni(II) solution, four times the level taken up by JM109 cells. Ni(II) accumulation did not require an energy source, was inhibited by only 50% by 0.1 M NaCl, and occurred over the pH range from 3 to 9.	Applied and environmental microbiology	2000	92471.0	10.1128/AEM.66.12.5383-5386.2000	Journal Article,	[ForeName:R,LastName:Krishnaswamy] [ForeName:D B,LastName:Wilson]
16838379	Engineering Escherichia coli for xylitol production from glucose-xylose mixtures.	"The range of value-added chemicals produced by Escherichia coli from simple sugars has been expanded to include xylitol. This was accomplished by screening the in vivo activity of a number of heterologous xylitol-producing enzymes. Xylose reductases from Candida boidinii (CbXR), Candida tenuis (CtXR), Pichia stipitis (PsXR), and Saccharmoyces cerivisiae (ScXR), and xylitol dehydrogenases from Gluconobacter oxydans (GoXDH) and Pichia stipitis (PsXDH) were all functional in E. coli to varying extents. Replacement of E. coli's native cyclic AMP receptor protein (CRP) with a cyclic AMP-independent mutant (CRP*) facilitated xylose uptake and xylitol production from mixtures of glucose and xylose, with glucose serving as the growth substrate and source of reducing equivalents. Of the enzymes tested, overexpression of NADPH-dependent CbXR produced the highest concentrations of xylitol in shake-flask cultures (approximately 275 mM in LB cultures, approximately 180 mM using minimal medium). Expression of CbXR in strain PC09 (crp*, DeltaxylB) in a 10-L controlled fermentation containing minimal medium resulted in production of approximately 250 mM xylitol (38 g/L), with concomitant utilization of approximately 150 mM glucose. The ratio of moles xylitol produced (from xylose) per mole glucose consumed was improved to > 3.7:1 using metabolically active ""resting"" cells."	Biotechnology and bioengineering	2006		10.1002/bit.21082	Journal Article,Research Support, U.S. Gov't, Non-P.H.S.,	[ForeName:Patrick C,LastName:Cirino] [ForeName:Jonathan W,LastName:Chin] [ForeName:Lonnie O,LastName:Ingram]
22038610	Engineering of bacterial methyl ketone synthesis for biofuels.	We have engineered Escherichia coli to overproduce saturated and monounsaturated aliphatic methyl ketones in the C₁₁ to C₁₅ (diesel) range; this group of methyl ketones includes 2-undecanone and 2-tridecanone, which are of importance to the flavor and fragrance industry and also have favorable cetane numbers (as we report here). We describe specific improvements that resulted in a 700-fold enhancement in methyl ketone titer relative to that of a fatty acid-overproducing E. coli strain, including the following: (i) overproduction of β-ketoacyl coenzyme A (CoA) thioesters achieved by modification of the β-oxidation pathway (specifically, overexpression of a heterologous acyl-CoA oxidase and native FadB and chromosomal deletion of fadA) and (ii) overexpression of a native thioesterase (FadM). FadM was previously associated with oleic acid degradation, not methyl ketone synthesis, but outperformed a recently identified methyl ketone synthase (Solanum habrochaites MKS2 [ShMKS2], a thioesterase from wild tomato) in β-ketoacyl-CoA-overproducing strains tested. Whole-genome transcriptional (microarray) studies led to the discovery that FadM is a valuable catalyst for enhancing methyl ketone production. The use of a two-phase system with decane enhanced methyl ketone production by 4- to 7-fold in addition to increases from genetic modifications.	Applied and environmental microbiology	2012	3255637.0	10.1128/AEM.06785-11	Journal Article,Research Support, U.S. Gov't, Non-P.H.S.,	[ForeName:Ee-Been,LastName:Goh] [ForeName:Edward E K,LastName:Baidoo] [ForeName:Jay D,LastName:Keasling] [ForeName:Harry R,LastName:Beller]
24895214	Direct biosynthesis of adipic acid from a synthetic pathway in recombinant Escherichia coli.	The C6 dicarboxylic acid, adipic acid, is an important platform chemical in industry. Biobased production of adipic acid is a promising alternative to the current petrochemical route. Here, we report biosynthesis of adipic acid using an artificial pathway inspired by the reversal of beta-oxidation of dicarboxylic acids. The biosynthetic pathway comprises condensation of acetyl-CoA and succinyl-CoA to form the C6 backbone and subsequent reduction, dehydration, hydrogenation, and release of adipic acid from its thioester. The pathway was first tested in vitro with reconstituted pathway enzymes and then functionally introduced into Escherichia coli for the biosynthesis and excretion of adipic acid into the culture medium. The production titer was increased by approximately 20-fold through the combination of recruiting enzymes that were more suitable to catalyze the synthetic reactions and increasing availability of the condensation substrates. This work demonstrates direct biosynthesis of adipic acid via non-natural synthetic pathway, which may enable its renewable production.	Biotechnology and bioengineering	2014		10.1002/bit.25293	Journal Article,Research Support, Non-U.S. Gov't,	[ForeName:Jia-Le,LastName:Yu] [ForeName:Xiao-Xia,LastName:Xia] [ForeName:Jian-Jiang,LastName:Zhong] [ForeName:Zhi-Gang,LastName:Qian]
24788379	Production of 3-hydroxypropionic acid from glycerol by acid tolerant Escherichia coli.	The biological production of 3-hydroxypropionic acid (3-HP) has attracted significant attention because of its industrial importance. The low titer, yield and productivity, all of which are related directly or indirectly to the toxicity of 3-HP, have limited the commercial production of 3-HP. The aim of this study was to identify and select a 3-HP tolerant Escherichia coli strain among nine strains reported to produce various organic acids efficiently at high titer. When transformed with heterologous glycerol dehydratase, reactivase and aldehyde dehydrogenase, all nine E. coli strains produced 3-HP from glycerol but the level of 3-HP production, protein expression and activities of the important enzymes differed significantly according to the strain. Two E. coli strains, W3110 and W, showed higher levels of growth than the others in the presence of 25 g/L 3-HP. In the glycerol fed-batch bioreactor experiments, the recombinant E. coli W produced a high level of 3-HP at 460 ± 10 mM (41.5 ± 1.1 g/L) in 48 h with a yield of 31 % and a productivity of 0.86 ± 0.05 g/L h. In contrast, the recombinant E. coli W3110 produced only 180 ± 8.5 mM 3-HP (15.3 ± 0.8 g/L) in 48 h with a yield and productivity of 26 % and 0.36 ± 0.02 g/L h, respectively. This shows that the tolerance to and the production of 3-HP differ significantly among the well-known, similar strains of E. coli. The titer and productivity obtained with E. coli W were the highest reported thus far for the biological production of 3-HP from glycerol by E. coli.	Journal of industrial microbiology & biotechnology	2014		10.1007/s10295-014-1451-2	Journal Article,Research Support, Non-U.S. Gov't,	[ForeName:Mugesh,LastName:Sankaranarayanan] [ForeName:Somasundar,LastName:Ashok] [ForeName:Sunghoon,LastName:Park]
21570474	Stepwise increase of resveratrol biosynthesis in yeast Saccharomyces cerevisiae by metabolic engineering.	Resveratrol is a unique, natural polyphenolic compound with diverse health benefits. In the present study, we attempted to improve resveratrol biosynthesis in yeast by different methods of metabolic engineering. We first mutated and then re-synthesized tyrosine ammonia lyase (TAL) by replacing the bacteria codons with yeast-preferred codons, which increased translation and improved p-coumaric acid and resveratrol biosynthesis drastically. We then demonstrated that low-affinity, high-capacity bacterial araE transporter could enhance resveratrol accumulation, without transporting resveratrol directly. Yeast cells carrying the araE gene produced up to 2.44-fold higher resveratrol than control cells. For commercial applications, resveratrol biosynthesis was detected in sucrose medium and fresh grape juice using our engineered yeast cells. In collaboration with the Chaumette Winery of Missouri, we were able to produce resveratrol-containing white wines, with levels comparable to the resveratrol levels found in most red wines.	Metabolic engineering	2011		10.1016/j.ymben.2011.04.005	Journal Article,Research Support, U.S. Gov't, Non-P.H.S.,	[ForeName:Yechun,LastName:Wang] [ForeName:Coralie,LastName:Halls] [ForeName:Juan,LastName:Zhang] [ForeName:Michiyo,LastName:Matsuno] [ForeName:Yansheng,LastName:Zhang] [ForeName:Oliver,LastName:Yu]
19944775	Rational design and construction of an efficient E. coli for production of diapolycopendioic acid.	We applied elementary mode analysis to a recombinant metabolic network of carotenoid-producing E. coli in order to identify multiple-gene knockouts for an enhanced synthesis of the carotenoids diapolycopendial (DPL) and diapolycopendioic acid (DPA). Based on the model, all inefficient carotenoid biosynthesis pathways were eliminated in a strain containing a combination of eight gene deletions. To validate the model prediction, the designed strain was constructed and tested for its performance. The designed mutant produces the carotenoids at significantly increased yields and rates as compared to the wild-type. The consistency between model prediction and experimental results demonstrates that elementary mode analysis is useful as a guiding tool also for the rational strain design of more complex pathways for secondary metabolite production.	Metabolic engineering	2010	2875070.0	10.1016/j.ymben.2009.11.002	Journal Article,Research Support, N.I.H., Extramural,Research Support, Non-U.S. Gov't,	[ForeName:Pornkamol,LastName:Unrean] [ForeName:Cong T,LastName:Trinh] [ForeName:Friedrich,LastName:Srienc]
25258165	Improving product yields on D-glucose in Escherichia coli via knockout of pgi and zwf and feeding of supplemental carbon sources.	The use of lignocellulosic biomass as a feedstock for microbial fermentation processes presents an opportunity for increasing the yield of bioproducts derived directly from glucose. Lignocellulosic biomass consists of several fermentable sugars, including glucose, xylose, and arabinose. In this study, we investigate the ability of an E. coli Δpgi Δzwf mutant to consume alternative carbon sources (xylose, arabinose, and glycerol) for growth while reserving glucose for product formation. Deletion of pgi and zwf was found to eliminate catabolite repression as well as the ability of E. coli to consume glucose for biomass formation. In addition, the yield from glucose of the bioproduct D-glucaric acid was significantly increased in a Δpgi Δzwf strain.	Biotechnology and bioengineering	2015	4629491.0	10.1002/bit.25470	Journal Article,Research Support, N.I.H., Extramural,Research Support, U.S. Gov't, Non-P.H.S.,	[ForeName:Eric,LastName:Shiue] [ForeName:Irene M,LastName:Brockman] [ForeName:Kristala L J,LastName:Prather]
24055790	Model-driven rebalancing of the intracellular redox state for optimization of a heterologous n-butanol pathway in Escherichia coli.	The intracellular redox state plays an important role in the cellular physiology that determines the efficiency of chemical and biofuel production by microbial cell factories. However, it is difficult to achieve optimal redox rebalancing of synthetic pathways owing to the sensitive responses of cellular physiology according as the intracellular redox state changes. Here, we demonstrate optimal rebalancing of the intracellular redox state by model-driven control of expression using n-butanol production in Escherichia coli as a model system. The synthetic n-butanol production pathway was constructed by implementing synthetic constitutive promoters and designing synthetic 5'-untranslated regions (5'-UTR) for each gene. Redox rebalancing was achieved by anaerobically activating the pyruvate dehydrogenase (PDH) complex and additionally tuning the expression level of NAD(+)-dependent formate dehydrogenase (fdh1 from Saccharomyces cerevisiae) through rational UTR engineering. Interestingly, efficient production of n-butanol required different amounts of reducing equivalents depending on whether the substrate was glucose or galactose. One intriguing implication of this work is that additional strain improvement can be achieved, even within given genetic components, through rebalancing intracellular redox state according to target products and substrates.	Metabolic engineering	2013		10.1016/j.ymben.2013.09.003	Journal Article,Research Support, Non-U.S. Gov't,	[ForeName:Jae Hyung,LastName:Lim] [ForeName:Sang Woo,LastName:Seo] [ForeName:Se Yeon,LastName:Kim] [ForeName:Gyoo Yeol,LastName:Jung]
21926202	Engineering Escherichia coli for biodiesel production utilizing a bacterial fatty acid methyltransferase.	The production of low-cost biofuels in engineered microorganisms is of great interest due to the continual increase in the world's energy demands. Biodiesel is a renewable fuel that can potentially be produced in microbes cost-effectively. Fatty acid methyl esters (FAMEs) are a common component of biodiesel and can be synthesized from either triacylglycerol or free fatty acids (FFAs). Here we report the identification of a novel bacterial fatty acid methyltransferase (FAMT) that catalyzes the formation of FAMEs and 3-hydroxyl fatty acid methyl esters (3-OH-FAMEs) from the respective free acids and S-adenosylmethionine (AdoMet). FAMT exhibits a higher specificity toward 3-hydroxy free fatty acids (3-OH-FFAs) than FFAs, synthesizing 3-hydroxy fatty acid methyl esters (3-OH-FAMEs) in vivo. We have also identified bacterial members of the fatty acyl-acyl carrier protein (ACP) thioesterase (FAT) enzyme family with distinct acyl chain specificities. These bacterial FATs exhibit increased specificity toward 3-hydroxyacyl-ACP, generating 3-OH-FFAs, which can subsequently be utilized by FAMTs to produce 3-OH-FAMEs. PhaG (3-hydroxyacyl ACP:coenzyme A [CoA] transacylase) constitutes an alternative route to 3-OH-FFA synthesis; the coexpression of PhaG with FAMT led to the highest level of accumulation of 3-OH-FAMEs and FAMEs. The availability of AdoMet, the second substrate for FAMT, is an important factor regulating the amount of methyl esters produced by bacterial cells. Our results indicate that the deletion of the global methionine regulator metJ and the overexpression of methionine adenosyltransferase result in increased methyl ester synthesis.	Applied and environmental microbiology	2011	3208989.0	10.1128/AEM.05046-11	Journal Article,Research Support, Non-U.S. Gov't,Research Support, U.S. Gov't, Non-P.H.S.,	[ForeName:Parwez,LastName:Nawabi] [ForeName:Stefan,LastName:Bauer] [ForeName:Nikos,LastName:Kyrpides] [ForeName:Athanasios,LastName:Lykidis]
23141473	Engineering Escherichia coli for production of C₁₂-C₁₄ polyhydroxyalkanoate from glucose.	Demand for sustainable materials motivates the development of microorganisms capable of synthesizing products from renewable substrates. A challenge to commercial production of polyhydroxyalkanoates (PHA), microbially derived polyesters, is engineering metabolic pathways to produce a polymer with the desired monomer composition from an unrelated and renewable source. Here, we demonstrate a metabolic pathway for converting glucose into medium-chain-length (mcl)-PHA composed primarily of 3-hydroxydodecanoate monomers. This pathway combines fatty acid biosynthesis, an acyl-ACP thioesterase to generate desired C₁₂ and C₁₄ fatty acids, β-oxidation for conversion of fatty acids to (R)-3-hydroxyacyl-CoAs, and a PHA polymerase. A key finding is that Escherichia coli expresses multiple copies of enzymes involved in β-oxidation under aerobic conditions. To produce polyhydroxydodecanoate, an acyl-ACP thioesterase (BTE), an enoyl-CoA hydratase (phaJ3), and mcl-PHA polymerase (phaC2) were overexpressed in E. coli ΔfadRABIJ. Yields were improved through expression of an acyl-CoA synthetase resulting in production over 15% CDW--the highest reported production of mcl-PHA of a defined composition from an unrelated carbon source.	Metabolic engineering	2012	3838867.0	10.1016/j.ymben.2012.08.003	Journal Article,Research Support, N.I.H., Extramural,Research Support, Non-U.S. Gov't,Research Support, U.S. Gov't, Non-P.H.S.,	[ForeName:Daniel E,LastName:Agnew] [ForeName:Amanda K,LastName:Stevermer] [ForeName:J Tyler,LastName:Youngquist] [ForeName:Brian F,LastName:Pfleger]
20929806	Isoprenoid pathway optimization for Taxol precursor overproduction in Escherichia coli.	Taxol (paclitaxel) is a potent anticancer drug first isolated from the Taxus brevifolia Pacific yew tree. Currently, cost-efficient production of Taxol and its analogs remains limited. Here, we report a multivariate-modular approach to metabolic-pathway engineering that succeeded in increasing titers of taxadiene--the first committed Taxol intermediate--approximately 1 gram per liter (~15,000-fold) in an engineered Escherichia coli strain. Our approach partitioned the taxadiene metabolic pathway into two modules: a native upstream methylerythritol-phosphate (MEP) pathway forming isopentenyl pyrophosphate and a heterologous downstream terpenoid-forming pathway. Systematic multivariate search identified conditions that optimally balance the two pathway modules so as to maximize the taxadiene production with minimal accumulation of indole, which is an inhibitory compound found here. We also engineered the next step in Taxol biosynthesis, a P450-mediated 5α-oxidation of taxadiene to taxadien-5α-ol. More broadly, the modular pathway engineering approach helped to unlock the potential of the MEP pathway for the engineered production of terpenoid natural products.	Science (New York, N.Y.)	2010	3034138.0	10.1126/science.1191652	Journal Article,Research Support, N.I.H., Extramural,Research Support, Non-U.S. Gov't,	[ForeName:Parayil Kumaran,LastName:Ajikumar] [ForeName:Wen-Hai,LastName:Xiao] [ForeName:Keith E J,LastName:Tyo] [ForeName:Yong,LastName:Wang] [ForeName:Fritz,LastName:Simeon] [ForeName:Effendi,LastName:Leonard] [ForeName:Oliver,LastName:Mucha] [ForeName:Too Heng,LastName:Phon] [ForeName:Blaine,LastName:Pfeifer] [ForeName:Gregory,LastName:Stephanopoulos]
14554199	Metabolic engineering of Saccharomyces cerevisiae for the synthesis of the wine-related antioxidant resveratrol.	The stilbene resveratrol is a stress metabolite produced by Vitis vinifera grapevines during fungal infection, wounding or UV radiation. Resveratrol is synthesised particularly in the skins of grape berries and only trace amounts are present in the fruit flesh. Red wine contains a much higher resveratrol concentration than white wine, due to skin contact during fermentation. Apart from its antifungal characteristics, resveratrol has also been shown to have cancer chemopreventive activity and to reduce the risk of coronary heart disease. It acts as an antioxidant and anti-mutagen and has the ability to induce specific enzymes that metabolise carcinogenic substances. The objective of this pilot study was to investigate the feasibility of developing wine yeasts with the ability to produce resveratrol during fermentation in both red and white wines, thereby increasing the wholesomeness of the product. To achieve this goal, the phenylpropanoid pathway in Saccharomyces cerevisiae would have to be introduced to produce p-coumaroyl-CoA, one of the substrates required for resveratrol synthesis. The other substrate for resveratrol synthase, malonyl-CoA, is already found in yeast and is involved in de novo fatty-acid biosynthesis. We hypothesised that production of p-coumaroyl-CoA and resveratrol can be achieved by co-expressing the coenzyme-A ligase-encoding gene (4CL216) from a hybrid poplar and the grapevine resveratrol synthase gene (vst1) in laboratory strains of S. cerevisiae. This yeast has the ability to metabolise p-coumaric acid, a substance already present in grape must. This compound was therefore added to the synthetic media used for the growth of laboratory cultures. Transformants expressing both the 4CL216 and vst1 genes were obtained and tested for production of resveratrol. Following beta-glucosidase treatment of organic extracts for removal of glucose moieties that are typically bound to resveratrol, the results showed that the yeast transformants had produced the resveratrol beta-glucoside, piceid. This is the first report of the reconstruction of a biochemical pathway in a heterologous host to produce resveratrol.	FEMS yeast research	2003		10.1016/S1567-1356(03)00157-0	Journal Article,Research Support, Non-U.S. Gov't,	[ForeName:John V W,LastName:Becker] [ForeName:Gareth O,LastName:Armstrong] [ForeName:Marthinus J,LastName:van der Merwe] [ForeName:Marius G,LastName:Lambrechts] [ForeName:Melané A,LastName:Vivier] [ForeName:Isak S,LastName:Pretorius]
15040955	Minimal metabolic engineering of Saccharomyces cerevisiae for efficient anaerobic xylose fermentation: a proof of principle.	When xylose metabolism in yeasts proceeds exclusively via NADPH-specific xylose reductase and NAD-specific xylitol dehydrogenase, anaerobic conversion of the pentose to ethanol is intrinsically impossible. When xylose reductase has a dual specificity for both NADPH and NADH, anaerobic alcoholic fermentation is feasible but requires the formation of large amounts of polyols (e.g., xylitol) to maintain a closed redox balance. As a result, the ethanol yield on xylose will be sub-optimal. This paper demonstrates that anaerobic conversion of xylose to ethanol, without substantial by-product formation, is possible in Saccharomyces cerevisiae when a heterologous xylose isomerase (EC 5.3.1.5) is functionally expressed. Transformants expressing the XylA gene from the anaerobic fungus Piromyces sp. E2 (ATCC 76762) grew in synthetic medium in shake-flask cultures on xylose with a specific growth rate of 0.005 h(-1). After prolonged cultivation on xylose, a mutant strain was obtained that grew aerobically and anaerobically on xylose, at specific growth rates of 0.18 and 0.03 h(-1), respectively. The anaerobic ethanol yield was 0.42 g ethanol x g xylose(-1) and also by-product formation was comparable to that of glucose-grown anaerobic cultures. These results illustrate that only minimal genetic engineering is required to recruit a functional xylose metabolic pathway in Saccharomyces cerevisiae. Activities and/or regulatory properties of native S. cerevisiae gene products can subsequently be optimised via evolutionary engineering. These results provide a gateway towards commercially viable ethanol production from xylose with S. cerevisiae.	FEMS yeast research	2004		10.1016/j.femsyr.2004.01.003	Evaluation Study,Journal Article,Research Support, Non-U.S. Gov't,	[ForeName:Marko,LastName:Kuyper] [ForeName:Aaron A,LastName:Winkler] [ForeName:Johannes P,LastName:van Dijken] [ForeName:Jack T,LastName:Pronk]
15113568	Engineering of Saccharomyces cerevisiae for the production of L-glycerol 3-phosphate.	L-glycerol 3-phosphate (L-G3P) was accumulated in Saccharomyces cerevisiae by pathway engineering. Intracellular concentration of this metabolic intermediate could be increased more than 20 times compared to the wild type by overexpressing GPD1 encoding the glycerol 3-phosphate dehydrogenase in a gpp1 Delta gpp2 Delta mutant which lacks both isoenzymes of glycerol 3-phosphatase. Investigation of cellular pattern of triacylglycerols and glycerophospholipids did not reveal considerable changes due to accumulation of their precursor L-G3P. Hyperosmotic stress did not affect the L-G3P pool in the gpp1 Delta gpp2 Delta mutant overexpressing GPD1 despite an about 4-fold increase of specific GPD activity. In contrast, oxygen limitation improved intracellular L-G3P concentration by enhancing the availability of cytosolic NADH. The reduction of pyruvate decarboxylase activity by deleting PDC2 led to an additional increase. In fact, the triple mutant gpp1 Delta gpp2 Delta pdc2 Delta overexpressing GPD1 accumulated 17 mg L-G3P/g dry weight during glucose batch fermentation under oxygen limitation. This value corresponds to an about 100-fold increase compared to that found in the wild type.	Metabolic engineering	2004		10.1016/j.ymben.2004.02.005	Comparative Study,Evaluation Study,Journal Article,Research Support, Non-U.S. Gov't,Validation Study,	[ForeName:H T T,LastName:Nguyen] [ForeName:A,LastName:Dieterich] [ForeName:K,LastName:Athenstaedt] [ForeName:N H,LastName:Truong] [ForeName:U,LastName:Stahl] [ForeName:E,LastName:Nevoigt]
16289778	In silico aided metabolic engineering of Saccharomyces cerevisiae for improved bioethanol production.	In silico genome-scale cell models are promising tools for accelerating the design of cells with improved and desired properties. We demonstrated this by using a genome-scale reconstructed metabolic network of Saccharomyces cerevisiae to score a number of strategies for metabolic engineering of the redox metabolism that will lead to decreased glycerol and increased ethanol yields on glucose under anaerobic conditions. The best-scored strategies were predicted to completely eliminate formation of glycerol and increase ethanol yield with 10%. We successfully pursued one of the best strategies by expressing a non-phosphorylating, NADP(+)-dependent glyceraldehyde-3-phosphate dehydrogenase in S. cerevisiae. The resulting strain had a 40% lower glycerol yield on glucose while the ethanol yield increased with 3% without affecting the maximum specific growth rate. Similarly, expression of GAPN in a strain harbouring xylose reductase and xylitol dehydrogenase led to an improvement in ethanol yield by up to 25% on xylose/glucose mixtures.	Metabolic engineering	2006		10.1016/j.ymben.2005.09.007	Comparative Study,Journal Article,	[ForeName:Christoffer,LastName:Bro] [ForeName:Birgitte,LastName:Regenberg] [ForeName:Jochen,LastName:Förster] [ForeName:Jens,LastName:Nielsen]
24512040	Microbial production of sabinene--a new terpene-based precursor of advanced biofuel.	Sabinene, one kind of monoterpene, accumulated limitedly in natural organisms, is being explored as a potential component for the next generation of aircraft fuels. And demand for advanced fuels impels us to develop biosynthetic routes for the production of sabinene from renewable sugar.	Microbial cell factories	2014	3923588.0	10.1186/1475-2859-13-20	Journal Article,Research Support, Non-U.S. Gov't,	[ForeName:Haibo,LastName:Zhang] [ForeName:Qiang,LastName:Liu] [ForeName:Yujin,LastName:Cao] [ForeName:Xinjun,LastName:Feng] [ForeName:Yanning,LastName:Zheng] [ForeName:Huibin,LastName:Zou] [ForeName:Hui,LastName:Liu] [ForeName:Jianming,LastName:Yang] [ForeName:Mo,LastName:Xian]
24333607	Metabolic engineering of fatty acyl-ACP reductase-dependent pathway to improve fatty alcohol production in Escherichia coli.	Fatty alcohols are important components of surfactants and cosmetic products. The production of fatty alcohols from sustainable resources using microbial fermentation could reduce dependence on fossil fuels and greenhouse gas emission. However, the industrialization of this process has been hampered by the current low yield and productivity of this synthetic pathway. As a result of metabolic engineering strategies, an Escherichia coli mutant containing Synechococcus elongatus fatty acyl-ACP reductase showed improved yield and productivity. Proteomics analysis and in vitro enzymatic assays showed that endogenous E. coli AdhP is a major contributor to the reduction of fatty aldehydes to fatty alcohols. Both in vitro and in vivo results clearly demonstrated that the activity and expression level of fatty acyl-CoA/ACP reductase is the rate-limiting step in the current protocol. In 2.5-L fed-batch fermentation with glycerol as the only carbon source, the most productive E. coli mutant produced 0.75 g/L fatty alcohols (0.02 g fatty alcohol/g glycerol) with a productivity of up to 0.06 g/L/h. This investigation establishes a promising synthetic pathway for industrial microbial production of fatty alcohols.	Metabolic engineering	2014		10.1016/j.ymben.2013.12.004	Journal Article,Research Support, Non-U.S. Gov't,	[ForeName:Ran,LastName:Liu] [ForeName:Fayin,LastName:Zhu] [ForeName:Lei,LastName:Lu] [ForeName:Aisi,LastName:Fu] [ForeName:Jiankai,LastName:Lu] [ForeName:Zixin,LastName:Deng] [ForeName:Tiangang,LastName:Liu]
22123987	Synthesis of three advanced biofuels from ionic liquid-pretreated switchgrass using engineered Escherichia coli.	One approach to reducing the costs of advanced biofuel production from cellulosic biomass is to engineer a single microorganism to both digest plant biomass and produce hydrocarbons that have the properties of petrochemical fuels. Such an organism would require pathways for hydrocarbon production and the capacity to secrete sufficient enzymes to efficiently hydrolyze cellulose and hemicellulose. To demonstrate how one might engineer and coordinate all of the necessary components for a biomass-degrading, hydrocarbon-producing microorganism, we engineered a microorganism naïve to both processes, Escherichia coli, to grow using both the cellulose and hemicellulose fractions of several types of plant biomass pretreated with ionic liquids. Our engineered strains express cellulase, xylanase, beta-glucosidase, and xylobiosidase enzymes under control of native E. coli promoters selected to optimize growth on model cellulosic and hemicellulosic substrates. Furthermore, our strains grow using either the cellulose or hemicellulose components of ionic liquid-pretreated biomass or on both components when combined as a coculture. Both cellulolytic and hemicellulolytic strains were further engineered with three biofuel synthesis pathways to demonstrate the production of fuel substitutes or precursors suitable for gasoline, diesel, and jet engines directly from ionic liquid-treated switchgrass without externally supplied hydrolase enzymes. This demonstration represents a major advance toward realizing a consolidated bioprocess. With improvements in both biofuel synthesis pathways and biomass digestion capabilities, our approach could provide an economical route to production of advanced biofuels.	Proceedings of the National Academy of Sciences of the United States of America	2011	3250153.0	10.1073/pnas.1106958108	Journal Article,Research Support, N.I.H., Extramural,Research Support, Non-U.S. Gov't,Research Support, U.S. Gov't, Non-P.H.S.,	[ForeName:Gregory,LastName:Bokinsky] [ForeName:Pamela P,LastName:Peralta-Yahya] [ForeName:Anthe,LastName:George] [ForeName:Bradley M,LastName:Holmes] [ForeName:Eric J,LastName:Steen] [ForeName:Jeffrey,LastName:Dietrich] [ForeName:Taek Soon,LastName:Lee] [ForeName:Danielle,LastName:Tullman-Ercek] [ForeName:Christopher A,LastName:Voigt] [ForeName:Blake A,LastName:Simmons] [ForeName:Jay D,LastName:Keasling]
25116045	Enhanced production of fatty alcohols by engineering the TAGs synthesis pathway in Saccharomyces cerevisiae.	The production of fatty acid-derived chemicals has received a great deal of attention in recent years. In yeast cells, the main storage forms of fatty acids are TAGs. However, the conversion of TAGs into fatty acid derivatives suffers from a practical standpoint. Herein, a more direct strategy was applied to accumulate cellular fatty acyl-CoAs in Saccharomyces cerevisiae, which are the activated forms of fatty acids and used as important precursors for various converting enzymes. The dga1 gene was deleted to block the fatty acyl-CoAs dependent pathway of TAGs synthesis and a significant decrease in lipid content was observed. The FAR gene was cloned and overexpressed in the wild type strain and gene disrupted strain, to convert the fatty acyl-CoAs to the corresponding fatty acid derivatives. The metabolic engineered pathway resulted in enhanced production of fatty alcohols. Compared with the wild type strain with overexpressed FAR gene, the yield of fatty alcohols in the Δdga1 strain with FAR was dramatically increased: the intracellular fatty alcohols increased from 26 mg/L to 45 mg/L, while the extracellular fatty alcohols increased from 2.2 mg/L to 4.3 mg/L. By optimizing the culture medium with increased carbon concentration and limited nitrogen concentration, the fatty alcohols yield in the Δdga1 strain with FAR was further increased to 84 mg/L in cells and 14 mg/L secreted in broth. The results in this study demonstrated the feasibility of using the designed strategy to solve the bottleneck in utilizing TAGs for fatty acid derivatives production.	Biotechnology and bioengineering	2015		10.1002/bit.25356	Journal Article,Research Support, Non-U.S. Gov't,	[ForeName:Xiaoling,LastName:Tang] [ForeName:Wei Ning,LastName:Chen]
20601068	Metabolic engineering of Escherichia coli for the production of succinate from glycerol.	Glycerol has become an ideal feedstock for the microbial production of bio-based chemicals due to its abundance, low cost, and high degree of reduction. We have previously reported the pathways and mechanisms for the utilization of glycerol by Escherichia coli in minimal salts medium under microaerobic conditions. Here we capitalize on such results to engineer E. coli for the production of value-added succinate from glycerol. Through metabolic engineering of E. coli metabolism, succinate production was greatly elevated by (1) blocking pathways for the synthesis of competing by-products lactate, ethanol, and acetate and (2) expressing Lactococcus lactis pyruvate carboxylase to drive the generation of succinate from the pyruvate node (as opposed to that of phosphoenolpyruvate). As such, these metabolic engineering strategies coupled cell growth to succinate production because the synthesis of succinate remained as the primary route of NAD+ regeneration. This feature enabled the operation of the succinate pathway in the absence of selective pressure (e.g. antibiotics). Our biocatalysts demonstrated a maximum specific productivity of approximately 400 mg succinate/g cell/h and a yield of 0.69 g succinate/g glycerol, on par with the use of glucose as a feedstock.	Metabolic engineering	2010		10.1016/j.ymben.2010.06.002	Journal Article,Research Support, U.S. Gov't, Non-P.H.S.,	[ForeName:Matthew D,LastName:Blankschien] [ForeName:James M,LastName:Clomburg] [ForeName:Ramon,LastName:Gonzalez]
23456608	Improved polyhydroxybutyrate production by Saccharomyces cerevisiae through the use of the phosphoketolase pathway.	The metabolic pathways of the central carbon metabolism in Saccharomyces cerevisiae are well studied and consequently S. cerevisiae has been widely evaluated as a cell factory for many industrial biological products. In this study, we investigated the effect of engineering the supply of precursor, acetyl-CoA, and cofactor, NADPH, on the biosynthesis of the bacterial biopolymer polyhydroxybutyrate (PHB), in S. cerevisiae. Supply of acetyl-CoA was engineered by over-expression of genes from the ethanol degradation pathway or by heterologous expression of the phophoketolase pathway from Aspergillus nidulans. Both strategies improved the production of PHB. Integration of gapN encoding NADP(+) -dependent glyceraldehyde-3-phosphate dehydrogenase from Streptococcus mutans into the genome enabled an increased supply of NADPH resulting in a decrease in glycerol production and increased production of PHB. The strategy that resulted in the highest PHB production after 100 h was with a strain harboring the phosphoketolase pathway to supply acetyl-CoA without the need of increased NADPH production by gapN integration. The results from this study imply that during the exponential growth on glucose, the biosynthesis of PHB in S. cerevisiae is likely to be limited by the supply of NADPH whereas supply of acetyl-CoA as precursor plays a more important role in the improvement of PHB production during growth on ethanol.	Biotechnology and bioengineering	2013		10.1002/bit.24888	Journal Article,Research Support, Non-U.S. Gov't,	[ForeName:Kanokarn,LastName:Kocharin] [ForeName:Verena,LastName:Siewers] [ForeName:Jens,LastName:Nielsen]
23026122	Enhancing fatty acid production by the expression of the regulatory transcription factor FadR.	Fatty acids are important precursors to biofuels. The Escherichia coli FadR is a transcription factor that regulates several processes in fatty acid biosynthesis, degradation, and membrane transport. By tuning the expression of FadR in an engineered E. coli host, we were able to increase fatty acid titer by 7.5-fold over our previously engineered fatty acid-producing strain, reaching 5.2±0.5g/L and 73% of the theoretical yield. The mechanism by which FadR enhanced fatty acid yield was studied by whole-genome transcriptional analysis (microarray) and targeted proteomics. Overexpression of FadR led to transcriptional changes for many genes, including genes involved in fatty acid pathways. The biggest transcriptional changes in fatty acid pathway genes included fabB, fabF, and accA. Overexpression of any of these genes alone did not result in a high yield comparable to fadR expression, indicating that FadR enhanced fatty acid production globally by tuning the expression levels of many genes to optimal levels.	Metabolic engineering	2012		10.1016/j.ymben.2012.08.009	Journal Article,Research Support, Non-U.S. Gov't,Research Support, U.S. Gov't, Non-P.H.S.,	[ForeName:Fuzhong,LastName:Zhang] [ForeName:Mario,LastName:Ouellet] [ForeName:Tanveer S,LastName:Batth] [ForeName:Paul D,LastName:Adams] [ForeName:Christopher J,LastName:Petzold] [ForeName:Aindrila,LastName:Mukhopadhyay] [ForeName:Jay D,LastName:Keasling]
17500021	A metabolic and genomic study of engineered Saccharomyces cerevisiae strains for high glycerol production.	Towards a global objective to produce chemical derivatives by microbial processes, this work dealt with a metabolic engineering of the yeast Saccharomyces cerevisiae for glycerol production. To accomplish this goal, overexpression of GPD1 was introduced in a tpi1delta mutant defective in triose phosphate isomerase. This strategy alleviated the inositol-less phenotype of this mutant, by reducing the levels of dihydroxyacetone phosphate and glycerol-3-P, two potent inhibitors of myo-inositol synthase that catalyzes the formation of inositol-6-phosphate from glucose-6-phosphate. Further deletion of ADH1 and overexpression of ALD3, encoding, respectively, the major NAD+-dependent alcohol dehydrogenase and a cytosolic NAD+-dependent aldehyde dehydrogenase yielded a yeast strain able to produce 0.46 g glycerol (g glucose)(-1) at a maximal rate of 3.1 mmol (g dry mass)(-1) h(-1) in aerated batch cultures. At the metabolic level, this genetic strategy shifted the flux control coefficient of the pathway to the level of the glycerol efflux, with a consequent intracellular accumulation of glycerol that could be partially reduced by the overproduction of glycerol exporter encoded by FPS1. At the transcriptomic level, this metabolic reprogramming brought about the upregulation of genes encoding NAD+/NADP+ binding proteins, a partial derepression of genes coding for TCA cycle and respiratory enzymes, and a downregulation of genes implicated in protein biosynthesis and ribosome biogenesis. Altogether, these metabolic and molecular alterations stand for major hurdles that may represent potential targets for further optimizing glycerol production in yeast.	Metabolic engineering	2007		10.1016/j.ymben.2007.03.002	Journal Article,Research Support, Non-U.S. Gov't,	[ForeName:Hélène,LastName:Cordier] [ForeName:Filipa,LastName:Mendes] [ForeName:Isabel,LastName:Vasconcelos] [ForeName:Jean M,LastName:François]
23246520	Metabolic engineering of Escherichia coli for the production of 5-aminovalerate and glutarate as C5 platform chemicals.	5-Aminovalerate (5AVA) is the precursor of valerolactam, a potential building block for producing nylon 5, and is a C5 platform chemical for synthesizing 5-hydroxyvalerate, glutarate, and 1,5-pentanediol. Escherichia coli was metabolically engineered for the production of 5-aminovalerate (5AVA) and glutarate. When the recombinant E. coli WL3110 strain expressing the Pseudomonas putidadavAB genes encoding delta-aminovaleramidase and lysine 2-monooxygenase, respectively, were cultured in a medium containing 20g/L of glucose and 10g/L of L-lysine, 3.6g/L of 5AVA was produced by converting 7g/L of L-lysine. When the davAB genes were introduced into recombinant E. coli strainXQ56allowing enhanced L-lysine synthesis, 0.27 and 0.5g/L of 5AVA were produced directly from glucose by batch and fed-batch cultures, respectively. Further conversion of 5AVA into glutarate could be demonstrated by expression of the P. putida gabTD genes encoding 5AVA aminotransferase and glutarate semialdehyde dehydrogenase. When recombinant E. coli WL3110 strain expressing the davAB and gabTD genes was cultured in a medium containing 20g/L glucose, 10g/L L-lysine and 10g/L α-ketoglutarate, 1.7g/L of glutarate was produced.	Metabolic engineering	2013		10.1016/j.ymben.2012.11.011	Journal Article,Research Support, Non-U.S. Gov't,	[ForeName:Si Jae,LastName:Park] [ForeName:Eun Young,LastName:Kim] [ForeName:Won,LastName:Noh] [ForeName:Hye Min,LastName:Park] [ForeName:Young Hoon,LastName:Oh] [ForeName:Seung Hwan,LastName:Lee] [ForeName:Bong Keun,LastName:Song] [ForeName:Jonggeon,LastName:Jegal] [ForeName:Sang Yup,LastName:Lee]
25162943	Rational and combinatorial approaches to engineering styrene production by Saccharomyces cerevisiae.	Styrene is an important building-block petrochemical and monomer used to produce numerous plastics. Whereas styrene bioproduction by Escherichia coli was previously reported, the long-term potential of this approach will ultimately rely on the use of hosts with improved industrial phenotypes, such as the yeast Saccharomyces cerevisiae.	Microbial cell factories	2014	4145238.0	10.1186/s12934-014-0123-2	Journal Article,	[ForeName:Rebekah,LastName:McKenna] [ForeName:Brian,LastName:Thompson] [ForeName:Shawn,LastName:Pugh] [ForeName:David R,LastName:Nielsen]
24997118	Metabolic engineering of Saccharomyces cerevisiae for itaconic acid production.	Renewable alternatives for petroleum-derived chemicals are achievable through biosynthetic production. Here, we utilize Saccharomyces cerevisiae to enable the synthesis of itaconic acid, a molecule with diverse applications as a petrochemical replacement. We first optimize pathway expression within S. cerevisiae through the use of a hybrid promoter. Next, we utilize sequential, in silico computational genome-scanning to identify beneficial genetic perturbations that are metabolically distant from the itaconic acid synthesis pathway. In this manner, we successfully identify three non-obvious genetic targets (∆ade3 ∆bna2 ∆tes1) that successively improve itaconic acid titer. We establish that focused manipulations of upstream pathway enzymes (localized refactoring) and enzyme re-localization to both mitochondria and cytosol fail to improve itaconic acid titers. Finally, we establish a higher cell density fermentation that ultimately achieves itaconic acid titer of 168 mg/L, a sevenfold improvement over initial conditions. This work represents an attempt to increase itaconic acid production in yeast and demonstrates the successful utilization of computationally guided genetic manipulation to increase metabolic capacity.	Applied microbiology and biotechnology	2014		10.1007/s00253-014-5895-0	Journal Article,Research Support, Non-U.S. Gov't,	[ForeName:John,LastName:Blazeck] [ForeName:Jarrett,LastName:Miller] [ForeName:Anny,LastName:Pan] [ForeName:Jon,LastName:Gengler] [ForeName:Clinton,LastName:Holden] [ForeName:Mariam,LastName:Jamoussi] [ForeName:Hal S,LastName:Alper]
24773075	Metabolic engineering of Escherichia coli for production of butyric acid.	The butyrate production by engineered Escherichia coli is afflicted by both low titer and low selectivity (defined as the butyrate/acetate (B/A) ratio). To address this issue, a strategy for metabolic engineering of E. coli was implemented including (1) elimination of all major NADH-dependent reactions in the fermentation metabolism, (2) reconstruction of a heterologous pathway leading to butyryl-CoA, (3) recruitment of endogenous atoDA for conversion of butyryl-CoA to butyrate with acetate as a CoA acceptor, and (4) removal of the acetate-synthesis pathway. Grown on glucose (20 g/L) plus acetate (8 g/L), the engineered strain consumed almost all glucose and acetate and produced 10 g/L butyrate as a predominant product within 48 h. It leads to high butyrate selectivity with the B/A ratio reaching 143. The result shows that our proposed approach may open a new avenue in biotechnology for production of butyrate in E. coli.	Journal of agricultural and food chemistry	2014		10.1021/jf500355p	Journal Article,Research Support, Non-U.S. Gov't,	[ForeName:Mukesh,LastName:Saini] [ForeName:Zei Wen,LastName:Wang] [ForeName:Chung-Jen,LastName:Chiang] [ForeName:Yun-Peng,LastName:Chao]
18563655	Metabolic engineering of Saccharomyces cerevisiae for efficient production of pure L-(+)-lactic acid.	We developed a metabolically engineered Saccharomyces cerevisiae, which produces optically pure L-lactic acid efficiently using cane juice-based medium. In this recombinant, the coding region of pyruvate decarboxylase (PDC)1 was completely deleted, and six copies of the bovine L-lactate dehydrogenase (L-LDH) genes were introduced on the genome under the control of the PDC1 promoter. To confirm optically pure lactate production in low cost medium, cane juice-based medium was used in fermentation with neutralizing conditions. L-lactate production reached 122 g/L, with 61% of sugar being transformed into L-lactate finally. The optical purity of this L-lactate, that affects the physical characteristics of poly-L-lactic acid, was extremely high, 99.9% or over.	Applied biochemistry and biotechnology	2006		10.1385/ABAB:131:1:795	Journal Article,	[ForeName:Nobuhiro,LastName:Ishida] [ForeName:Satoshi,LastName:Saitoh] [ForeName:Toru,LastName:Ohnishi] [ForeName:Kenro,LastName:Tokuhiro] [ForeName:Eiji,LastName:Nagamori] [ForeName:Katsuhiko,LastName:Kitamoto] [ForeName:Haruo,LastName:Takahashi]
10103226	Homofermentative production of D- or L-lactate in metabolically engineered Escherichia coli RR1.	We investigated metabolic engineering of fermentation pathways in Escherichia coli for production of optically pure D- or L-lactate. Several pta mutant strains were examined, and a pta mutant of E. coli RR1 which was deficient in the phosphotransacetylase of the Pta-AckA pathway was found to metabolize glucose to D-lactate and to produce a small amount of succinate by-product under anaerobic conditions. An additional mutation in ppc made the mutant produce D-lactate like a homofermentative lactic acid bacterium. When the pta ppc double mutant was grown to higher biomass concentrations under aerobic conditions before it shifted to the anaerobic phase of D-lactate production, more than 62.2 g of D-lactate per liter was produced in 60 h, and the volumetric productivity was 1.04 g/liter/h. To examine whether the blocked acetate flux could be reoriented to a nonindigenous L-lactate pathway, an L-lactate dehydrogenase gene from Lactobacillus casei was introduced into a pta ldhA strain which lacked phosphotransacetylase and D-lactate dehydrogenase. This recombinant strain was able to metabolize glucose to L-lactate as the major fermentation product, and up to 45 g of L-lactate per liter was produced in 67 h. These results demonstrate that the central fermentation metabolism of E. coli can be reoriented to the production of D-lactate, an indigenous fermentation product, or to the production of L-lactate, a nonindigenous fermentation product.	Applied and environmental microbiology	1999	91196.0	10.1128/AEM.65.4.1384-1389.1999	Journal Article,Research Support, Non-U.S. Gov't,	[ForeName:D E,LastName:Chang] [ForeName:H C,LastName:Jung] [ForeName:J S,LastName:Rhee] [ForeName:J G,LastName:Pan]
20184964	Quantitative analysis and engineering of fatty acid biosynthesis in E. coli.	Fatty acids are central hydrocarbon intermediates in the biosynthesis of diesel from renewable sources. We have engineered an Escherichia coli cell line that produces 4.5 g/L/day total fatty acid in a fed-batch fermentation. However, further enhancement of fatty acid biosynthesis in this cell line proved unpredictable. To develop a more reliable engineering strategy, a cell-free system was developed that enabled direct, quantitative investigation of fatty acid biosynthesis and its regulation in E. coli. Using this system, the strong dependence of fatty acid synthesis on malonyl-CoA availability and several important phenomena in fatty acid synthesis were verified. Results from this cell-free system were confirmed via the generation and analysis of metabolically engineered strains of E. coli. Our quantitative findings highlight the enormous catalytic potential of the E. coli fatty acid biosynthetic pathway, and target specific steps for protein and metabolic engineering to enhance the catalytic conversion of glucose into biodiesel.	Metabolic engineering	2010		10.1016/j.ymben.2010.02.003	Journal Article,Research Support, Non-U.S. Gov't,Research Support, U.S. Gov't, Non-P.H.S.,	[ForeName:Tiangang,LastName:Liu] [ForeName:Harmit,LastName:Vora] [ForeName:Chaitan,LastName:Khosla]
15885618	Metabolic engineering of Escherichia coli for industrial production of glucosamine and N-acetylglucosamine.	Glucosamine and N-acetylglucosamine are currently produced by extraction and acid hydrolysis of chitin from shellfish waste. Production could be limited by the amount of raw material available and the product potentially carries the risk of shellfish protein contamination. Escherichia coli was modified by metabolic engineering to develop a fermentation process. Over-expression of glucosamine synthase (GlmS) and inactivation of catabolic genes increased glucosamine production by 15 fold, reaching 60 mg l(-1). Since GlmS is strongly inhibited by glucosamine-6-P, GlmS variants were generated via error-prone PCR and screened. Over-expression of an improved enzyme led to a glucosamine titer of 17 g l(-1). Rapid degradation of glucosamine and inhibitory effects of glucosamine and its degradation products on host cells limited further improvement. An alternative fermentation product, N-acetylglucosamine, is stable, non-inhibitory to the host and readily hydrolyzed to glucosamine under acidic conditions. Therefore, the glucosamine pathway was extended to N-acetylglucosamine by over-expressing a heterologous glucosamine-6-P N-acetyltransferase. Using a simple and low-cost fermentation process developed for this strain, over 110 g l(-1) of N-acetylglucosamine was produced.	Metabolic engineering	2005		10.1016/j.ymben.2005.02.001	Evaluation Study,Journal Article,	[ForeName:Ming-De,LastName:Deng] [ForeName:David K,LastName:Severson] [ForeName:Alan D,LastName:Grund] [ForeName:Sarah L,LastName:Wassink] [ForeName:Richard P,LastName:Burlingame] [ForeName:Alan,LastName:Berry] [ForeName:Jeffrey A,LastName:Running] [ForeName:Candice A,LastName:Kunesh] [ForeName:Linsheng,LastName:Song] [ForeName:Thomas A,LastName:Jerrell] [ForeName:Reinhardt A,LastName:Rosson]
23856240	Use of expression-enhancing terminators in Saccharomyces cerevisiae to increase mRNA half-life and improve gene expression control for metabolic engineering applications.	Control of gene and protein expression of both endogenous and heterologous genes is a key component of metabolic engineering. While a large amount of work has been published characterizing promoters for this purpose, less effort has been exerted to elucidate the role of terminators in yeast. In this study, we characterize over 30 terminators for use in metabolic engineering applications in Saccharomyces cerevisiae and determine mRNA half-life changes to be the major cause of the varied protein and transcript expression level. We demonstrate that the difference in transcript level can be over 6.5-fold even for high strength promoters. The influence of terminator selection is magnified when coupled with a low-expression promoter, with a maximum difference in protein expression of 11-fold between an expression-enhancing terminator and the parent plasmid terminator and over 35-fold difference when compared with a no-terminator baseline. This is the first time that terminators have been investigated in the context of multiple promoters spanning orders of magnitude in activity. Finally, we demonstrate the utility of terminator selection for metabolic engineering by using a mutant xylose isomerase gene as a proof-of-concept. Through pairing an expression-enhancing terminator with a low-expression promoter, we were able to achieve the same phenotypic result as with a promoter considerably higher in strength. Moreover, we can further boost the phenotype of the high-strength promoter by pairing it with an expression-enhancing terminator. This work highlights how terminator elements can be used to control metabolic pathways in the same way that promoters are traditionally used in yeast. Together, this work demonstrates that terminators will be an important part of heterologous gene expression and metabolic engineering for yeast in the future.	Metabolic engineering	2013	3769427.0	10.1016/j.ymben.2013.07.001	Journal Article,Research Support, N.I.H., Extramural,	[ForeName:Kathleen A,LastName:Curran] [ForeName:Ashty S,LastName:Karim] [ForeName:Akash,LastName:Gupta] [ForeName:Hal S,LastName:Alper]
25134850	Production of the short peptide surfactant DAMP4 from glucose or sucrose in high cell density cultures of Escherichia coli BL21(DE3).	Peptides are increasingly used in industry as highly functional materials. Bacterial production of recombinant peptides has the potential to provide large amounts of renewable and low cost peptides, however, achieving high product titers from Chemically Defined Media (CDM) supplemented with simple sugars remains challenging.	Microbial cell factories	2014	4229601.0	10.1186/s12934-014-0099-y	Journal Article,Research Support, Non-U.S. Gov't,	[ForeName:Michele,LastName:Bruschi] [ForeName:Jens O,LastName:Krömer] [ForeName:Jennifer A,LastName:Steen] [ForeName:Lars K,LastName:Nielsen]
15543598	Genetic reconstruction of the aerobic central metabolism in Escherichia coli for the absolute aerobic production of succinate.	Most reported efforts to enhance production of the industrially valuable specialty chemical succinate have been done under anaerobic conditions, where E. coli undergoes mixed-acid fermentation. These efforts have often been hampered by the limitations of NADH availability, poor cell growth, and slow production. An aerobic succinate production system was strategically designed that allows E. coli to produce and accumulate succinate efficiently and substantially as a product under absolute aerobic conditions. Mutations in the tricarboxylic acid cycle (sdhAB, icd, iclR) and acetate pathways (poxB, ackA-pta) of E. coli were created to construct the glyoxylate cycle for aerobic succinate production. Experiments in flask studies showed that 14.28 mM of succinate could be produced aerobically with a yield of 0.344 mole/mole using 55 mM glucose. In aerobic batch reactor studies, succinate production rate was faster, reaching 0.5 mole/mole in 24 h with a concentration of 22.12 mM; further cultivation showed that succinate production reached 43 mM with a yield of 0.7. There was also substantial pyruvate and TCA cycle C(6) intermediate accumulation in the mutant. The results suggest that more metabolic engineering improvements can be made to this system to make aerobic succinate production more efficient. Nevertheless, this aerobic succinate production system provides the first platform for enhancing succinate production aerobically in E. coli based on the creation of a new aerobic central metabolic network.	Biotechnology and bioengineering	2005		10.1002/bit.20298	Journal Article,Research Support, U.S. Gov't, Non-P.H.S.,	[ForeName:Henry,LastName:Lin] [ForeName:George N,LastName:Bennett] [ForeName:Ka-Yiu,LastName:San]
21842437	Biosynthesis of polyhydroxyalkanoates containing 2-hydroxybutyrate from unrelated carbon source by metabolically engineered Escherichia coli.	We have previously reported in vivo biosynthesis of polylactic acid (PLA) and poly(3-hydroxybutyrate-co-lactate) [P(3HB-co-LA)] employing metabolically engineered Escherichia coli strains by the introduction of evolved Clostridium propionicum propionyl-CoA transferase (Pct(Cp)) and Pseudomonas sp. MBEL 6-19 polyhydroxyalkanoate (PHA) synthase 1 (PhaC1(Ps6-19)). Using this in vivo PLA biosynthesis system, we presently report the biosynthesis of PHAs containing 2-hydroxybutyrate (2HB) monomer by direct fermentation of a metabolically engineered E. coli strain. The recombinant E. coli ldhA mutant XLdh strain expressing PhaC1( Ps6-19) and Pct(Cp) was developed and cultured in a chemically defined medium containing 20 g/L of glucose and varying concentrations of 2HB and 3HB. PHAs consisting of 2HB, 3HB, and a small fraction of lactate were synthesized. Their monomer compositions were dependent on the concentrations of 2HB and 3HB added to the culture medium. Even though the ldhA gene was completely deleted in the chromosome of E. coli, up to 6 mol% of lactate was found to be incorporated into the polymer depending on the culture condition. In order to synthesize PHAs containing 2HB monomer without feeding 2HB into the culture medium, a heterologous metabolic pathway for the generation of 2HB from glucose was constructed via the citramalate pathway, in which 2-ketobutyrate is synthesized directly from pyruvate and acetyl-CoA. Introduction of the Lactococcus lactis subsp. lactis Il1403 2HB dehydrogenase gene (panE) into E. coli allowed in vivo conversion of 2-ketobutyrate to 2HB. The metabolically engineered E. coli XLdh strain expressing the phaC1437, pct540, cimA3.7, and leuBCD genes together with the L. lactis Il1403 panE gene successfully produced PHAs consisting of 2HB, 3HB, and a small fraction of lactate by varying the 3HB concentration in the culture medium. As the 3HB concentration in the medium increased the 3HB monomer fraction in the polymer, the polymer content increased. When Ralstonia eutropha phaAB genes were additionally expressed in this recombinant E. coli XLdh strain, P(2HB-co-3HB-co-LA) having small amounts of 2HB and LA monomers could also be produced from glucose as a sole carbon source. The metabolic engineering strategy reported here should be useful for the production of PHAs containing 2HB monomer.	Applied microbiology and biotechnology	2012		10.1007/s00253-011-3530-x	Journal Article,Research Support, Non-U.S. Gov't,	[ForeName:Si Jae,LastName:Park] [ForeName:Tae Woo,LastName:Lee] [ForeName:Sung-Chul,LastName:Lim] [ForeName:Tae Wan,LastName:Kim] [ForeName:Hyuk,LastName:Lee] [ForeName:Min Kyung,LastName:Kim] [ForeName:Seung Hwan,LastName:Lee] [ForeName:Bong Keun,LastName:Song] [ForeName:Sang Yup,LastName:Lee]
15821729	Construction of lycopene-overproducing E. coli strains by combining systematic and combinatorial gene knockout targets.	Identification of genes that affect the product accumulation phenotype of recombinant strains is an important problem in industrial strain construction and a central tenet of metabolic engineering. We have used systematic (model-based) and combinatorial (transposon-based) methods to identify gene knockout targets that increase lycopene biosynthesis in strains of Escherichia coli. We show that these two search strategies yield two distinct gene sets, which affect product synthesis either through an increase in precursor availability or through (largely unknown) kinetic or regulatory mechanisms, respectively. Exhaustive exploration of all possible combinations of the above gene sets yielded a unique set of 64 knockout strains spanning the metabolic landscape of systematic and combinatorial gene knockout targets. This included a global maximum strain exhibiting an 8.5-fold product increase over recombinant K12 wild type and a twofold increase over the engineered parental strain. These results were further validated in controlled culture conditions.	Nature biotechnology	2005		10.1038/nbt1083	Letter,Research Support, Non-U.S. Gov't,	[ForeName:Hal,LastName:Alper] [ForeName:Kohei,LastName:Miyaoku] [ForeName:Gregory,LastName:Stephanopoulos]
23353549	Metabolic engineering for enhanced fatty acids synthesis in Saccharomyces cerevisiae.	Microbial production of biofuel has attracted significant attention in recent years. The fatty acids are important precursors for the production of fuels and chemicals, and its biosynthesis is initiated by the conversion of acetyl-CoA to malonyl-CoA which requires acetyl-CoA as key substrate. Herein, the yeast Saccharomyces cerevisiae was proposed to be metabolically engineered for cytosol acetyl-CoA enhancement for fatty acid synthesis. By gene disruption strategy, idh1 and idh2 genes involved in citrate turnover in tricarboxylic acid cycle (TCA cycle) were disrupted and the citrate production level was increased to 4- and 5-times in mutant yeast strains. In order to convert accumulated citrate to cytosol acetyl-CoA, a heterologous ATP-citrate lyase (ACL) was overexpressed in yeast wild type and idh1,2 disrupted strains. The wild type strain expressing acl mainly accumulated saturated fatty acids: C14:0, C16:0 and C18:0 at levels about 20%, 14% and 27%, respectively. Additionally, the idh1,2 disrupted strains expressing acl mainly accumulated unsaturated fatty acids. Specifically in Δidh1 strain expressing acl, 80% increase in C16:1 and 60% increase in C18:1 was detected. In Δidh2 strain expressing acl, 60% increase in C16:1 and 45% increase in C18:1 was detected. In Δidh1/2 strain expressing acl, there was 92% increase in C16:1 and 77% increase in C18:1, respectively. The increased fatty acids from our study may well be potential substrates for the production of hydrocarbon molecules as potential biofuels.	Metabolic engineering	2013		10.1016/j.ymben.2013.01.003	Journal Article,Research Support, Non-U.S. Gov't,	[ForeName:Xiaoling,LastName:Tang] [ForeName:Huixing,LastName:Feng] [ForeName:Wei Ning,LastName:Chen]
19558967	Construction of a synthetic YdbK-dependent pyruvate:H2 pathway in Escherichia coli BL21(DE3).	A synthetic pyruvate:H(2) pathway was constructed in Escherichia coli BL21(DE3) by co-expression of six proteins: E. coli YdbK, Clostridium pasteurianum [4Fe-4S]-ferredoxin, and Clostridium acetobutylicum HydF, HydE, HydG, and HydA. The effect of cofactor addition and host strain on H(2) yield and fermentation product accumulation was studied, together with in vitro reconstitution of the entire pathway. The deletion of iscR and/or the addition of thiamine pyrophosphate to the medium enhanced the total and specific activity of recombinant YdbK and increased the yield of H(2) per glucose. It was concluded that the introduced pathway outcompeted other pyruvate-consuming reactions, and that the ability to compete for pyruvate at least in part was determined by total YdbK activity. The results demonstrate the successful construction of a high-yielding H(2) pathway in a microorganism that effectively does not synthesize any H(2). The additional co-expression of Bacillus subtilis AmyE enabled starch-dependent H(2) synthesis in minimal media.	Metabolic engineering	2009		10.1016/j.ymben.2009.01.002	Journal Article,	[ForeName:M Kalim,LastName:Akhtar] [ForeName:Patrik R,LastName:Jones]
15885614	Identifying gene targets for the metabolic engineering of lycopene biosynthesis in Escherichia coli.	The identification of genetic targets that are effective in bringing about a desired phenotype change is still an open problem. While random gene knockouts have yielded improved strains in certain cases, it is also important to seek the guidance of cell-wide stoichiometric constraints in identifying promising gene knockout targets. To investigate these issues, we undertook a genome-wide stoichiometric flux balance analysis as an aid in discovering putative genes impacting network properties and cellular phenotype. Specifically, we calculated metabolic fluxes such as to optimize growth and then scanned the genome for single and multiple gene knockouts that yield improved product yield while maintaining acceptable overall growth rate. For the particular case of lycopene biosynthesis in Escherichia coli, we identified such targets that we subsequently tested experimentally by constructing the corresponding single, double and triple gene knockouts. While such strains are suggested (by the stoichiometric calculations) to increase precursor availability, this beneficial effect may be further impacted by kinetic and regulatory effects not captured by the stoichiometric model. For the case of lycopene biosynthesis, the so identified knockout targets yielded a triple knockout construct that exhibited a nearly 40% increase over an engineered, high producing parental strain.	Metabolic engineering	2005		10.1016/j.ymben.2004.12.003	Comparative Study,Evaluation Study,Journal Article,Research Support, Non-U.S. Gov't,Validation Study,	[ForeName:Hal,LastName:Alper] [ForeName:Yong-Su,LastName:Jin] [ForeName:J F,LastName:Moxley] [ForeName:G,LastName:Stephanopoulos]
15932991	Metabolic engineering of the phenylpropanoid pathway in Saccharomyces cerevisiae.	Flavonoids are valuable natural products derived from the phenylpropanoid pathway. The objective of this study was to create a host for the biosynthesis of naringenin, the central precursor of many flavonoids. This was accomplished by introducing the phenylpropanoid pathway with the genes for phenylalanine ammonia lyase (PAL) from Rhodosporidium toruloides, 4-coumarate:coenzyme A (CoA) ligase (4CL) from Arabidopsis thaliana, and chalcone synthase (CHS) from Hypericum androsaemum into two Saccharomyces cerevisiae strains, namely, AH22 and a pad1 knockout mutant. Each gene was cloned and inserted into an expression vector under the control of a separate individual GAL10 promoter. Besides its PAL activity, the recombinant PAL enzyme showed tyrosine ammonia lyase activity, which enabled the biosynthesis of naringenin without introducing cinnamate 4-hydroxylase (C4H). 4CL catalyzed the conversion of both trans-cinnamic acid and p-coumaric acid to their corresponding CoA products, which were further converted to pinocembrin chalcone and naringenin chalcone by CHS. These chalcones were cyclized to pinocembrin and naringenin. The yeast AH22 strain coexpressing PAL, 4CL, and CHS produced approximately 7 mg liter(-1) of naringenin and 0.8 mg liter(-1) of pinocembrin. Several by-products, such as 2',4',6'-trihydroxydihydrochalcone and phloretin, were also identified. Precursor feeding studies indicated that metabolic flux to the engineered flavonoid pathway was limited by the flux to the precursor l-tyrosine.	Applied and environmental microbiology	2005	1151809.0	10.1128/AEM.71.6.2962-2969.2005	Journal Article,	[ForeName:Hanxiao,LastName:Jiang] [ForeName:Karl V,LastName:Wood] [ForeName:John A,LastName:Morgan]
25212876	MEP pathway-mediated isopentenol production in metabolically engineered Escherichia coli.	Isopentenols, such as prenol and isoprenol, are promising advanced biofuels because of their higher energy densities and better combustion efficiencies compared with ethanol. Microbial production of isopentenols has been developed recently via metabolically engineered E. coli. However, current yields remain low and the underlying pathways require systematic optimization.	Microbial cell factories	2014	4172795.0	10.1186/s12934-014-0135-y	Journal Article,Research Support, Non-U.S. Gov't,	[ForeName:Huaiwei,LastName:Liu] [ForeName:Yang,LastName:Wang] [ForeName:Qiang,LastName:Tang] [ForeName:Wentao,LastName:Kong] [ForeName:Wook-Jin,LastName:Chung] [ForeName:Ting,LastName:Lu]
22883555	Production of resveratrol from tyrosine in metabolically engineered Saccharomyces cerevisiae.	Resveratrol, a polyphenol compound found in grape skins, has been proposed to account for the beneficial effects of red wine against heart disease. To produce resveratrol in Saccharomyces cerevisiae, four heterologous genes were introduced: the phenylalanine ammonia lyase gene from Rhodosporidium toruloides, the cinnamic acid 4-hydroxylase and 4-coumarate:coenzyme A ligase genes both from Arabidopsis thaliana, and the stilbene synthase gene from Arachis hypogaea. When this recombinant yeast was cultivated by batch fermentation in YP medium containing 2% galactose, it produced 2.6 mg/L p-coumaric acid and 3.3 mg/L resveratrol. In order to increase the pool of malonyl-CoA, a key precursor in resveratrol biosynthesis, the acetyl-CoA carboxylase (ACC1) gene was additionally overexpressed in the yeast by replacing the native promoter of the ACC1 gene with the stronger GAL1 promoter and this resulted in enhanced production of resveratrol (4.3 mg/L). Furthermore, when tyrosine was supplemented in the medium, the concentration of resveratrol increased up to 5.8 mg/L. This result illustrates a possible strategy for developing metabolically engineered yeast strain for the economical production of resveratrol from cheap amino acids.	Enzyme and microbial technology	2012		10.1016/j.enzmictec.2012.06.005	Evaluation Study,Journal Article,Research Support, Non-U.S. Gov't,	[ForeName:So-Yeon,LastName:Shin] [ForeName:Sang-Min,LastName:Jung] [ForeName:Myoung-Dong,LastName:Kim] [ForeName:Nam Soo,LastName:Han] [ForeName:Jin-Ho,LastName:Seo]
25014174	Metabolic engineering of Escherichia coli for efficient free fatty acid production from glycerol.	Crude glycerol, generated as waste by-product in biodiesel production process, has been considered as an important carbon source for converting to value-added bioproducts recently. Free fatty acids (FFAs) can be used as precursors for the production of biofuels or biochemicals. Microbial biosynthesis of FFAs can be achieved by introducing an acyl-acyl carrier protein thioesterase into Escherichia coli. In this study, the effect of metabolic manipulation of FFAs synthesis cycle, host genetic background and cofactor engineering on FFAs production using glycerol as feed stocks was investigated. The highest concentration of FFAs produced by the engineered stain reached 4.82g/L with the yield of 29.55% (g FFAs/g glycerol), about 83% of the maximum theoretical pathway value by the type II fatty acid synthesis pathway. In addition, crude glycerol from biodiesel plant was also used as feedstock in this study. The FFA production was 3.53g/L with a yield of 24.13%. The yield dropped slightly when crude glycerol was used as a carbon source instead of pure glycerol, while it still can reach about 68% of the maximum theoretical pathway yield.	Metabolic engineering	2014		10.1016/j.ymben.2014.06.009	Journal Article,Research Support, U.S. Gov't, Non-P.H.S.,	[ForeName:Hui,LastName:Wu] [ForeName:Mukund,LastName:Karanjikar] [ForeName:Ka-Yiu,LastName:San]
19281857	Microbial conversion of glucose to a novel chemical building block, 2-pyrone-4,6-dicarboxylic acid.	2-Pyrone-4,6-dicarboxylic acid (PDC) is a catabolic intermediate in Sphingobium sp. SYK-6 (previously characterized as Sphingomonas paucimobilis SYK-6), which is a degrader of lignin-derived aromatic compounds. Recently, PDC has been also characterized as a novel starting material for several potentially useful synthetic polymers. In a previous study, we constructed a biosynthetic system in which PDC was generated efficiently from a chemically synthesized compound, protocatechuate. In order to develop an alternative system for production of PDC, we tried to generate it from glucose, which is a low-cost sugar that can be obtained from abundant cellulosic wastes and biomass crops. We designed a metabolic bypass to PDC from the shikimate pathway in recombinant Escherichia coli cells. PDC accumulated in the medium of recombinant E. coli cells that had been transformed with genes isolated from Emericella niger, E. coli, Pseudomonas putida, and Sphingobium sp. SYK-6. The yield of PDC depended on the combination of genes that we introduced into the cells and on the specific of host strain. Under optimal conditions, the yield and titer of PDC were, respectively, 17.3% and 0.35 mg/l when the concentration of glucose was 2 g/l and the culture volume was 50 ml. Our results open up the possibility of novel utilization of biomass as the source of a useful chemical building block.	Metabolic engineering	2009		10.1016/j.ymben.2009.02.002	Journal Article,Research Support, Non-U.S. Gov't,	[ForeName:Masahiro,LastName:Nakajima] [ForeName:Yukari,LastName:Nishino] [ForeName:Masatsugu,LastName:Tamura] [ForeName:Kohei,LastName:Mase] [ForeName:Eiji,LastName:Masai] [ForeName:Yuichiro,LastName:Otsuka] [ForeName:Masaya,LastName:Nakamura] [ForeName:Kanna,LastName:Sato] [ForeName:Masao,LastName:Fukuda] [ForeName:Kiyotaka,LastName:Shigehara] [ForeName:Seiji,LastName:Ohara] [ForeName:Yoshihiro,LastName:Katayama] [ForeName:Shinya,LastName:Kajita]
23994489	Systems metabolic engineering of Escherichia coli for production of the antitumor drugs violacein and deoxyviolacein.	Violacein and deoxyviolacein are interesting therapeutics against pathogenic bacteria and viruses as well as tumor cells. In the present work, systems-wide metabolic engineering was applied to target Escherichia coli, a widely accepted recombinant host in pharmaceutical biotechnology, for production of these high-value products. The basic producer, E. coli dVio-1, that expressed the vioABCE cluster from Chromobacterium violaceum under control of the inducible araC system, accumulated 180 mg L(-1) of deoxyviolacein. Targeted intracellular metabolite analysis then identified bottlenecks in tryptophan supporting pathways, the major product building block. This was used for comprehensive engineering of serine, chorismate and tryptophan biosynthesis and the non-oxidative pentose-phosphate pathway. The final strain, E. coli dVio-6, accumulated 320 mg L(-1) deoxyviolacein in shake flask cultures. The created chassis of a high-flux tryptophan pathway was complemented by genomic integration of the vioD gene of Janthinobacterium lividum, which enabled exclusive production of violacein. In a fed-batch process, the resulting producer E. coli Vio-4 accumulated 710 mg L(-1) of the desired product. With straightforward broth extraction and subsequent crystallization, violacein could be obtained with 99.8% purity. This demonstrates the potential of E. coli as a platform for production of tryptophan based therapeutics.	Metabolic engineering	2013		10.1016/j.ymben.2013.08.004	Journal Article,Research Support, Non-U.S. Gov't,	[ForeName:André L,LastName:Rodrigues] [ForeName:Nathalie,LastName:Trachtmann] [ForeName:Judith,LastName:Becker] [ForeName:Ananta F,LastName:Lohanatha] [ForeName:Jana,LastName:Blotenberg] [ForeName:Christoph J,LastName:Bolten] [ForeName:Claudia,LastName:Korneli] [ForeName:André O,LastName:de Souza Lima] [ForeName:Luismar M,LastName:Porto] [ForeName:Georg A,LastName:Sprenger] [ForeName:Christoph,LastName:Wittmann]
23836015	Metabolic engineering of Saccharomyces cerevisiae for the production of 2-phenylethanol via Ehrlich pathway.	2-Phenylethanol (2-PE), a fragrance compound with a rose-like odor, is widely used in perfumery and cosmetics. Here, we report the first metabolic engineering approach for 2-PE production in Saccharomyces cerevisiae. 2-PE can be produced from the catabolism of L-phenylalanine via Ehrlich pathway, consisting of transamination to phenylpyruvate by Aro9, decarboxylation to phenylacetaldehyde by Aro10, and reduction to 2-PE by alcohol dehydrogenases. We demonstrated that Ald3 is mainly responsible for phenylacetaldehyde oxidation, competing with 2-PE production. ALD3 deletion strain overexpressing ARO9 and ARO10 both by episomal overexpression and by induction of the endogenous genes through overexpression of Aro80 transcription factor, produced 4.8 g/L 2-PE in a medium containing 10 g/L L-phenylalanine as a sole nitrogen source. Considering the cytotoxicity of 2-PE, this production titer is almost the upper limit that can be reached in batch cultures, suggesting the great potential of this yeast strain for 2-PE production. 2-PE production was further increased by applying two-phase fermentation method with polypropylene glycol 1200 as an extractant, reaching 6.1 g/L 2-PE in organic phase with the molar yield of 82.5%, which is about ninefold increase compared with wild type.	Biotechnology and bioengineering	2014		10.1002/bit.24993	Journal Article,Research Support, Non-U.S. Gov't,	[ForeName:Bosu,LastName:Kim] [ForeName:Bo-Ram,LastName:Cho] [ForeName:Ji-Sook,LastName:Hahn]
21722749	Styrene biosynthesis from glucose by engineered E. coli.	Styrene is a large volume, commodity petrochemical with diverse commercial applications, including as a monomer building-block for the synthesis of many useful polymers. Here we demonstrate how, through the de novo design and development of a novel metabolic pathway, styrene can alternatively be synthesized from renewable substrates such as glucose. The conversion of endogenously synthesized l-phenylalanine to styrene was achieved by the co-expression of phenylalanine ammonia lyase and trans-cinnamate decarboxylase. Candidate isoenzymes for each step were screened from bacterial, yeast, and plant genetic sources. Finally, over-expression of PAL2 from Arabidopsis thaliana and FDC1 from Saccharomyces cerevisiae (originally classified as ferulate decarboxylase) in an l-phenylalanine over-producing Escherichia coli host led to the accumulation of up to 260 mg/L in shake flask cultures. Achievable titers already approach the styrene toxicity threshold (determined as ~300 mg/L). To the best of our knowledge, this is the first report of microbial styrene production from sustainable feedstocks.	Metabolic engineering	2011		10.1016/j.ymben.2011.06.005	Journal Article,	[ForeName:Rebekah,LastName:McKenna] [ForeName:David R,LastName:Nielsen]
25453111	Evolution-guided optimization of biosynthetic pathways.	Engineering biosynthetic pathways for chemical production requires extensive optimization of the host cellular metabolic machinery. Because it is challenging to specify a priori an optimal design, metabolic engineers often need to construct and evaluate a large number of variants of the pathway. We report a general strategy that combines targeted genome-wide mutagenesis to generate pathway variants with evolution to enrich for rare high producers. We convert the intracellular presence of the target chemical into a fitness advantage for the cell by using a sensor domain responsive to the chemical to control a reporter gene necessary for survival under selective conditions. Because artificial selection tends to amplify unproductive cheaters, we devised a negative selection scheme to eliminate cheaters while preserving library diversity. This scheme allows us to perform multiple rounds of evolution (addressing ∼10(9) cells per round) with minimal carryover of cheaters after each round. Based on candidate genes identified by flux balance analysis, we used targeted genome-wide mutagenesis to vary the expression of pathway genes involved in the production of naringenin and glucaric acid. Through up to four rounds of evolution, we increased production of naringenin and glucaric acid by 36- and 22-fold, respectively. Naringenin production (61 mg/L) from glucose was more than double the previous highest titer reported. Whole-genome sequencing of evolved strains revealed additional untargeted mutations that likely benefit production, suggesting new routes for optimization.	Proceedings of the National Academy of Sciences of the United States of America	2014	4273373.0	10.1073/pnas.1409523111	Journal Article,	[ForeName:Srivatsan,LastName:Raman] [ForeName:Jameson K,LastName:Rogers] [ForeName:Noah D,LastName:Taylor] [ForeName:George M,LastName:Church]
25084369	Metabolic engineering of Saccharomyces cerevisiae for the production of triacetic acid lactone.	Biobased chemicals have become attractive replacements for their fossil-fuel counterparts. Recent studies have shown triacetic acid lactone (TAL) to be a promising candidate, capable of undergoing chemical conversion to sorbic acid and other valuable intermediates. In this study, Saccharomyces cerevisiae was engineered for the high-level production of TAL by overexpression of the Gerbera hybrida 2-pyrone synthase (2-PS) and systematic engineering of the yeast metabolic pathways. Pathway analysis and a computational approach were employed to target increases in cofactor and precursor pools to improve TAL synthesis. The pathways engineered include those for energy storage and generation, pentose biosynthesis, gluconeogenesis, lipid biosynthesis and regulation, cofactor transport, and fermentative capacity. Seventeen genes were selected for disruption and independently screened for their effect on TAL production; combinations of knockouts were then evaluated. A combination of the pathway engineering and optimal culture parameters led to a 37-fold increase in titer to 2.2g/L and a 50-fold increase in yield to 0.13 (g/g glucose). These values are the highest reported in the literature, and provide a 3-fold improvement in yield over previous reports using S. cerevisiae. Identification of these metabolic bottlenecks provides a strategy for overproduction of other acetyl-CoA-dependent products in yeast.	Metabolic engineering	2014		10.1016/j.ymben.2014.07.008	Journal Article,Research Support, Non-U.S. Gov't,	[ForeName:Javier,LastName:Cardenas] [ForeName:Nancy A,LastName:Da Silva]
18840539	Engineering Escherichia coli for the efficient conversion of glycerol to ethanol and co-products.	Given its availability, low prices, and high degree of reduction, glycerol has become an ideal feedstock for producing reduced compounds via anaerobic fermentation. We recently identified environmental conditions enabling the fermentative metabolism of glycerol in E. coli, along with the pathways and mechanisms mediating this metabolic process. In this work, we used the knowledge base created in previous studies to engineer E. coli for the efficient conversion of crude glycerol to ethanol. Our strategy capitalized on the high degree of reduction of carbon in glycerol, thus enabling the production of not only ethanol but also co-products hydrogen and formate. Two strains were created for the co-production of ethanol-hydrogen and ethanol-formate: SY03 and SY04, respectively. High ethanol yields were achieved in both strains by minimizing the synthesis of by-products succinate and acetate through mutations that inactivated fumarate reductase (DeltafrdA) and phosphate acetyltransferase (Deltapta), respectively. Strain SY04, which produced ethanol-formate, also contained a mutation that inactivated formate-hydrogen lyase (DeltafdhF), thus preventing the conversion of formate to CO(2) and H(2). High rates of glycerol utilization and product synthesis were achieved by simultaneous overexpression of glycerol dehydrogenase (gldA) and dihydroxyacetone kinase (dhaKLM), which are the enzymes responsible for the conversion of glycerol to glycolytic intermediate dihydroxyacetone phosphate. The resulting strains, SY03 (pZSKLMgldA) and SY04 (pZSKLMgldA), produced ethanol-hydrogen and ethanol-formate from unrefined glycerol at yields exceeding 95% of the theoretical maximum and specific rates in the order of 15-30 mmol/gcell/h. These yields and productivities are superior to those reported for the conversion of glycerol to ethanol-H(2) or ethanol-formate by other organisms and equivalent to those achieved in the production of ethanol from sugars using E. coli.	Metabolic engineering	2008		10.1016/j.ymben.2008.08.005	Journal Article,Research Support, U.S. Gov't, Non-P.H.S.,	[ForeName:Syed,LastName:Shams Yazdani] [ForeName:Ramon,LastName:Gonzalez]
17933911	Engineered synthetic pathway for isopropanol production in Escherichia coli.	A synthetic pathway was engineered in Escherichia coli to produce isopropanol by expressing various combinations of genes from Clostridium acetobutylicum ATCC 824, E. coli K-12 MG1655, Clostridium beijerinckii NRRL B593, and Thermoanaerobacter brockii HTD4. The strain with the combination of C. acetobutylicum thl (acetyl-coenzyme A [CoA] acetyltransferase), E. coli atoAD (acetoacetyl-CoA transferase), C. acetobutylicum adc (acetoacetate decarboxylase), and C. beijerinckii adh (secondary alcohol dehydrogenase) achieved the highest titer. This strain produced 81.6 mM isopropanol in shake flasks with a yield of 43.5% (mol/mol) in the production phase. To our knowledge, this work is the first to produce isopropanol in E. coli, and the titer exceeded that from the native producers.	Applied and environmental microbiology	2007	2168132.0	10.1128/AEM.01140-07	Journal Article,Research Support, Non-U.S. Gov't,Research Support, U.S. Gov't, Non-P.H.S.,	[ForeName:T,LastName:Hanai] [ForeName:S,LastName:Atsumi] [ForeName:J C,LastName:Liao]
23436277	Metabolic engineering of Escherichia coli for the production of fumaric acid.	Fumaric acid is a naturally occurring organic acid that is an intermediate of the tricarboxylic acid cycle. Fungal species belonging to Rhizopus have traditionally been employed for the production of fumaric acid. In this study, Escherichia coli was metabolically engineered for the production of fumaric acid under aerobic condition. For the aerobic production of fumaric acid, the iclR gene was deleted to redirect the carbon flux through the glyoxylate shunt. In addition, the fumA, fumB, and fumC genes were also deleted to enhance fumaric acid formation. The resulting strain was able to produce 1.45 g/L of fumaric acid from 15 g/L of glucose in flask culture. Based on in silico flux response analysis, this base strain was further engineered by plasmid-based overexpression of the native ppc gene, encoding phosphoenolpyruvate carboxylase (PPC), from the strong tac promoter, which resulted in the production of 4.09 g/L of fumaric acid. Additionally, the arcA and ptsG genes were deleted to reinforce the oxidative TCA cycle flux, and the aspA gene was deleted to block the conversion of fumaric acid into L-aspartic acid. Since it is desirable to avoid the use of inducer, the lacI gene was also deleted. To increase glucose uptake rate and fumaric acid productivity, the native promoter of the galP gene was replaced with the strong trc promoter. Fed-batch culture of the final strain CWF812 allowed production of 28.2 g/L fumaric acid in 63 h with the overall yield and productivity of 0.389 g fumaric acid/g glucose and 0.448 g/L/h, respectively. This study demonstrates the possibility for the efficient production of fumaric acid by metabolically engineered E. coli.	Biotechnology and bioengineering	2013		10.1002/bit.24868	Journal Article,Research Support, Non-U.S. Gov't,	[ForeName:Chan Woo,LastName:Song] [ForeName:Dong In,LastName:Kim] [ForeName:Sol,LastName:Choi] [ForeName:Jae Won,LastName:Jang] [ForeName:Sang Yup,LastName:Lee]
25447643	Establishing a synthetic pathway for high-level production of 3-hydroxypropionic acid in Saccharomyces cerevisiae via β-alanine.	Microbial fermentation of renewable feedstocks into plastic monomers can decrease our fossil dependence and reduce global CO2 emissions. 3-Hydroxypropionic acid (3HP) is a potential chemical building block for sustainable production of superabsorbent polymers and acrylic plastics. With the objective of developing Saccharomyces cerevisiae as an efficient cell factory for high-level production of 3HP, we identified the β-alanine biosynthetic route as the most economically attractive according to the metabolic modeling. We engineered and optimized a synthetic pathway for de novo biosynthesis of β-alanine and its subsequent conversion into 3HP using a novel β-alanine-pyruvate aminotransferase discovered in Bacillus cereus. The final strain produced 3HP at a titer of 13.7±0.3gL(-1) with a 0.14±0.0C-molC-mol(-1) yield on glucose in 80h in controlled fed-batch fermentation in mineral medium at pH 5, and this work therefore lays the basis for developing a process for biological 3HP production.	Metabolic engineering	2015		10.1016/j.ymben.2014.10.003	Journal Article,Research Support, Non-U.S. Gov't,	[ForeName:Irina,LastName:Borodina] [ForeName:Kanchana R,LastName:Kildegaard] [ForeName:Niels B,LastName:Jensen] [ForeName:Thomas H,LastName:Blicher] [ForeName:Jérôme,LastName:Maury] [ForeName:Svetlana,LastName:Sherstyk] [ForeName:Konstantin,LastName:Schneider] [ForeName:Pedro,LastName:Lamosa] [ForeName:Markus J,LastName:Herrgård] [ForeName:Inger,LastName:Rosenstand] [ForeName:Fredrik,LastName:Öberg] [ForeName:Jochen,LastName:Forster] [ForeName:Jens,LastName:Nielsen]
23018051	Engineering of an N-acetylneuraminic acid synthetic pathway in Escherichia coli.	N-acetylneuraminic acid (NeuAc) has recently drawn much attention owing to its wide applications in many aspects. Besides extraction from natural materials, production of NeuAc was recently focused on enzymatic synthesis and whole-cell biocatalysis. In this study, we designed an artificial NeuAc biosynthetic pathway through intermediate N-acetylglucosamine 6-phosphate in Escherichia coli. In this pathway, N-acetylglucosamine 2-epimerase (slr1975) and glucosamine-6-phosphate acetyltransferase (GNA1) were heterologously introduced into E. coli from Synechocystis sp. PCC6803 and Saccharomyces cerevisiae EBY100, respectively. By derepressing the feedback inhibition of glucosamine-6-phosphate synthase, increasing the accumulation of N-acetylglucosamine and pyruvate, and blocking the catabolism of NeuAc, we were able to produce 1.62 g l⁻¹ NeuAc in recombinant E. coli directly from glucose. The NeuAc yield reached 7.85g l⁻¹ in fed-batch fermentation. This process offered an efficient fermentative method to produce NeuAc in microorganisms using glucose as carbon source and can be optimized for further improvement.	Metabolic engineering	2012		10.1016/j.ymben.2012.09.002	Journal Article,Research Support, Non-U.S. Gov't,	[ForeName:Junhua,LastName:Kang] [ForeName:Pengfei,LastName:Gu] [ForeName:Yang,LastName:Wang] [ForeName:Yikui,LastName:Li] [ForeName:Fan,LastName:Yang] [ForeName:Qian,LastName:Wang] [ForeName:Qingsheng,LastName:Qi]
23233208	Biosynthesis of ethylene glycol in Escherichia coli.	Ethylene glycol (EG) is an important platform chemical with steadily expanding global demand. Its commercial production is currently limited to fossil resources; no biosynthesis route has been delineated. Herein, a biosynthesis route for EG production from D-xylose is reported. This route consists of four steps: D-xylose → D-xylonate → 2-dehydro-3-deoxy-D-pentonate → glycoaldehyde → EG. Respective enzymes, D-xylose dehydrogenase, D-xylonate dehydratase, 2-dehydro-3-deoxy-D-pentonate aldolase, and glycoaldehyde reductase, were assembled. The route was implemented in a metabolically engineered Escherichia coli, in which the D-xylose → D-xylulose reaction was prevented by disrupting the D-xylose isomerase gene. The most efficient construct produced 11.7 g L(-1) of EG from 40.0 g L(-1) of D-xylose. Glycolate is a carbon-competing by-product during EG production in E. coli; blockage of glycoaldehyde → glycolate reaction was also performed by disrupting the gene encoding aldehyde dehydrogenase, but from this approach, EG productivity was not improved but rather led to D-xylonate accumulation. To channel more carbon flux towards EG than the glycolate pathway, further systematic metabolic engineering and fermentation optimization studies are still required to improve EG productivity.	Applied microbiology and biotechnology	2013		10.1007/s00253-012-4618-7	Journal Article,Research Support, Non-U.S. Gov't,	[ForeName:Huaiwei,LastName:Liu] [ForeName:Kristine Rose M,LastName:Ramos] [ForeName:Kris Niño G,LastName:Valdehuesa] [ForeName:Grace M,LastName:Nisola] [ForeName:Won-Keun,LastName:Lee] [ForeName:Wook-Jin,LastName:Chung]
22100267	Synthetic scaffolds increased resveratrol biosynthesis in engineered yeast cells.	Resveratrol is a polyphenolic compound produced by a few higher plants when under attack by pathogens such as bacteria or fungi. Besides antioxidant benefits to humans, this health-promoting compound has been reported to extend longevity in yeasts, flies, worms, fishes and obesity mice. Here we utilized the synthetic scaffolds strategy to improve resveratrol production in Saccharomyces cerevisiae. We observed a 5.0-fold improvement over the non-scaffolded control, and a 2.7-fold increase over the previous reported with fusion protein. This work demonstrated the synthetic scaffolds can be used for the optimization of engineered metabolic pathway.	Journal of biotechnology	2012		10.1016/j.jbiotec.2011.11.003	Journal Article,Research Support, U.S. Gov't, Non-P.H.S.,	[ForeName:Yechun,LastName:Wang] [ForeName:Oliver,LastName:Yu]
24209782	Engineering NAD+ availability for Escherichia coli whole-cell biocatalysis: a case study for dihydroxyacetone production.	Whole-cell redox biocatalysis has been intensively explored for the production of valuable compounds because excellent selectivity is routinely achieved. Although the cellular cofactor level, redox state and the corresponding enzymatic activity are expected to have major effects on the performance of the biocatalysts, our ability remains limited to predict the outcome upon variation of those factors as well as the relationship among them.	Microbial cell factories	2013	3831814.0	10.1186/1475-2859-12-103	Journal Article,Research Support, Non-U.S. Gov't,	[ForeName:Yongjin J,LastName:Zhou] [ForeName:Wei,LastName:Yang] [ForeName:Lei,LastName:Wang] [ForeName:Zhiwei,LastName:Zhu] [ForeName:Sufang,LastName:Zhang] [ForeName:Zongbao K,LastName:Zhao]
22906955	A modified pathway for the production of acetone in Escherichia coli.	A modified synthetic acetone operon was constructed. It consists of two genes from Clostridium acetobutylicum (thlA coding for thiolase and adc coding for acetoacetate decarboxylase) and one from Bacillus subtilis or Haemophilus influenzae (teII(srf) or ybgC, respectively, for thioesterase). Expression of this operon in Escherichia coli resulted in the production of acetone starting from the common metabolite acetyl-CoA via acetoacetyl-CoA and acetoacetate. The thioesterases do not need a CoA acceptor for acetoacetyl-CoA hydrolysis. Thus, in contrast to the classic acetone pathway of Clostridium acetobutylicum and related microorganisms which employ a CoA transferase, the new pathway is acetate independent. The genetic background of the host strains was crucial. Only E. coli strains HB101 and WL3 were able to produce acetone via the modified plasmid based pathway, up to 64mM and 42mM in 5-ml cultures, respectively. Using glucose fed-batch cultures the concentration could be increased up to 122mM acetone with HB101 carrying the recombinant plasmid pUC19ayt (thioesterase from H. influenzae). The formation of acetone led to a decreased acetate production by E. coli.	Metabolic engineering	2013		10.1016/j.ymben.2012.08.001	Journal Article,Research Support, Non-U.S. Gov't,	[ForeName:Antje,LastName:May] [ForeName:Ralf-Jörg,LastName:Fischer] [ForeName:Simone,LastName:Maria Thum] [ForeName:Steffen,LastName:Schaffer] [ForeName:Stefan,LastName:Verseck] [ForeName:Peter,LastName:Dürre] [ForeName:Hubert,LastName:Bahl]
23899824	Metabolic engineering of Saccharomyces cerevisiae for production of fatty acid-derived biofuels and chemicals.	"As the serious effects of global climate change become apparent and access to fossil fuels becomes more limited, metabolic engineers and synthetic biologists are looking towards greener sources for transportation fuels. In recent years, microbial production of high-energy fuels by economically efficient bioprocesses has emerged as an attractive alternative to the traditional production of transportation fuels. Here, we engineered the budding yeast Saccharomyces cerevisiae to produce fatty acid-derived biofuels and chemicals from simple sugars. Specifically, we overexpressed all three fatty acid biosynthesis genes, namely acetyl-CoA carboxylase (ACC1), fatty acid synthase 1 (FAS1) and fatty acid synthase 2 (FAS2), in S. cerevisiae. When coupled to triacylglycerol (TAG) production, the engineered strain accumulated lipid to more than 17% of its dry cell weight, a four-fold improvement over the control strain. Understanding that TAG cannot be used directly as fuels, we also engineered S. cerevisiae to produce drop-in fuels and chemicals. Altering the terminal ""converting enzyme"" in the engineered strain led to the production of free fatty acids at a titer of approximately 400 mg/L, fatty alcohols at approximately 100mg/L and fatty acid ethyl esters (biodiesel) at approximately 5 mg/L directly from simple sugars. We envision that our approach will provide a scalable, controllable and economic route to this important class of chemicals."	Metabolic engineering	2014		10.1016/j.ymben.2013.07.003	Journal Article,Research Support, U.S. Gov't, Non-P.H.S.,	[ForeName:Weerawat,LastName:Runguphan] [ForeName:Jay D,LastName:Keasling]
23122330	Modulation of endogenous pathways enhances bioethanol yield and productivity in Escherichia coli.	E. coli is a robust host for various genetic manipulations and has been used commonly for bioconversion of hexose and pentose sugars into valuable products. One of the products that E. coli make under fermentative condition is ethanol. However, availability of limited reducing equivalence and generation of competing co-products undermine ethanol yield and productivity. Here, we have constructed an E. coli strain to produce high yield of ethanol from hexose and pentose sugars by modulating the expression of pyruvate dehydrogenase and acetate kinase and by deleting pathways for competing co-products.	Microbial cell factories	2012	3539902.0	10.1186/1475-2859-11-145	Journal Article,Research Support, Non-U.S. Gov't,	[ForeName:Neha,LastName:Munjal] [ForeName:Anu Jose,LastName:Mattam] [ForeName:Dibyajyoti,LastName:Pramanik] [ForeName:Prem Shankar,LastName:Srivastava] [ForeName:Syed Shams,LastName:Yazdani]
24313542	Computer-assisted engineering of the synthetic pathway for biodegradation of a toxic persistent pollutant.	Anthropogenic halogenated compounds were unknown to nature until the industrial revolution, and microorganisms have not had sufficient time to evolve enzymes for their degradation. The lack of efficient enzymes and natural pathways can be addressed through a combination of protein and metabolic engineering. We have assembled a synthetic route for conversion of the highly toxic and recalcitrant 1,2,3-trichloropropane to glycerol in Escherichia coli, and used it for a systematic study of pathway bottlenecks. Optimal ratios of enzymes for the maximal production of glycerol, and minimal toxicity of metabolites were predicted using a mathematical model. The strains containing the expected optimal ratios of enzymes were constructed and characterized for their viability and degradation efficiency. Excellent agreement between predicted and experimental data was observed. The validated model was used to quantitatively describe the kinetic limitations of currently available enzyme variants and predict improvements required for further pathway optimization. This highlights the potential of forward engineering of microorganisms for the degradation of toxic anthropogenic compounds.	ACS synthetic biology	2014		10.1021/sb400147n	Journal Article,Research Support, Non-U.S. Gov't,	[ForeName:Nagendra Prasad,LastName:Kurumbang] [ForeName:Pavel,LastName:Dvorak] [ForeName:Jaroslav,LastName:Bendl] [ForeName:Jan,LastName:Brezovsky] [ForeName:Zbynek,LastName:Prokop] [ForeName:Jiri,LastName:Damborsky]
25446975	Efficient diterpene production in yeast by engineering Erg20p into a geranylgeranyl diphosphate synthase.	Terpenes have numerous applications, ranging from pharmaceuticals to fragrances and biofuels. With increasing interest in producing terpenes sustainably and economically, there has been significant progress in recent years in developing methods for their production in microorganisms. In Saccharomyces cerevisiae, production of the 20-carbon diterpenes has so far proven to be significantly less efficient than production of their 15-carbon sesquiterpene counterparts. In this report, we identify the modular structure of geranylgeranyl diphosphate synthesis in yeast to be a major limitation in diterpene yields, and we engineer the yeast farnesyl diphosphate synthase Erg20p to produce geranylgeranyl diphosphate. Using a combination of protein and genetic engineering, we achieve significant improvements in the production of sclareol and several other isoprenoids, including cis-abienol, abietadiene and β-carotene. We also report the development of yeast strains carrying the engineered Erg20p, which support efficient isoprenoid production and can be used as a dedicated chassis for diterpene production or biosynthetic pathway elucidation. The design developed here can be applied to the production of any GGPP-derived isoprenoid and is compatible with other yeast terpene production platforms.	Metabolic engineering	2015		10.1016/j.ymben.2014.10.008	Journal Article,Research Support, Non-U.S. Gov't,	[ForeName:Codruta,LastName:Ignea] [ForeName:Fotini A,LastName:Trikka] [ForeName:Alexandros K,LastName:Nikolaidis] [ForeName:Panagiota,LastName:Georgantea] [ForeName:Efstathia,LastName:Ioannou] [ForeName:Sofia,LastName:Loupassaki] [ForeName:Panagiotis,LastName:Kefalas] [ForeName:Angelos K,LastName:Kanellis] [ForeName:Vassilios,LastName:Roussis] [ForeName:Antonios M,LastName:Makris] [ForeName:Sotirios C,LastName:Kampranis]
23334451	Metabolic engineering of Escherichia coli using synthetic small regulatory RNAs.	Small regulatory RNAs (sRNAs) regulate gene expression in bacteria. We designed synthetic sRNAs to identify and modulate the expression of target genes for metabolic engineering in Escherichia coli. Using synthetic sRNAs for the combinatorial knockdown of four candidate genes in 14 different strains, we isolated an engineered E. coli strain (tyrR- and csrA-repressed S17-1) capable of producing 2 g per liter of tyrosine. Using a library of 130 synthetic sRNAs, we also identified chromosomal gene targets that enabled substantial increases in cadaverine production. Repression of murE led to a 55% increase in cadaverine production compared to the reported engineered strain (XQ56 harboring the plasmid p15CadA). The design principles and the engineering strategy using synthetic sRNAs reported here are generalizable to other bacteria and applicable in developing superior producer strains. The ability to fine-tune target genes with designed sRNAs provides substantial advantages over gene-knockout strategies and other large-scale target identification strategies owing to its easy implementation, ability to modulate chromosomal gene expression without modifying those genes and because it does not require construction of strain libraries.	Nature biotechnology	2013		10.1038/nbt.2461	Journal Article,	[ForeName:Dokyun,LastName:Na] [ForeName:Seung Min,LastName:Yoo] [ForeName:Hannah,LastName:Chung] [ForeName:Hyegwon,LastName:Park] [ForeName:Jin Hwan,LastName:Park] [ForeName:Sang Yup,LastName:Lee]
24831709	Optimal cofactor swapping can increase the theoretical yield for chemical production in Escherichia coli and Saccharomyces cerevisiae.	"Maintaining cofactor balance is a critical function in microorganisms, but often the native cofactor balance does not match the needs of an engineered metabolic flux state. Here, an optimization procedure is utilized to identify optimal cofactor-specificity ""swaps"" for oxidoreductase enzymes utilizing NAD(H) or NADP(H) in the genome-scale metabolic models of Escherichia coli and Saccharomyces cerevisiae. The theoretical yields of all native carbon-containing molecules are considered, as well as theoretical yields of twelve heterologous production pathways in E. coli. Swapping the cofactor specificity of central metabolic enzymes (especially GAPD and ALCD2x) is shown to increase NADPH production and increase theoretical yields for native products in E. coli and yeast--including L-aspartate, L-lysine, L-isoleucine, L-proline, L-serine, and putrescine--and non-native products in E. coli-including 1,3-propanediol, 3-hydroxybutyrate, 3-hydroxypropanoate, 3-hydroxyvalerate, and styrene."	Metabolic engineering	2014		10.1016/j.ymben.2014.05.009	Journal Article,Research Support, Non-U.S. Gov't,	[ForeName:Zachary A,LastName:King] [ForeName:Adam M,LastName:Feist]
22992433	Engineering Escherichia coli to increase plasmid DNA production in high cell-density cultivations in batch mode.	Plasmid DNA (pDNA) is a promising molecule for therapeutic applications. pDNA is produced by Escherichia coli in high cell-density cultivations (HCDC) using fed-batch mode. The typical limitations of such cultivations, including metabolic deviations like aerobic acetate production due to the existence of substrate gradients in large-scale bioreactors, remain as serious challenges for fast and effective pDNA production. We have previously demonstrated that the substitution of the phosphotransferase system by the over-expressed galactose permease for glucose uptake in E. coli (strain VH33) allows efficient growth, while strongly decreases acetate production. In the present work, additional genetic modifications were made to VH33 to further improve pDNA production. Several genes were deleted from strain VH33: the recA, deoR, nupG and endA genes were inactivated independently and in combination. The performance of the mutant strains was evaluated in shake flasks for the production of a 6.1 kb plasmid bearing an antigen gene against mumps. The best producer strain was cultivated in lab-scale bioreactors using 100 g/L of glucose to achieve HCDC in batch mode. For comparison, the widely used commercial strain DH5α, carrying the same plasmid, was also cultivated under the same conditions.	Microbial cell factories	2012	3503842.0	10.1186/1475-2859-11-132	Journal Article,Research Support, Non-U.S. Gov't,	[ForeName:Gheorghe M,LastName:Borja] [ForeName:Eugenio,LastName:Meza Mora] [ForeName:Blanca,LastName:Barrón] [ForeName:Guillermo,LastName:Gosset] [ForeName:Octavio T,LastName:Ramírez] [ForeName:Alvaro R,LastName:Lara]
23806124	Production of hydroxycinnamoyl anthranilates from glucose in Escherichia coli.	Oats contain hydroxycinnamoyl anthranilates, also named avenanthramides (Avn), which have beneficial health properties because of their antioxidant, anti-inflammatory, and antiproliferative effects. The microbial production of hydroxycinnamoyl anthranilates is an eco-friendly alternative to chemical synthesis or purification from plant sources. We recently demonstrated in yeast (Saccharomyces cerevisiae) that coexpression of 4-coumarate: CoA ligase (4CL) from Arabidopsis thaliana and hydroxycinnamoyl/benzoyl-CoA/anthranilate N-hydroxycinnamoyl/benzoyltransferase (HCBT) from Dianthus caryophyllusenabled the biological production of several cinnamoyl anthranilates upon feeding with anthranilate and various cinnamates. Using engineering strategies to overproduce anthranilate and hydroxycinnamates, we describe here an entire pathway for the microbial synthesis of two Avns from glucose in Escherichia coli.	Microbial cell factories	2013	3716870.0	10.1186/1475-2859-12-62	Journal Article,Research Support, U.S. Gov't, Non-P.H.S.,	[ForeName:Aymerick,LastName:Eudes] [ForeName:Darmawi,LastName:Juminaga] [ForeName:Edward E K,LastName:Baidoo] [ForeName:F William,LastName:Collins] [ForeName:Jay D,LastName:Keasling] [ForeName:Dominique,LastName:Loqué]
25149522	Engineered pentafunctional minicellulosome for simultaneous saccharification and ethanol fermentation in Saccharomyces cerevisiae.	Several yeast strains have been engineered to express different cellulases to achieve simultaneous saccharification and fermentation of lignocellulosic materials. However, successes in these endeavors were modest, as demonstrated by the relatively low ethanol titers and the limited ability of the engineered yeast strains to grow using cellulosic materials as the sole carbon source. Recently, substantial enhancements to the breakdown of cellulosic substrates have been observed when lytic polysaccharide monooxygenases (LPMOs) were added to traditional cellulase cocktails. LPMOs are reported to cleave cellulose oxidatively in the presence of enzymatic electron donors such as cellobiose dehydrogenases. In this study, we coexpressed LPMOs and cellobiose dehydrogenases with cellobiohydrolases, endoglucanases, and β-glucosidases in Saccharomyces cerevisiae. These enzymes were secreted and docked onto surface-displayed miniscaffoldins through cohesin-dockerin interaction to generate pentafunctional minicellulosomes. The enzymes on the miniscaffoldins acted synergistically to boost the degradation of phosphoric acid swollen cellulose and increased the ethanol titers from our previously achieved levels of 1.8 to 2.7 g/liter. In addition, the newly developed recombinant yeast strain was also able to grow using phosphoric acid swollen cellulose as the sole carbon source. The results demonstrate the promise of the pentafunctional minicellulosomes for consolidated bioprocessing by yeast.	Applied and environmental microbiology	2014	4249053.0	10.1128/AEM.02070-14	Journal Article,	[ForeName:Youyun,LastName:Liang] [ForeName:Tong,LastName:Si] [ForeName:Ee Lui,LastName:Ang] [ForeName:Huimin,LastName:Zhao]
17720844	Fermentative production of L-alanyl-L-glutamine by a metabolically engineered Escherichia coli strain expressing L-amino acid alpha-ligase.	In spite of its clinical and nutritional importance, l-alanyl-l-glutamine (Ala-Gln) has not been widely used due to the absence of an efficient manufacturing method. Here, we present a novel method for the fermentative production of Ala-Gln using an Escherichia coli strain expressing l-amino acid alpha-ligase (Lal), which catalyzes the formation of dipeptides by combining two amino acids in an ATP-dependent manner. Two metabolic manipulations were necessary for the production of Ala-Gln: reduction of dipeptide-degrading activity by combinatorial disruption of the dpp and pep genes and enhancement of the supply of substrate amino acids by deregulation of glutamine biosynthesis and overexpression of heterologous l-alanine dehydrogenase (Ald). Since expression of Lal was found to hamper cell growth, it was controlled using a stationary-phase-specific promoter. The final strain constructed was designated JKYPQ3 (pepA pepB pepD pepN dpp glnE glnB putA) containing pPE167 (lal and ald expressed under the control of the uspA promoter) or pPE177 (lal and ald expressed under the control of the rpoH promoter). Either strain produced more than 100 mM Ala-Gln extracellularly, in fed-batch cultivation on glucose-ammonium salt medium, without added alanine and glutamine. Because of the characteristics of Lal, no longer peptides (such as tripeptides) or dipeptides containing d-amino acids were formed.	Applied and environmental microbiology	2007	2075057.0	10.1128/AEM.01249-07	Journal Article,	[ForeName:Kazuhiko,LastName:Tabata] [ForeName:Shin-Ichi,LastName:Hashimoto]
23179615	Engineering E. coli for caffeic acid biosynthesis from renewable sugars.	Caffeic acid is a valuable aromatic compound that possesses many important pharmacological activities. In structure, caffeic acid belongs to the hydroxycinnamic acid family and can be biosynthesized from the aromatic amino acid tyrosine. In the present paper, the caffeic acid biosynthesis pathway was reconstituted in engineered Escherichia coli to produce caffeic acid from simple biomass sugar glucose and xylose. Different engineering approaches were utilized to optimize the production. Specifically, two parallel biosynthesis routes leading from tyrosine to caffeic acid were studied. The copy number of the intermediate biosynthesis genes was varied to find appropriate gene doses for caffeic acid biosynthesis. Three different media, including a MOPS medium, a synthetic medium, and a rich medium, were also examined to improve the production. The highest specific caffeic acid production achieved was 38 mg/L/OD. Lastly, cultivation of engineered E. coli in a bioreactor resulted in a production of 106 mg/L caffeic acid after 4 days.	Applied microbiology and biotechnology	2013		10.1007/s00253-012-4544-8	Journal Article,Research Support, Non-U.S. Gov't,Research Support, U.S. Gov't, Non-P.H.S.,	[ForeName:Haoran,LastName:Zhang] [ForeName:Gregory,LastName:Stephanopoulos]
22871504	Metabolic engineering of Escherichia coli for the production of 1-propanol.	An engineered Escherichia coli strain that produces 1-propanol under aerobic condition was developed based on an L-threonine-overproducing E. coli strain. First, a feedback resistant ilvA gene encoding threonine dehydratase was introduced and the competing metabolic pathway genes were deleted. Further engineering was performed by overexpressing the cimA gene encoding citramalate synthase and the ackA gene encoding acetate kinase A/propionate kinase II, introducing a modified adhE gene encoding an aerobically functional AdhE, and by deleting the rpoS gene encoding the stationary phase sigma factor. Fed-batch culture of the final engineered strain harboring pBRthrABC-tac-cimA-tac-ackA and pTacDA-tac-adhE(mut) allowed production of 10.8 g L(-1) of 1-propanol with the yield and productivity of 0.107 g g(-1) and 0.144 g L(-1) h(-1), respectively, from 100 g L(-1) of glucose, and 10.3 g L(-1) of 1-propanol with the yield and productivity of 0.259 g g(-1) and 0.083 g L(-1) h(-1), respectively, from 40 g L(-1) glycerol.	Metabolic engineering	2012		10.1016/j.ymben.2012.07.006	Journal Article,Research Support, Non-U.S. Gov't,	[ForeName:Yong Jun,LastName:Choi] [ForeName:Jin Hwan,LastName:Park] [ForeName:Tae Yong,LastName:Kim] [ForeName:Sang Yup,LastName:Lee]
21079674	Genetic basis of growth adaptation of Escherichia coli after deletion of pgi, a major metabolic gene.	Bacterial survival requires adaptation to different environmental perturbations such as exposure to antibiotics, changes in temperature or oxygen levels, DNA damage, and alternative nutrient sources. During adaptation, bacteria often develop beneficial mutations that confer increased fitness in the new environment. Adaptation to the loss of a major non-essential gene product that cripples growth, however, has not been studied at the whole-genome level. We investigated the ability of Escherichia coli K-12 MG1655 to overcome the loss of phosphoglucose isomerase (pgi) by adaptively evolving ten replicates of E. coli lacking pgi for 50 days in glucose M9 minimal medium and by characterizing endpoint clones through whole-genome re-sequencing and phenotype profiling. We found that 1) the growth rates for all ten endpoint clones increased approximately 3-fold over the 50-day period; 2) two to five mutations arose during adaptation, most frequently in the NADH/NADPH transhydrogenases udhA and pntAB and in the stress-associated sigma factor rpoS; and 3) despite similar growth rates, at least three distinct endpoint phenotypes developed as defined by different rates of acetate and formate secretion. These results demonstrate that E. coli can adapt to the loss of a major metabolic gene product with only a handful of mutations and that adaptation can result in multiple, alternative phenotypes.	PLoS genetics	2010	2973815.0	10.1371/journal.pgen.1001186	Journal Article,Research Support, N.I.H., Extramural,	[ForeName:Pep,LastName:Charusanti] [ForeName:Tom M,LastName:Conrad] [ForeName:Eric M,LastName:Knight] [ForeName:Karthik,LastName:Venkataraman] [ForeName:Nicole L,LastName:Fong] [ForeName:Bin,LastName:Xie] [ForeName:Yuan,LastName:Gao] [ForeName:Bernhard Ø,LastName:Palsson]
21193673	Metabolic engineering of Saccharomyces cerevisiae for production of Eicosapentaenoic Acid, using a novel {Delta}5-Desaturase from Paramecium tetraurelia.	Very-long-chain polyunsaturated fatty acids, such as arachidonic acid (ARA), eicosapentaenoic acid (EPA), and docosahexaenoic acid (DHA), have well-documented importance in human health and nutrition. Sustainable production in robust host organisms that do not synthesize them naturally requires the coordinated expression of several heterologous desaturases and elongases. In the present study we show production of EPA in Saccharomyces cerevisiae using glucose as the sole carbon source through expression of five heterologous fatty acid desaturases and an elongase. Novel Δ5-desaturases from the ciliate protozoan Paramecium tetraurelia and from the microalgae Ostreococcus tauri and Ostreococcus lucimarinus were identified via a BLAST search, and their substrate preferences and desaturation efficiencies were assayed in a yeast strain producing the ω6 and ω3 fatty acid substrates for Δ5-desaturation. The Δ5-desaturase from P. tetraurelia was up-to-2-fold more efficient than the microalgal desaturases and was also more efficient than Δ5-desaturases from Mortierella alpina and Leishmania major. In vivo investigation of acyl carrier substrate specificities showed that the Δ5-desaturases from P. tetraurelia, O. lucimarinus, O. tauri, and M. alpina are promiscuous toward the acyl carrier substrate but prefer phospholipid-bound substrates. In contrast, the Δ5-desaturase from L. major showed no activity on phospholipid-bound substrate and thus appears to be an exclusively acyl coenzyme A-dependent desaturase.	Applied and environmental microbiology	2011	3067290.0	10.1128/AEM.01935-10	Journal Article,Research Support, Non-U.S. Gov't,	[ForeName:Sabina,LastName:Tavares] [ForeName:Thomas,LastName:Grotkjær] [ForeName:Thomas,LastName:Obsen] [ForeName:Richard P,LastName:Haslam] [ForeName:Johnathan A,LastName:Napier] [ForeName:Nina,LastName:Gunnarsson]
16332763	Metabolic engineering of Escherichia coli for enhanced production of succinic acid, based on genome comparison and in silico gene knockout simulation.	Comparative analysis of the genomes of mixed-acid-fermenting Escherichia coli and succinic acid-overproducing Mannheimia succiniciproducens was carried out to identify candidate genes to be manipulated for overproducing succinic acid in E. coli. This resulted in the identification of five genes or operons, including ptsG, pykF, sdhA, mqo, and aceBA, which may drive metabolic fluxes away from succinic acid formation in the central metabolic pathway of E. coli. However, combinatorial disruption of these rationally selected genes did not allow enhanced succinic acid production in E. coli. Therefore, in silico metabolic analysis based on linear programming was carried out to evaluate the correlation between the maximum biomass and succinic acid production for various combinatorial knockout strains. This in silico analysis predicted that disrupting the genes for three pyruvate forming enzymes, ptsG, pykF, and pykA, allows enhanced succinic acid production. Indeed, this triple mutation increased the succinic acid production by more than sevenfold and the ratio of succinic acid to fermentation products by ninefold. It could be concluded that reducing the metabolic flux to pyruvate is crucial to achieve efficient succinic acid production in E. coli. These results suggest that the comparative genome analysis combined with in silico metabolic analysis can be an efficient way of developing strategies for strain improvement.	Applied and environmental microbiology	2005	1317394.0	10.1128/AEM.71.12.7880-7887.2005	Comparative Study,Journal Article,Research Support, Non-U.S. Gov't,	[ForeName:Sang Jun,LastName:Lee] [ForeName:Dong-Yup,LastName:Lee] [ForeName:Tae Yong,LastName:Kim] [ForeName:Byung Hun,LastName:Kim] [ForeName:Jinwon,LastName:Lee] [ForeName:Sang Yup,LastName:Lee]
19628048	Improving NADPH availability for natural product biosynthesis in Escherichia coli by metabolic engineering.	With microbial production becoming the primary choice for natural product synthesis, increasing precursor and cofactor availability has become a chief hurdle for the generation of efficient production platforms. As such, we employed a stoichiometric-based model to identify combinations of gene knockouts for improving NADPH availability in Escherichia coli. Specifically, two different model objectives were used to identify possible genotypes that exhibited either improved overall NADPH production or an improved flux through an artificial reaction coupling NADPH yield to biomass. The top single, double and triple gene deletion candidates were constructed and as a case study evaluated for their ability to produce two polyphenols, leucocyanidin and (+)-catechin. Each is derived from their common precursor dihydroquercetin using two recombinant NADPH-dependent enzymes: dihydroflavonol 4-reductase and leucoanthocyanidin reductase. The best engineered strain carrying Delta pgi, Delta ppc and Delta pldA deletions accumulated up to 817 mg/L of leucocyanidin and 39 mg/L (+)-catechin in batch culture with 10 g/L glucose in modified M9 medium, a 4-fold and 2-fold increase, respectively, compared to the wild-type control.	Metabolic engineering	2010		10.1016/j.ymben.2009.07.003	Journal Article,Research Support, Non-U.S. Gov't,	[ForeName:Joseph A,LastName:Chemler] [ForeName:Zachary L,LastName:Fowler] [ForeName:Kyle P,LastName:McHugh] [ForeName:Mattheos A G,LastName:Koffas]
21952217	Identification and microbial production of a terpene-based advanced biofuel.	Rising petroleum costs, trade imbalances and environmental concerns have stimulated efforts to advance the microbial production of fuels from lignocellulosic biomass. Here we identify a novel biosynthetic alternative to D2 diesel fuel, bisabolane, and engineer microbial platforms for the production of its immediate precursor, bisabolene. First, we identify bisabolane as an alternative to D2 diesel by measuring the fuel properties of chemically hydrogenated commercial bisabolene. Then, via a combination of enzyme screening and metabolic engineering, we obtain a more than tenfold increase in bisabolene titers in Escherichia coli to >900 mg l(-1). We produce bisabolene in Saccharomyces cerevisiae (>900 mg l(-1)), a widely used platform for the production of ethanol. Finally, we chemically hydrogenate biosynthetic bisabolene into bisabolane. This work presents a framework for the identification of novel terpene-based advanced biofuels and the rapid engineering of microbial farnesyl diphosphate-overproducing platforms for the production of biofuels.	Nature communications	2011	3195254.0	10.1038/ncomms1494	Journal Article,Research Support, U.S. Gov't, Non-P.H.S.,	[ForeName:Pamela P,LastName:Peralta-Yahya] [ForeName:Mario,LastName:Ouellet] [ForeName:Rossana,LastName:Chan] [ForeName:Aindrila,LastName:Mukhopadhyay] [ForeName:Jay D,LastName:Keasling] [ForeName:Taek Soon,LastName:Lee]
23160128	Improved production of L-threonine in Escherichia coli by use of a DNA scaffold system.	Despite numerous approaches for the development of l-threonine-producing strains, strain development is still hampered by the intrinsic inefficiency of metabolic reactions caused by simple diffusion and random collisions of enzymes and metabolites. A scaffold system, which can promote the proximity of metabolic enzymes and increase the local concentration of intermediates, was reported to be one of the most promising solutions. Here, we report an improvement in l-threonine production in Escherichia coli using a DNA scaffold system, in which a zinc finger protein serves as an adapter for the site-specific binding of each enzyme involved in l-threonine production to a precisely ordered location on a DNA double helix to increase the proximity of enzymes and the local concentration of metabolites to maximize production. The optimized DNA scaffold system for l-threonine production significantly increased the efficiency of the threonine biosynthetic pathway in E. coli, substantially reducing the production time for l-threonine (by over 50%). In addition, this DNA scaffold system enhanced the growth rate of the host strain by reducing the intracellular concentration of toxic intermediates, such as homoserine. Our DNA scaffold system can be used as a platform technology for the construction and optimization of artificial metabolic pathways as well as for the production of many useful biomaterials.	Applied and environmental microbiology	2013	3568567.0	10.1128/AEM.02578-12	Journal Article,Research Support, Non-U.S. Gov't,	[ForeName:Jun Hyoung,LastName:Lee] [ForeName:Suk-Chae,LastName:Jung] [ForeName:Le Minh,LastName:Bui] [ForeName:Kui Hyeon,LastName:Kang] [ForeName:Ji-Joon,LastName:Song] [ForeName:Sun Chang,LastName:Kim]
15962337	In silico design and adaptive evolution of Escherichia coli for production of lactic acid.	The development and validation of new methods to help direct rational strain design for metabolite overproduction remains an important problem in metabolic engineering. Here we show that computationally predicted E. coli strain designs, calculated from a genome-scale metabolic model, can lead to successful production strains and that adaptive evolution of the engineered strains can lead to improved production capabilities. Three strain designs for lactate production were implemented yielding a total of 11 evolved production strains that were used to demonstrate the utility of this integrated approach. Strains grown on 2 g/L glucose at 37 degrees C showed lactate titers ranging from 0.87 to 1.75 g/L and secretion rates that were directly coupled to growth rates.	Biotechnology and bioengineering	2005		10.1002/bit.20542	Journal Article,	[ForeName:Stephen S,LastName:Fong] [ForeName:Anthony P,LastName:Burgard] [ForeName:Christopher D,LastName:Herring] [ForeName:Eric M,LastName:Knight] [ForeName:Frederick R,LastName:Blattner] [ForeName:Costas D,LastName:Maranas] [ForeName:Bernhard O,LastName:Palsson]
17987288	Production of isopropanol by metabolically engineered Escherichia coli.	A genetically engineered strain of Escherichia coli JM109 harboring the isopropanol-producing pathway consisting of five genes encoding four enzymes, thiolase, coenzyme A (CoA) transferase, acetoacetate decarboxylase from Clostridium acetobutylicum ATCC 824, and primary-secondary alcohol dehydrogenase from C. beijerinckii NRRL B593, produced up to 227 mM of isopropanol from glucose under aerobic fed-batch culture conditions. Acetate production by the engineered strain was approximately one sixth that produced by a control E. coli strain bearing an expression vector without the clostridial genes. These results demonstrate a functional isopropanol-producing pathway in E. coli and consequently carbon flux from acetyl-CoA directed to isopropanol instead of acetate. This is the first report on isopropanol production by genetically engineered microorganism under aerobic culture conditions.	Applied microbiology and biotechnology	2008		10.1007/s00253-007-1246-8	Journal Article,	[ForeName:Toru,LastName:Jojima] [ForeName:Masayuki,LastName:Inui] [ForeName:Hideaki,LastName:Yukawa]
24473754	In vitro reconstitution of mevalonate pathway and targeted engineering of farnesene overproduction in Escherichia coli.	Approaches using metabolic engineering and synthetic biology to overproduce terpenoids, such as the precursors of taxol and artemisinin, in microbial systems have achieved initial success. However, due to the lack of steady-state kinetic information and incomplete understanding of the terpenoid biosynthetic pathway, it has been difficult to build a highly efficient, universal system. Here, we reconstituted the mevalonate pathway to produce farnesene (a precursor of new jet fuel) in vitro using purified protein components. The information from this in vitro reconstituted system guided us to rationally optimize farnesene production in E. coli by quantitatively overexpressing each component. Targeted proteomic assays and intermediate assays were used to determine the metabolic status of each mutant. Through targeted engineering, farnesene production could be increased predictably step by step, up to 1.1 g/L (∼ 2,000 fold) 96 h after induction at the shake-flask scale. The strategy developed to release the potential of the mevalonate pathway for terpenoid overproduction should also work in other multistep synthetic pathways.	Biotechnology and bioengineering	2014		10.1002/bit.25198	Journal Article,Research Support, Non-U.S. Gov't,	[ForeName:Fayin,LastName:Zhu] [ForeName:Xiaofang,LastName:Zhong] [ForeName:Mengzhu,LastName:Hu] [ForeName:Lei,LastName:Lu] [ForeName:Zixin,LastName:Deng] [ForeName:Tiangang,LastName:Liu]
25250846	Production of anteiso-branched fatty acids in Escherichia coli; next generation biofuels with improved cold-flow properties.	Microbial fermentation is emerging as an increasingly important resource for the production of fatty acids to serve as precursors for renewable diesel as well as detergents, lubricants and other industrial chemicals, as an alternative to traditional sources of reduced carbon such as petroleum. A major disadvantage of fuels derived from biological sources is their undesirable physical properties such as high cloud and pour points, and high viscosity. Here we report the development of an Escherichia coli strain that efficiently produces anteiso-branched fatty acids, which can be converted into downstream products with lower cloud and pour points than the mixtures of compounds produced via the native metabolism of the cell. This work addresses a serious limitation that must be overcome in order to produce renewable biodiesel and oleochemicals that perform as well as their petroleum-based counterparts.	Metabolic engineering	2014		10.1016/j.ymben.2014.09.002	Journal Article,Research Support, U.S. Gov't, Non-P.H.S.,	[ForeName:Robert W,LastName:Haushalter] [ForeName:Woncheol,LastName:Kim] [ForeName:Ted A,LastName:Chavkin] [ForeName:Lionadi,LastName:The] [ForeName:Megan E,LastName:Garber] [ForeName:Melissa,LastName:Nhan] [ForeName:Paul D,LastName:Adams] [ForeName:Christopher J,LastName:Petzold] [ForeName:Leonard,LastName:Katz] [ForeName:Jay D,LastName:Keasling]
21803884	Coproduction of acetaldehyde and hydrogen during glucose fermentation by Escherichia coli.	"Escherichia coli K-12 strain MG1655 was engineered to coproduce acetaldehyde and hydrogen during glucose fermentation by the use of exogenous acetyl-coenzyme A (acetyl-CoA) reductase (for the conversion of acetyl-CoA to acetaldehyde) and the native formate hydrogen lyase. A putative acetaldehyde dehydrogenase/acetyl-CoA reductase from Salmonella enterica (SeEutE) was cloned, produced at high levels, and purified by nickel affinity chromatography. In vitro assays showed that this enzyme had both acetaldehyde dehydrogenase activity (68.07 ± 1.63 μmol min(-1) mg(-1)) and the desired acetyl-CoA reductase activity (49.23 ± 2.88 μmol min(-1) mg(-1)). The eutE gene was engineered into an E. coli mutant lacking native glucose fermentation pathways (ΔadhE, ΔackA-pta, ΔldhA, and ΔfrdC). The engineered strain (ZH88) produced 4.91 ± 0.29 mM acetaldehyde while consuming 11.05 mM glucose but also produced 6.44 ± 0.26 mM ethanol. Studies showed that ethanol was produced by an unknown alcohol dehydrogenase(s) that converted the acetaldehyde produced by SeEutE to ethanol. Allyl alcohol was used to select for mutants with reduced alcohol dehydrogenase activity. Three allyl alcohol-resistant mutants were isolated; all produced more acetaldehyde and less ethanol than ZH88. It was also found that modifying the growth medium by adding 1 g of yeast extract/liter and lowering the pH to 6.0 further increased the coproduction of acetaldehyde and hydrogen. Under optimal conditions, strain ZH136 converted glucose to acetaldehyde and hydrogen in a 1:1 ratio with a specific acetaldehyde production rate of 0.68 ± 0.20 g h(-1) g(-1) dry cell weight and at 86% of the maximum theoretical yield. This specific production rate is the highest reported thus far and is promising for industrial application. The possibility of a more efficient ""no-distill"" ethanol fermentation procedure based on the coproduction of acetaldehyde and hydrogen is discussed."	Applied and environmental microbiology	2011	3187147.0	10.1128/AEM.05358-11	Journal Article,Research Support, U.S. Gov't, Non-P.H.S.,	[ForeName:Huilin,LastName:Zhu] [ForeName:Ramon,LastName:Gonzalez] [ForeName:Thomas A,LastName:Bobik]
18336574	Engineering triterpene production in Saccharomyces cerevisiae-beta-amyrin synthase from Artemisia annua.	Using a degenerate primer designed from triterpene synthase sequences, we have isolated a new gene from the medicinal plant Artemisia annua. The predicted protein is highly similar to beta-amyrin synthases (EC 5.4.99.-), sharing amino acid sequence identities of up to 86%. Expression of the gene, designated AaBAS, in Saccharomyces cerevisiae, followed by GC/MS analysis, confirmed the encoded enzyme as a beta-amyrin synthase. Through engineering the sterol pathway in S. cerevisiae, we explore strategies for increasing triterpene production, using AaBAS as a test case. By manipulation of two key enzymes in the pathway, 3-hydroxy-3-methylglutaryl-CoA reductase and lanosterol synthase, we have improved beta-amyrin production by 50%, achieving levels of 6 mg.L(-1) culture. As we have observed a 12-fold increase in squalene levels, it appears that this strain has the capacity for even higher beta-amyrin production. Options for further engineering efforts are explored.	The FEBS journal	2008		10.1111/j.1742-4658.2008.06343.x	Journal Article,	[ForeName:James,LastName:Kirby] [ForeName:Dante W,LastName:Romanini] [ForeName:Eric M,LastName:Paradise] [ForeName:Jay D,LastName:Keasling]
21515217	Engineered ketol-acid reductoisomerase and alcohol dehydrogenase enable anaerobic 2-methylpropan-1-ol production at theoretical yield in Escherichia coli.	2-methylpropan-1-ol (isobutanol) is a leading candidate biofuel for the replacement or supplementation of current fossil fuels. Recent work has demonstrated glucose to isobutanol conversion through a modified amino acid pathway in a recombinant organism. Although anaerobic conditions are required for an economically competitive process, only aerobic isobutanol production has been feasible due to an imbalance in cofactor utilization. Two of the pathway enzymes, ketol-acid reductoisomerase and alcohol dehydrogenase, require nicotinamide dinucleotide phosphate (NADPH); glycolysis, however, produces only nicotinamide dinucleotide (NADH). Here, we compare two solutions to this imbalance problem: (1) over-expression of pyridine nucleotide transhydrogenase PntAB and (2) construction of an NADH-dependent pathway, using engineered enzymes. We demonstrate that an NADH-dependent pathway enables anaerobic isobutanol production at 100% theoretical yield and at higher titer and productivity than both the NADPH-dependent pathway and transhydrogenase over-expressing strain. Our results show how engineering cofactor dependence can overcome a critical obstacle to next-generation biofuel commercialization.	Metabolic engineering	2011		10.1016/j.ymben.2011.02.004	Journal Article,Research Support, Non-U.S. Gov't,Research Support, U.S. Gov't, Non-P.H.S.,	[ForeName:Sabine,LastName:Bastian] [ForeName:Xiang,LastName:Liu] [ForeName:Joseph T,LastName:Meyerowitz] [ForeName:Christopher D,LastName:Snow] [ForeName:Mike M Y,LastName:Chen] [ForeName:Frances H,LastName:Arnold]
20643967	Combining metabolic and protein engineering of a terpenoid biosynthetic pathway for overproduction and selectivity control.	A common strategy of metabolic engineering is to increase the endogenous supply of precursor metabolites to improve pathway productivity. The ability to further enhance heterologous production of a desired compound may be limited by the inherent capacity of the imported pathway to accommodate high precursor supply. Here, we present engineered diterpenoid biosynthesis as a case where insufficient downstream pathway capacity limits high-level levopimaradiene production in Escherichia coli. To increase levopimaradiene synthesis, we amplified the flux toward isopentenyl diphosphate and dimethylallyl diphosphate precursors and reprogrammed the rate-limiting downstream pathway by generating combinatorial mutations in geranylgeranyl diphosphate synthase and levopimaradiene synthase. The mutant library contained pathway variants that not only increased diterpenoid production but also tuned the selectivity toward levopimaradiene. The most productive pathway, combining precursor flux amplification and mutant synthases, conferred approximately 2,600-fold increase in levopimaradiene levels. A maximum titer of approximately 700 mg/L was subsequently obtained by cultivation in a bench-scale bioreactor. The present study highlights the importance of engineering proteins along with pathways as a key strategy in achieving microbial biosynthesis and overproduction of pharmaceutical and chemical products.	Proceedings of the National Academy of Sciences of the United States of America	2010	2922259.0	10.1073/pnas.1006138107	Journal Article,Research Support, N.I.H., Extramural,Research Support, Non-U.S. Gov't,	[ForeName:Effendi,LastName:Leonard] [ForeName:Parayil Kumaran,LastName:Ajikumar] [ForeName:Kelly,LastName:Thayer] [ForeName:Wen-Hai,LastName:Xiao] [ForeName:Jeffrey D,LastName:Mo] [ForeName:Bruce,LastName:Tidor] [ForeName:Gregory,LastName:Stephanopoulos] [ForeName:Kristala L J,LastName:Prather]
22247290	Production of amorphadiene in yeast, and its conversion to dihydroartemisinic acid, precursor to the antimalarial agent artemisinin.	Malaria, caused by Plasmodium sp, results in almost one million deaths and over 200 million new infections annually. The World Health Organization has recommended that artemisinin-based combination therapies be used for treatment of malaria. Artemisinin is a sesquiterpene lactone isolated from the plant Artemisia annua. However, the supply and price of artemisinin fluctuate greatly, and an alternative production method would be valuable to increase availability. We describe progress toward the goal of developing a supply of semisynthetic artemisinin based on production of the artemisinin precursor amorpha-4,11-diene by fermentation from engineered Saccharomyces cerevisiae, and its chemical conversion to dihydroartemisinic acid, which can be subsequently converted to artemisinin. Previous efforts to produce artemisinin precursors used S. cerevisiae S288C overexpressing selected genes of the mevalonate pathway [Ro et al. (2006) Nature 440:940-943]. We have now overexpressed every enzyme of the mevalonate pathway to ERG20 in S. cerevisiae CEN.PK2, and compared production to CEN.PK2 engineered identically to the previously engineered S288C strain. Overexpressing every enzyme of the mevalonate pathway doubled artemisinic acid production, however, amorpha-4,11-diene production was 10-fold higher than artemisinic acid. We therefore focused on amorpha-4,11-diene production. Development of fermentation processes for the reengineered CEN.PK2 amorpha-4,11-diene strain led to production of > 40 g/L product. A chemical process was developed to convert amorpha-4,11-diene to dihydroartemisinic acid, which could subsequently be converted to artemisinin. The strains and procedures described represent a complete process for production of semisynthetic artemisinin.	Proceedings of the National Academy of Sciences of the United States of America	2012	3271868.0	10.1073/pnas.1110740109	Journal Article,Research Support, Non-U.S. Gov't,	[ForeName:Patrick J,LastName:Westfall] [ForeName:Douglas J,LastName:Pitera] [ForeName:Jacob R,LastName:Lenihan] [ForeName:Diana,LastName:Eng] [ForeName:Frank X,LastName:Woolard] [ForeName:Rika,LastName:Regentin] [ForeName:Tizita,LastName:Horning] [ForeName:Hiroko,LastName:Tsuruta] [ForeName:David J,LastName:Melis] [ForeName:Andrew,LastName:Owens] [ForeName:Scott,LastName:Fickes] [ForeName:Don,LastName:Diola] [ForeName:Kirsten R,LastName:Benjamin] [ForeName:Jay D,LastName:Keasling] [ForeName:Michael D,LastName:Leavell] [ForeName:Derek J,LastName:McPhee] [ForeName:Neil S,LastName:Renninger] [ForeName:Jack D,LastName:Newman] [ForeName:Chris J,LastName:Paddon]
20073090	A process for microbial hydrocarbon synthesis: Overproduction of fatty acids in Escherichia coli and catalytic conversion to alkanes.	The development of renewable alternatives to diesel and jet fuels is highly desirable for the heavy transportation sector, and would offer benefits over the production and use of short-chain alcohols for personal transportation. Here, we report the development of a metabolically engineered strain of Escherichia coli that overproduces medium-chain length fatty acids via three basic modifications: elimination of beta-oxidation, overexpression of the four subunits of acetyl-CoA carboxylase, and expression of a plant acyl-acyl carrier protein (ACP) thioesterase from Umbellularia californica (BTE). The expression level of BTE was optimized by comparing fatty acid production from strains harboring BTE on plasmids with four different copy numbers. Expression of BTE from low copy number plasmids resulted in the highest fatty acid production. Up to a seven-fold increase in total fatty acid production was observed in engineered strains over a negative control strain (lacking beta-oxidation), with a composition dominated by C(12) and C(14) saturated and unsaturated fatty acids. Next, a strategy for producing undecane via a combination of biotechnology and heterogeneous catalysis is demonstrated. Fatty acids were extracted from a culture of an overproducing strain into an alkane phase and fed to a Pd/C plug flow reactor, where the extracted fatty acids were decarboxylated into saturated alkanes. The result is an enriched alkane stream that can be recycled for continuous extractions. Complete conversion of C(12) fatty acids extracted from culture to alkanes has been demonstrated yielding a concentration of 0.44 g L(-1) (culture volume) undecane.	Biotechnology and bioengineering	2010	3833807.0	10.1002/bit.22660	Journal Article,Research Support, N.I.H., Extramural,Research Support, U.S. Gov't, Non-P.H.S.,	[ForeName:Rebecca M,LastName:Lennen] [ForeName:Drew J,LastName:Braden] [ForeName:Ryan A,LastName:West] [ForeName:James A,LastName:Dumesic] [ForeName:Brian F,LastName:Pfleger]
22020510	Modular engineering of L-tyrosine production in Escherichia coli.	Efficient biosynthesis of L-tyrosine from glucose is necessary to make biological production economically viable. To this end, we designed and constructed a modular biosynthetic pathway for L-tyrosine production in E. coli MG1655 by encoding the enzymes for converting erythrose-4-phosphate (E4P) and phosphoenolpyruvate (PEP) to L-tyrosine on two plasmids. Rational engineering to improve L-tyrosine production and to identify pathway bottlenecks was directed by targeted proteomics and metabolite profiling. The bottlenecks in the pathway were relieved by modifications in plasmid copy numbers, promoter strength, gene codon usage, and the placement of genes in operons. One major bottleneck was due to the bifunctional activities of quinate/shikimate dehydrogenase (YdiB), which caused accumulation of the intermediates dehydroquinate (DHQ) and dehydroshikimate (DHS) and the side product quinate; this bottleneck was relieved by replacing YdiB with its paralog AroE, resulting in the production of over 700 mg/liter of shikimate. Another bottleneck in shikimate production, due to low expression of the dehydroquinate synthase (AroB), was alleviated by optimizing the first 15 codons of the gene. Shikimate conversion to L-tyrosine was improved by replacing the shikimate kinase AroK with its isozyme, AroL, which effectively consumed all intermediates formed in the first half of the pathway. Guided by the protein and metabolite measurements, the best producer, consisting of two medium-copy-number, dual-operon plasmids, was optimized to produce >2 g/liter L-tyrosine at 80% of the theoretical yield. This work demonstrates the utility of targeted proteomics and metabolite profiling in pathway construction and optimization, which should be applicable to other metabolic pathways.	Applied and environmental microbiology	2012	3255607.0	10.1128/AEM.06017-11	Journal Article,Research Support, Non-U.S. Gov't,Research Support, U.S. Gov't, Non-P.H.S.,	[ForeName:Darmawi,LastName:Juminaga] [ForeName:Edward E K,LastName:Baidoo] [ForeName:Alyssa M,LastName:Redding-Johanson] [ForeName:Tanveer S,LastName:Batth] [ForeName:Helcio,LastName:Burd] [ForeName:Aindrila,LastName:Mukhopadhyay] [ForeName:Christopher J,LastName:Petzold] [ForeName:Jay D,LastName:Keasling]
23164574	Metabolic engineering of muconic acid production in Saccharomyces cerevisiae.	The dicarboxylic acid muconic acid has garnered significant interest due to its potential use as a platform chemical for the production of several valuable consumer bio-plastics including nylon-6,6 and polyurethane (via an adipic acid intermediate) and polyethylene terephthalate (PET) (via a terephthalic acid intermediate). Many process advantages (including lower pH levels) support the production of this molecule in yeast. Here, we present the first heterologous production of muconic acid in the yeast Saccharomyces cerevisiae. A three-step synthetic, composite pathway comprised of the enzymes dehydroshikimate dehydratase from Podospora anserina, protocatechuic acid decarboxylase from Enterobacter cloacae, and catechol 1,2-dioxygenase from Candida albicans was imported into yeast. Further genetic modifications guided by metabolic modeling and feedback inhibition mitigation were introduced to increase precursor availability. Specifically, the knockout of ARO3 and overexpression of a feedback-resistant mutant of aro4 reduced feedback inhibition in the shikimate pathway, and the zwf1 deletion and over-expression of TKL1 increased flux of necessary precursors into the pathway. Further balancing of the heterologous enzyme levels led to a final titer of nearly 141mg/L muconic acid in a shake-flask culture, a value nearly 24-fold higher than the initial strain. Moreover, this strain has the highest titer and second highest yield of any reported shikimate and aromatic amino acid-based molecule in yeast in a simple batch condition. This work collectively demonstrates that yeast has the potential to be a platform for the bioproduction of muconic acid and suggests an area that is ripe for future metabolic engineering efforts.	Metabolic engineering	2013		10.1016/j.ymben.2012.10.003	Journal Article,Research Support, U.S. Gov't, Non-P.H.S.,	[ForeName:Kathleen A,LastName:Curran] [ForeName:John M,LastName:Leavitt] [ForeName:Ashty S,LastName:Karim] [ForeName:Hal S,LastName:Alper]
19061191	Identification of common traits in improved xylose-growing Saccharomyces cerevisiae for inverse metabolic engineering.	Four recombinant Saccharomyces cerevisiae strains with enhanced xylose growth (TMB3400, C1, C5 and BH42) were compared with two control strains (TMB3399, TMB3001) through genome-wide transcription analysis in order to identify novel targets for inverse metabolic engineering. A subset of 13 genes with changed expression levels in all improved strains was selected for further analysis. Thirteen validation strains and two reference strains were constructed to investigate the effect of overexpressing or deleting these genes in xylose-utilizing S. cerevisiae. Improved aerobic growth rates on xylose were observed in five cases. The strains overexpressing SOL3 and TAL1 grew 19% and 24% faster than their reference strain, and the strains carrying deletions of YLR042C, MNI1 or RPA49 grew 173%, 62% and 90% faster than their reference strain.	Yeast (Chichester, England)	2008		10.1002/yea.1638	Comparative Study,Journal Article,Research Support, Non-U.S. Gov't,	[ForeName:Oskar,LastName:Bengtsson] [ForeName:Marie,LastName:Jeppsson] [ForeName:Marco,LastName:Sonderegger] [ForeName:Nadia Skorupa,LastName:Parachin] [ForeName:Uwe,LastName:Sauer] [ForeName:Bärbel,LastName:Hahn-Hägerdal] [ForeName:Marie-F,LastName:Gorwa-Grauslund]
23417095	Compartmentalization of metabolic pathways in yeast mitochondria improves the production of branched-chain alcohols.	Efforts to improve the production of a compound of interest in Saccharomyces cerevisiae have mainly involved engineering or overexpression of cytoplasmic enzymes. We show that targeting metabolic pathways to mitochondria can increase production compared with overexpression of the enzymes involved in the same pathways in the cytoplasm. Compartmentalization of the Ehrlich pathway into mitochondria increased isobutanol production by 260%, whereas overexpression of the same pathway in the cytoplasm only improved yields by 10%, compared with a strain overproducing enzymes involved in only the first three steps of the biosynthetic pathway. Subcellular fractionation of engineered strains revealed that targeting the enzymes of the Ehrlich pathway to the mitochondria achieves greater local enzyme concentrations. Other benefits of compartmentalization may include increased availability of intermediates, removing the need to transport intermediates out of the mitochondrion and reducing the loss of intermediates to competing pathways.	Nature biotechnology	2013	3659820.0	10.1038/nbt.2509	Journal Article,Research Support, N.I.H., Extramural,Research Support, Non-U.S. Gov't,	[ForeName:José L,LastName:Avalos] [ForeName:Gerald R,LastName:Fink] [ForeName:Gregory,LastName:Stephanopoulos]
22759404	An inverse metabolic engineering approach for the design of an improved host platform for over-expression of recombinant proteins in Escherichia coli.	A useful goal for metabolic engineering would be to generate non-growing but metabolically active quiescent cells which would divert the metabolic fluxes towards product formation rather than growth. However, for products like recombinant proteins, which are intricately coupled to the growth process it is difficult to identify the genes that need to be knocked-out/knocked-in to get this desired phenotype. To circumvent this we adopted an inverse metabolic engineering strategy which would screen for the desired phenotype and thus help in the identification of genetic targets which need to be modified to get overproducers of recombinant protein. Such quiescent cells would obviate the need for high cell density cultures and increase the operational life span of bioprocesses.	Microbial cell factories	2012	3537655.0	10.1186/1475-2859-11-93	Journal Article,Research Support, Non-U.S. Gov't,	[ForeName:Chaitali,LastName:Ghosh] [ForeName:Rashmi,LastName:Gupta] [ForeName:Krishna Jyoti,LastName:Mukherjee]
24305546	Increased isobutanol production in Saccharomyces cerevisiae by eliminating competing pathways and resolving cofactor imbalance.	Isobutanol is an important target for biorefinery research as a next-generation biofuel and a building block for commodity chemical production. Metabolically engineered microbial strains to produce isobutanol have been successfully developed by introducing the Ehrlich pathway into bacterial hosts. Isobutanol-producing baker's yeast (Saccharomyces cerevisiae) strains have been developed following the strategy with respect to its advantageous characteristics for cost-effective isobutanol production. However, the isobutanol yields and titers attained by the developed strains need to be further improved through engineering of S. cerevisiae metabolism.	Microbial cell factories	2013	3866936.0	10.1186/1475-2859-12-119	Journal Article,Research Support, Non-U.S. Gov't,	[ForeName:Fumio,LastName:Matsuda] [ForeName:Jun,LastName:Ishii] [ForeName:Takashi,LastName:Kondo] [ForeName:Kengo,LastName:Ida] [ForeName:Hironori,LastName:Tezuka] [ForeName:Akihiko,LastName:Kondo]
18775501	Metabolic engineering of Escherichia coli for 1-butanol and 1-propanol production via the keto-acid pathways.	Production of higher alcohols via the keto-acid intermediates found in microorganism's native amino-acid pathways has recently shown promising results. In this work, an Escherichia coli strain that produces 1-butanol and 1-propanol from glucose was constructed. The strain first converts glucose to 2-ketobutyrate, a common keto-acid intermediate for isoleucine biosynthesis. Then, 2-ketobutyrate is converted to 1-propanol through reactions catalyzed by the heterologous decarboxylase and dehydrogenase, or to 1-butanol via the chemistry involved in the synthesis of the unnatural amino acid norvaline. We systematically improved the synthesis of 1-propanol and 1-butanol through deregulation of amino-acid biosynthesis and elimination of competing pathways. The final strain demonstrated a production titer of 2 g/L with nearly 1:1 ratio of butanol and propanol.	Metabolic engineering	2008		10.1016/j.ymben.2008.08.001	Journal Article,Research Support, Non-U.S. Gov't,Research Support, U.S. Gov't, Non-P.H.S.,	[ForeName:C R,LastName:Shen] [ForeName:J C,LastName:Liao]
25012491	Improvement of L-phenylalanine production from glycerol by recombinant Escherichia coli strains: the role of extra copies of glpK, glpX, and tktA genes.	For the production of L-phenylalanine (L-Phe), two molecules of phosphoenolpyruvate (PEP) and one molecule erythrose-4-phosphate (E4P) are necessary. PEP stems from glycolysis whereas E4P is formed in the pentose phosphate pathway (PPP). Glucose, commonly used for L-Phe production with recombinant E. coli, is taken up via the PEP-dependent phosphotransferase system which delivers glucose-6-phosphate (G6P). G6P enters either glycolysis or the PPP. In contrast, glycerol is phosphorylated by an ATP-dependent glycerol kinase (GlpK) thus saving one PEP. However, two gluconeogenic reactions (fructose-1,6-bisphosphate aldolase, fructose-1,6-bisphosphatase, FBPase) are necessary for growth and provision of E4P. Glycerol has become an important carbon source for biotechnology and reports on production of L-Phe from glycerol are available. However, the influence of FBPase and transketolase reactions on L-Phe production has not been reported.	Microbial cell factories	2014	4227036.0	10.1186/s12934-014-0096-1	Journal Article,	[ForeName:Katrin,LastName:Gottlieb] [ForeName:Christoph,LastName:Albermann] [ForeName:Georg A,LastName:Sprenger]
12039737	Metabolic engineering of glycerol production in Saccharomyces cerevisiae.	Inactivation of TPI1, the Saccharomyces cerevisiae structural gene encoding triose phosphate isomerase, completely eliminates growth on glucose as the sole carbon source. In tpi1-null mutants, intracellular accumulation of dihydroxyacetone phosphate might be prevented if the cytosolic NADH generated in glycolysis by glyceraldehyde-3-phosphate dehydrogenase were quantitatively used to reduce dihydroxyacetone phosphate to glycerol. We hypothesize that the growth defect of tpi1-null mutants is caused by mitochondrial reoxidation of cytosolic NADH, thus rendering it unavailable for dihydroxyacetone-phosphate reduction. To test this hypothesis, a tpi1delta nde1delta nde2delta gut2delta quadruple mutant was constructed. NDE1 and NDE2 encode isoenzymes of mitochondrial external NADH dehydrogenase; GUT2 encodes a key enzyme of the glycerol-3-phosphate shuttle. It has recently been demonstrated that these two systems are primarily responsible for mitochondrial oxidation of cytosolic NADH in S. cerevisiae. Consistent with the hypothesis, the quadruple mutant grew on glucose as the sole carbon source. The growth on glucose, which was accompanied by glycerol production, was inhibited at high-glucose concentrations. This inhibition was attributed to glucose repression of respiratory enzymes as, in the quadruple mutant, respiratory pyruvate dissimilation is essential for ATP synthesis and growth. Serial transfer of the quadruple mutant on high-glucose media yielded a spontaneous mutant with much higher specific growth rates in high-glucose media (up to 0.10 h(-1) at 100 g of glucose. liter(-1)). In aerated batch cultures grown on 400 g of glucose. liter(-1), this engineered S. cerevisiae strain produced over 200 g of glycerol. liter(-1), corresponding to a molar yield of glycerol on glucose close to unity.	Applied and environmental microbiology	2002	123913.0	10.1128/AEM.68.6.2814-2821.2002	Journal Article,Research Support, Non-U.S. Gov't,	[ForeName:Karin M,LastName:Overkamp] [ForeName:Barbara M,LastName:Bakker] [ForeName:Peter,LastName:Kötter] [ForeName:Marijke A H,LastName:Luttik] [ForeName:Johannes P,LastName:Van Dijken] [ForeName:Jack T,LastName:Pronk]
23618128	Metabolic engineering of Escherichia coli for high-specificity production of isoprenol and prenol as next generation of biofuels.	The isopentenols, including isoprenol and prenol, are excellent alternative fuels. However, they are not compounds largely accumulated in natural organism. The need for the next generation of biofuels with better physical and chemical properties impels us to develop biosynthetic routes for the production of isoprenol and prenol from renewable sugar. In this study, we use the heterogenous mevalonate-dependent (MVA) isoprenoid pathway for the synthesis of isopentenyl pyrophosphate (IPP) and dimethylallyl pyrophosphate (DMAPP) intermediates, and then convert IPP and DMAPP to isoprenol and prenol, respectively.	Biotechnology for biofuels	2013	3654967.0	10.1186/1754-6834-6-57	Journal Article,	[ForeName:Yanning,LastName:Zheng] [ForeName:Qiang,LastName:Liu] [ForeName:Lingling,LastName:Li] [ForeName:Wen,LastName:Qin] [ForeName:Jianming,LastName:Yang] [ForeName:Haibo,LastName:Zhang] [ForeName:Xinglin,LastName:Jiang] [ForeName:Tao,LastName:Cheng] [ForeName:Wei,LastName:Liu] [ForeName:Xin,LastName:Xu] [ForeName:Mo,LastName:Xian]
23608474	Engineered production of fungal anticancer cyclooligomer depsipeptides in Saccharomyces cerevisiae.	Two fungal cyclooligomer depsipeptide synthetases(CODSs), BbBEAS (352 kDa) and BbBSLS (348 kDa) from Beauveria bassiana ATCC7159, were reconstituted in Saccharomyces cerevisiae BJ5464-NpgA, leading to the production of the corresponding anticancer natural products, beauvericins and bassianolide, respectively. The titers of beauvericins (33.8 ± 1.4 mg/l) and bassianolide (21.7± 0.1 mg/l) in the engineered S. cerevisiae BJ5464-NpgA strains were comparable to those in the native producer B. bassiana. Feeding D-hydroxyisovaleric acid (D-Hiv) and the corresponding L-amino acid precursors improved the production of beauvericins and bassianolide. However, the high price of D-Hiv limits its application in large-scale production of these cyclooligomer depsipeptides. Alternatively, we engineered another enzyme, ketoisovalerate reductase (KIVR) from B. bassiana, into S. cerevisiae BJ5464-NpgA for enhanced in situ synthesis of this expensive substrate. Co-expression of BbBEAS and KIVR in the yeast led to significant improvement of the production of beauvericins.The total titer of beauvericin and its congeners (beauvericins A-C) was increased to 61.7 ± 3.0 mg/l and reached 2.6-fold of that in the native producer B. bassiana ATCC7159. Supplement of L-Val at 10 mM improved the supply of ketoisovalerate, the substrate of KIVR, which consequently further increased the total titer of beauvericins to 105.8 ± 2.1 mg/l. Using this yeast system,we functionally characterized an unknown CODS from Fusarium venenatum NRRL 26139 as a beauvericin synthetase, which was named as FvBEAS. Our work thus provides a useful approach for functional reconstitution and engineering of fungal CODSs for efficient production of this family of anticancer molecules.	Metabolic engineering	2013		10.1016/j.ymben.2013.04.001	Journal Article,Research Support, Non-U.S. Gov't,	[ForeName:Dayu,LastName:Yu] [ForeName:Fuchao,LastName:Xu] [ForeName:Jiachen,LastName:Zi] [ForeName:Siyuan,LastName:Wang] [ForeName:David,LastName:Gage] [ForeName:Jia,LastName:Zeng] [ForeName:Jixun,LastName:Zhan]
11120641	Co-overexpression of RspAB improves recombinant protein production in Escherichia coli.	The Escherichia coli mutant CWML2 was previously reported to exhibit improved physiological characteristics, including recombinant protein production. Here we investigate the molecular basis of this phenotype by comparing the cellular level of three RNA polymerase sigma subunits by immunoblot analysis. While the level of housekeeping sigma(D) was similar in parent and mutant, the levels of the flagella synthesis regulator sigma(F) and the stationary phase regulator sigma(S) were higher in the mutant strain, indicating a different motility and stationary phase phenotype. Evidence for this conclusion was provided by the significantly higher motility of CWML2, compared to its parent. Based on these results, we hypothesized that alterations in ppGpp regulation via a homoserine lactone-dependent mechanism may be relevant for the mutant phenotype. Indeed, transcription of the rspAB operon, which was previously described to be involved in the degradation of homoserine lactone, was found to be deregulated in CWML2 in a plasmid-based reporter protein assay. By overexpression of the E. coli rspAB operon, we could partly mimic the mutant phenotype and demonstrate that co-overexpression of RspAB is a pertinent metabolic engineering strategy to improve recombinant protein production.	Metabolic engineering	2000		10.1006/mben.2000.0163	Journal Article,Research Support, Non-U.S. Gov't,	[ForeName:C,LastName:Weikert] [ForeName:F,LastName:Canonaco] [ForeName:U,LastName:Sauer] [ForeName:J E,LastName:Bailey]
18155949	Engineering the Saccharomyces cerevisiae isoprenoid pathway for de novo production of aromatic monoterpenes in wine.	Grape musts contain a variety of terpenols that significantly affect wine aroma. The amounts of these metabolites depend on the grape variety, and many cultivars are non-aromatic. Yeasts like Saccharomyces cerevisiae cannot produce and excrete monoterpenes efficiently, mainly due to their lack of monoterpene synthases. By metabolic engineering we have modified the isoprenoid biosynthesis pathway in a wine yeast strain of S. cerevisiae expressing the Clarkia breweri S-linalool synthase gene. Under microvinification conditions, without compromising other desirable and useful fermentative traits, the recombinant yeast efficiently excreted linalool to levels exceeding the threshold of human perception. Bearing in mind the possibility of (co-)expressing other genes that encode enzymes leading to the production of various aroma compounds and the feasibility of controlling the levels of their expression, the potential of this achievement for future genetic manipulation of wine varietal aroma or for use in other alcoholic drinks seems very promising.	Metabolic engineering	2008		10.1016/j.ymben.2007.11.001	Journal Article,Research Support, Non-U.S. Gov't,	[ForeName:Oscar,LastName:Herrero] [ForeName:Daniel,LastName:Ramón] [ForeName:Margarita,LastName:Orejas]
19379820	Ensemble modeling for strain development of L-lysine-producing Escherichia coli.	One of the main strategies to improve the production of relevant metabolites has been the manipulation of single or multiple key genes in the metabolic pathways. This kind of strategy requires several rounds of experiments to identify enzymes that impact either yield or productivity. The use of mathematical tools to facilitate this process is desirable. In this work, we apply the Ensemble Modeling (EM) framework, which uses phenotypic data (effects of enzyme overexpression or genetic knockouts on the steady-state production rate) to screen for potential models capable of describe existing data and thus gaining insight to improve strains for l-lysine production. Described herein is a strategy to generate a set of kinetic models that describe a set of enzyme overexpression phenotypes previously determined in an Escherichia coli strain that produces increased levels of l-lysine in an industrial laboratory. This final ensemble of models captures the kinetic characteristics of the cell through screening of phenotypes after sequential overexpression of enzymes. Furthermore, these models demonstrate some predictive capability, as starting from the reference producing strain (overexpressing desensitized dihydrodipicolinate synthetase (dapA*)) this set of models is able to predict that the desensitization of aspartate kinase (lysC*) is the next rate-controlling step in the l-lysine pathway. Moreover, this set of models allows for the generation of further targets for testing, for example, phosphoenolpyruvate (Ppc), aspartate aminotransferase (AspC), and glutamate dehydrogenase (GdhA). This work demonstrates the usefulness, applicability, and scope that the Ensemble Modeling framework offers to build production strains.	Metabolic engineering	2009		10.1016/j.ymben.2009.04.002	Journal Article,Research Support, N.I.H., Extramural,Research Support, Non-U.S. Gov't,Research Support, U.S. Gov't, Non-P.H.S.,	[ForeName:Carolina A,LastName:Contador] [ForeName:Matthew L,LastName:Rizk] [ForeName:Juan A,LastName:Asenjo] [ForeName:James C,LastName:Liao]
12153300	Improving 1,3-propanediol production from glycerol in a metabolically engineered Escherichia coli by reducing accumulation of sn-glycerol-3-phosphate.	High levels of glycerol significantly inhibit cell growth and 1,3-propanediol (1,3-PD) production in anaerobic glycerol fermentation by genetically engineered Escherichia coli (E. coli) strains expressing genes from the Klebsiella pneumoniae dha (K.pneumoniae) regulon. We have previously demonstrated that 1,3-PD production by the engineered E. coli can be improved by reducing the accumulation of methylglyoxal. This study focuses on investigation of another lesser-known metabolite in the pathways related to 1,3-PD production-glycerol-3-phosphate (G3P). When grown anaerobically on glycerol in the absence of an exogenous acceptor, the engineered E. coli strains have intracellular G3P levels that are significantly higher than those in K. pneumoniae, a natural 1,3-PD producer. Furthermore, in the engineered E. coli strains, the G3P levels increase with increasing glycerol concentrations, whereas, in K. pneumoniae, the concentrations of G3P remain relatively constant. Addition of fumarate, which can stimulate activity of anaerobic G3P dehydrogenase, into the fermentation medium led to a greater than 30-fold increase in the specific activity of anaerobic G3P dehydrogenase and a significant decrease in concentrations of intracellular G3P and resulted in better cell growth and an improved production of 1,3-PD. This indicates that the low activity of G3P dehydrogenase in the absence of an exogenous electron acceptor is one of the reasons for G3P accumulation. In addition, spent media from E.coli Lin61, a glycerol kinase (responsible for conversion of glycerol to G3P) mutant, contains greatly decreased concentrations of G3P and shows improved production of 1,3-PD (by 2.5-fold), when compared to media from its parent strain E. coli K10. This further suggests that G3P accumulation is one of the reasons for the inhibition of 1,3-PD production during anaerobic fermentation.	Biotechnology progress	2002		10.1021/bp020281+	Journal Article,Research Support, Non-U.S. Gov't,	[ForeName:Marie M,LastName:Zhu] [ForeName:Patricia D,LastName:Lawman] [ForeName:Douglas C,LastName:Cameron]
20385022	Metabolic engineering for the production of shikimic acid in an evolved Escherichia coli strain lacking the phosphoenolpyruvate: carbohydrate phosphotransferase system.	Shikimic acid (SA) is utilized in the synthesis of oseltamivir-phosphate, an anti-influenza drug. In this work, metabolic engineering approaches were employed to produce SA in Escherichia coli strains derived from an evolved strain (PB12) lacking the phosphoenolpyruvate:carbohydrate phosphotransferase system (PTS-) but with capacity to grow on glucose. Derivatives of PB12 strain were constructed to determine the effects of inactivating aroK, aroL, pykF or pykA and the expression of plasmid-coded genes aroGfbr, tktA, aroB and aroE, on SA synthesis.	Microbial cell factories	2010	2873404.0	10.1186/1475-2859-9-21	Journal Article,Research Support, Non-U.S. Gov't,	[ForeName:Adelfo,LastName:Escalante] [ForeName:Rocío,LastName:Calderón] [ForeName:Araceli,LastName:Valdivia] [ForeName:Ramón,LastName:de Anda] [ForeName:Georgina,LastName:Hernández] [ForeName:Octavio T,LastName:Ramírez] [ForeName:Guillermo,LastName:Gosset] [ForeName:Francisco,LastName:Bolívar]
23727191	Metabolic engineering of Escherichia coli for limonene and perillyl alcohol production.	Limonene is a valuable monoterpene used in the production of several commodity chemicals and medicinal compounds. Among them, perillyl alcohol (POH) is a promising anti-cancer agent that can be produced by hydroxylation of limonene. We engineered E. coli with a heterologous mevalonate pathway and limonene synthase for production of limonene followed by coupling with a cytochrome P450, which specifically hydroxylates limonene to produce POH. A strain containing all mevalonate pathway genes in a single plasmid produced limonene at titers over 400mg/L from glucose, substantially higher than has been achieved in the past. Incorporation of a cytochrome P450 to hydroxylate limonene yielded approximately 100mg/L of POH. Further metabolic engineering of the pathway and in situ product recovery using anion exchange resins would make this engineered E. coli a potential production platform for any valuable limonene derivative.	Metabolic engineering	2013		10.1016/j.ymben.2013.05.004	Journal Article,Research Support, U.S. Gov't, Non-P.H.S.,	[ForeName:Jorge,LastName:Alonso-Gutierrez] [ForeName:Rossana,LastName:Chan] [ForeName:Tanveer S,LastName:Batth] [ForeName:Paul D,LastName:Adams] [ForeName:Jay D,LastName:Keasling] [ForeName:Christopher J,LastName:Petzold] [ForeName:Taek Soon,LastName:Lee]
22609824	Multi-copy genes that enhance the yield of mammalian G protein-coupled receptors in Escherichia coli.	Low yields of recombinant expression represent a major barrier to the physical characterization of membrane proteins. Here, we have identified genes that globally enhance the production of properly folded G protein-coupled receptors (GPCRs) in Escherichia coli. Libraries of bacterial chromosomal fragments were screened using two separate systems that monitor: (i) elevated fluorescence conferred by enhanced expression of GPCR-GFP fusions and (ii) increased binding of fluorescent ligand in cells producing more active receptor. Three multi-copy hits were isolated by both methods: nagD, encoding the ribonucleotide phosphatase NagD; a fragment of nlpD, encoding a truncation of the predicted lipoprotein NlpD, and the three-gene cluster ptsN-yhbJ-npr, encoding three proteins of the nitrogen phosphotransferase system. Expression of these genes resulted in a 3- to 10-fold increase in the yields of different mammalian GPCRs. Our data is consistent with the hypothesis that the expression of these genes may serve to maintain the integrity of the bacterial periplasm and to provide a favorable environment for proper membrane protein folding, possibly by inducing a fine-tuned stress response and/or via modifying the composition of the bacterial cell envelope.	Metabolic engineering	2012	3428473.0	10.1016/j.ymben.2012.05.001	Journal Article,Research Support, N.I.H., Extramural,Research Support, Non-U.S. Gov't,	[ForeName:Georgios,LastName:Skretas] [ForeName:Tomohiro,LastName:Makino] [ForeName:Navin,LastName:Varadarajan] [ForeName:Mark,LastName:Pogson] [ForeName:George,LastName:Georgiou]
18396912	Enhancement of mussel adhesive protein production in Escherichia coli by co-expression of bacterial hemoglobin.	Mussel adhesive proteins (MAPs) have been considered as potential underwater and medical bioadhesives. Previously, we reported a functional expression of recombinant MAP hybrid fp-151, which is a fusion protein with six type 1 (fp-1) decapeptide repeats at each type 5 (fp-5) terminus, with practical properties in Escherichia coli. In the present work, we introduced the Vitreoscilla hemoglobin (VHb) co-expression strategy to enhance the production levels of hybrid fp-151 since VHb has been successfully used for efficient oxygen utilization in several expression systems, including E. coli. In both batch-type flask and fed-batch-type bioreactor cultures, we found that co-expression of VHb conferred higher cell growth and hybrid fp-151 production. Its positive effects were significantly increased in high cell density bioreactor cultures as the microaerobic environment was more quickly and severely formed. We obtained a approximately 1.9-fold higher (approximately 1 g/L) production of MAP fp-151 from VHb co-expressing cells in fed-batch bioreactor cultures as compared to that from VHb non-expressing cells. Collectively and regardless of the culture type, VHb co-expression strategy was successful in enhancing the production of recombinant mussel adhesive proteins in the E. coli expression system.	Biotechnology progress	2008		10.1021/bp0703477	Journal Article,Research Support, Non-U.S. Gov't,	[ForeName:Doil,LastName:Kim] [ForeName:Dong Soo,LastName:Hwang] [ForeName:Dong Gyun,LastName:Kang] [ForeName:Jaoon Y H,LastName:Kim] [ForeName:Hyung Joon,LastName:Cha]
24752690	Overproduction of fatty acids in engineered Saccharomyces cerevisiae.	"The long hydrocarbon fatty acyl chain is energy rich, making it an ideal precursor for liquid transportation fuels and high-value oleo chemicals. As Saccharomyces cerevisiae has many advantages for industrial production compared to Escherichia coli. Here, we attempted to engineer Saccharomyces cerevisiae for overproduction of fatty acids. First, disruption of the beta-oxidation pathway, elimination of the acyl-CoA synthetases, overexpression of different thioesterases and acetyl-CoA carboxylase ACC1, and engineering the supply of precursor acetyl-CoA. The engineered strain XL122 produced more than 120 mg/L of fatty acids. In parallel, we inactivated ADH1, the dominant gene for ethanol production, to redirect the metabolic flux to fatty acids synthesis. The engineered strain DG005 produced about 140 mg/L fatty acids. Additionally, Acetyl-CoA carboxylase was identified as a critical bottleneck of fatty acids synthesis in S. cerevisiae with a cell-free system. However, overexpression of ACC1 has little effect on fatty acids biosynthesis. As it has been reported that phosphorylation of ACC1 may influent its activity, so phosphorylation sites of ACC1 were further identified. Although the regulatory mechanisms remain unclear, our results provide rationale for future studies to target this critical step. All these efforts, particularly the discovery of the limiting step are critical for developing a ""cell factory"" for the overproduction of fatty acids by using type I fatty acids synthase in yeast or other fungi."	Biotechnology and bioengineering	2014		10.1002/bit.25239	Journal Article,Research Support, Non-U.S. Gov't,	[ForeName:Xiaowei,LastName:Li] [ForeName:Daoyi,LastName:Guo] [ForeName:Yongbo,LastName:Cheng] [ForeName:Fayin,LastName:Zhu] [ForeName:Zixin,LastName:Deng] [ForeName:Tiangang,LastName:Liu]
18781696	Eliminating side products and increasing succinate yields in engineered strains of Escherichia coli C.	Derivatives of Escherichia coli C were previously described for succinate production by combining the deletion of genes that disrupt fermentation pathways for alternative products (ldhA::FRT, adhE::FRT, ackA::FRT, focA-pflB::FRT, mgsA, poxB) with growth-based selection for increased ATP production. The resulting strain, KJ073, produced 1.2 mol of succinate per mol glucose in mineral salts medium with acetate, malate, and pyruvate as significant co-products. KJ073 has been further improved by removing residual recombinase sites (FRT sites) from the chromosomal regions of gene deletion to create a strain devoid of foreign DNA, strain KJ091(DeltaldhA DeltaadhE DeltaackA DeltafocA-pflB DeltamgsA DeltapoxB). KJ091 was further engineered for improvements in succinate production. Deletion of the threonine decarboxylase (tdcD; acetate kinase homologue) and 2-ketobutyrate formate-lyase (tdcE; pyruvate formate-lyase homologue) reduced the acetate level by 50% and increased succinate yield (1.3 mol mol(-1) glucose) by almost 10% as compared to KJ091 and KJ073. Deletion of two genes involved in oxaloacetate metabolism, aspartate aminotransferase (aspC) and the NAD(+)-linked malic enzyme (sfcA) (KJ122) significantly increased succinate yield (1.5 mol mol(-1) glucose), succinate titer (700 mM), and average volumetric productivity (0.9 g L(-1) h(-1)). Residual pyruvate and acetate were substantially reduced by further deletion of pta encoding phosphotransacetylase to produce KJ134 (DeltaldhA DeltaadhE DeltafocA-pflB DeltamgsA DeltapoxB DeltatdcDE DeltacitF DeltaaspC DeltasfcA Deltapta-ackA). Strains KJ122 and KJ134 produced near theoretical yields of succinate during simple, anaerobic, batch fermentations using mineral salts medium. Both may be useful as biocatalysts for the commercial production of succinate.	Biotechnology and bioengineering	2008		10.1002/bit.22005	Journal Article,Research Support, Non-U.S. Gov't,Research Support, U.S. Gov't, Non-P.H.S.,	[ForeName:Kaemwich,LastName:Jantama] [ForeName:Xueli,LastName:Zhang] [ForeName:J C,LastName:Moore] [ForeName:K T,LastName:Shanmugam] [ForeName:S A,LastName:Svoronos] [ForeName:L O,LastName:Ingram]
16269707	Enhanced hydrogen production from formic acid by formate hydrogen lyase-overexpressing Escherichia coli strains.	Genetic recombination of Escherichia coli in conjunction with process manipulation was employed to elevate the efficiency of hydrogen production in the resultant strain SR13 2 orders of magnitude above that of conventional methods. The formate hydrogen lyase (FHL)-overexpressing strain SR13 was constructed by combining FHL repressor (hycA) inactivation with FHL activator (fhlA) overexpression. Transcription of large-subunit formate dehydrogenase, fdhF, and large-subunit hydrogenase, hycE, in strain SR13 increased 6.5- and 7.0-fold, respectively, compared to the wild-type strain. On its own, this genetic modification effectively resulted in a 2.8-fold increase in hydrogen productivity of SR13 compared to the wild-type strain. Further enhancement of productivity was attained by using a novel method involving the induction of the FHL complex with high-cell-density filling of a reactor under anaerobic conditions. Continuous hydrogen production was achieved by maintaining the reactor concentration of the substrate (free formic acid) under 25 mM. An initial productivity of 23.6 g hydrogen h(-1) liter(-1) (300 liters h(-1) liter(-1) at 37 degrees C) was achieved using strain SR13 at a cell density of 93 g (dry weight) cells/liter. The hydrogen productivity reported in this work has great potential for practical application.	Applied and environmental microbiology	2005	1287727.0	10.1128/AEM.71.11.6762-6768.2005	Evaluation Study,Journal Article,	[ForeName:Akihito,LastName:Yoshida] [ForeName:Taku,LastName:Nishimura] [ForeName:Hideo,LastName:Kawaguchi] [ForeName:Masayuki,LastName:Inui] [ForeName:Hideaki,LastName:Yukawa]
21110891	Biosynthesis of chiral 3-hydroxyvalerate from single propionate-unrelated carbon sources in metabolically engineered E. coli.	The ability to synthesize chiral building block molecules with high optical purity is of considerable importance to the fine chemical and pharmaceutical industries. Production of one such compound, 3-hydroxyvalerate (3HV), has previously been studied with respect to the in vivo or in vitro enzymatic depolymerization of biologically-derived co-polymers of poly(3-hydroxybutyrate-co-3-hydroxyvalerate). However, production of this biopolymeric precursor typically necessitates the supplementation of a secondary carbon source (e.g., propionate) into the culture medium. In addition, previous approaches for producing 3HV have not focused on its enantiopure synthesis, and thus suffer from increased costs for product purification.	Microbial cell factories	2010	3000843.0	10.1186/1475-2859-9-96	Journal Article,Research Support, Non-U.S. Gov't,	[ForeName:Hsien-Chung,LastName:Tseng] [ForeName:Catey L,LastName:Harwell] [ForeName:Collin H,LastName:Martin] [ForeName:Kristala L J,LastName:Prather]
25088357	Engineering Escherichia coli for enhanced production of poly(3-hydroxybutyrate-co-4-hydroxybutyrate) in larger cellular space.	Polyhydroxyalkanoates (PHA) are intracellularly accumulated as inclusion bodies. Due to the limitation of the cell size, PHA accumulation is also limited. To solve this problem, Escherichia coli was enlarged by over-expression of sulA gene to inhibit the cell division FtsZ ring assembly, leading to the formation of filamentary E. coli that have larger internal space for PHA accumulation compared with rod shape E. coli. As a result, more than 100% increases on poly(3-hydroxybutyrate) (PHB) contents and cell dry weights (CDW) were achieved compared with its control strain under same conditions. The enlarged cell strategy was applied to the production of poly(3-hydroxybutyrate-co-4-hydroxybutyrate) or P(3HB-co-4HB) by sad, gabD, essential genes ispH and folK knockout E. coli harboring two addictives and thus stable plasmids consisting of P(3HB-co-4HB) producing genes, including phaCAB operon, orfZ, 4hbD, sucD, essential genes ispH and folK as well as the sulA. The so constructed E. coli grew in glucose to form filamentary shapes with an improved P(3HB-co-4HB) accumulation around 10% more than its control strain without addition of 4HB precursor, reaching over 78% P(3HB-co-4HB) in CDW. Importantly, the shape changing E. coli was able to precipitate after 20min stillstand. Finally, the filamentary recombinant E. coli was not only able to produce more P(3HB-co-4HB) from glucose but also allow convenient downstream separation from the fermentation broth.	Metabolic engineering	2014		10.1016/j.ymben.2014.07.010	Journal Article,Research Support, Non-U.S. Gov't,	[ForeName:Ying,LastName:Wang] [ForeName:Hong,LastName:Wu] [ForeName:Xiaoran,LastName:Jiang] [ForeName:Guo-Qiang,LastName:Chen]
22718979	Customized optimization of metabolic pathways by combinatorial transcriptional engineering.	A major challenge in metabolic engineering and synthetic biology is to balance the flux of an engineered heterologous metabolic pathway to achieve high yield and productivity in a target organism. Here, we report a simple, efficient and programmable approach named 'customized optimization of metabolic pathways by combinatorial transcriptional engineering (COMPACTER)' for rapid tuning of gene expression in a heterologous pathway under distinct metabolic backgrounds. Specifically, a library of mutant pathways is created by de novo assembly of promoter mutants of varying strengths for each pathway gene in a target organism followed by high-throughput screening/selection. To demonstrate this approach, a single round of COMPACTER was used to generate both a xylose utilizing pathway with near-highest efficiency and a cellobiose utilizing pathway with highest efficiency that were ever reported in literature for both laboratory and industrial yeast strains. Interestingly, these engineered xylose and cellobiose utilizing pathways were all host-specific. Therefore, COMPACTER represents a powerful approach to tailor-make metabolic pathways for different strain backgrounds, which is difficult if not impossible to achieve by existing pathway engineering methods.	Nucleic acids research	2012	3467037.0	10.1093/nar/gks549	Journal Article,Research Support, Non-U.S. Gov't,	[ForeName:Jing,LastName:Du] [ForeName:Yongbo,LastName:Yuan] [ForeName:Tong,LastName:Si] [ForeName:Jiazhang,LastName:Lian] [ForeName:Huimin,LastName:Zhao]
24838438	Constraint-based modeling of heterologous pathways: application and experimental demonstration for overproduction of fatty acids in Escherichia coli.	Constraint-based modeling has been shown, in many instances, to be useful for metabolic engineering by allowing the prediction of the metabolic phenotype resulting from genetic manipulations. But the basic premise of constraint-based modeling-that of applying constraints to preclude certain behaviors-only makes sense for certain genetic manipulations (such as knockouts and knockdowns). In particular, when genes (such as those associated with a heterologous pathway) are introduced under artificial control, it is unclear how to predict the correct behavior. In this paper, we introduce a modeling method that we call proportional flux forcing (PFF) to model artificially induced enzymatic genes. The model modifications introduced by PFF can be transformed into a set of simple mass balance constraints, which allows computational methods for strain optimization based on flux balance analysis (FBA) to be utilized. We applied PFF to the metabolic engineering of Escherichia coli (E. coli) for free fatty acid (FFA) production-a metabolic engineering problem that has attracted significant attention because FFAs are a precursor to liquid transportation fuels such as biodiesel and biogasoline. We show that PFF used in conjunction with FBA-based computational strain optimization methods can yield non-obvious genetic manipulation strategies that significantly increase FFA production in E. coli. The two mutant strains constructed and successfully tested in this work had peak fatty acid (FA) yields of 0.050 g FA/g carbon source (17.4% theoretical yield) and 0.035 g FA/g carbon source (12.3% theoretical yield) when they were grown using a mixed carbon source of glucose and casamino acids in a ratio of 2-to-1. These yields represent increases of 5.4- and 3.8-fold, respectively, over the baseline strain.	Biotechnology and bioengineering	2014		10.1002/bit.25261	Journal Article,	[ForeName:Kuhn,LastName:Ip] [ForeName:Neil,LastName:Donoghue] [ForeName:Min Kyung,LastName:Kim] [ForeName:Desmond S,LastName:Lun]
24377365	Negative feedback regulation of fatty acid production based on a malonyl-CoA sensor-actuator.	Engineering metabolic biosynthetic pathways has enabled the microbial production of many useful chemicals. However, pathway productivities and yields are often limited by metabolic imbalances. Synthetic regulatory circuits have been shown to be able to balance engineered pathways, improving titers and productivities. Here we developed a negative feedback regulatory circuit based on a malonyl-CoA-based sensor-actuator. Malonyl-CoA is biosynthesized from acetyl-CoA by the acetyl-CoA carboxylase, which is the rate-limiting step for fatty acid biosynthesis. Overexpression of acetyl-CoA carboxylase improves fatty acid production, but slows down cell growth. We have devised a malonyl-CoA sensor-actuator that controls gene expression levels based on intracellular malonyl-CoA concentrations. This sensor-actuator is used to construct a negative feedback circuit to regulate the expression of acetyl-CoA carboxylase. The negative feedback circuit is able to up-regulate acetyl-CoA carboxylase expression when the malonyl-CoA concentration is low and down-regulate acetyl-CoA carboxylase expression when excess amounts of malonyl-CoA have accumulated. We show that the regulatory circuit effectively alleviates the toxicity associated with acetyl-CoA carboxylase overexpression. When used to regulate the fatty acid pathway, the feedback circuit increases fatty acid titer and productivity by 34% and 33%, respectively.	ACS synthetic biology	2015		10.1021/sb400158w	Journal Article,Research Support, Non-U.S. Gov't,Research Support, U.S. Gov't, Non-P.H.S.,	[ForeName:Di,LastName:Liu] [ForeName:Yi,LastName:Xiao] [ForeName:Bradley S,LastName:Evans] [ForeName:Fuzhong,LastName:Zhang]
21111011	Efficient production of polylactic acid and its copolymers by metabolically engineered Escherichia coli.	Polylactic acid (PLA) is one of the promising biodegradable polymers, which has been produced in a rather complicated two-step process by first producing lactic acid by fermentation followed by ring opening polymerization of lactide, a cyclic dimer of lactic acid. Recently, we reported the production of PLA and its copolymers by direct fermentation of metabolically engineered Escherichia coli equipped with the evolved propionate CoA-transferase and polyhydroxyalkanoate (PHA) synthase using glucose as a carbon source. When employing these initially constructed E. coli strains, however, it was necessary to use an inducer for the expression of the engineered genes and to feed succinate for proper cell growth. Here we report further metabolic engineering of E. coli strain to overcome these problems for more efficient production of PLA and its copolymers. This allowed efficient production of PLA and its copolymers without adding inducer and succinate. The finally constructed recombinant E. coli JLXF5 strain was able to produce P(3HB-co-39.6 mol% LA) having the molecular weight of 141,000 Da to 20 g l⁻¹ with a polymer content of 43 wt% in a chemically defined medium by the pH-stat fed-batch culture.	Journal of biotechnology	2011		10.1016/j.jbiotec.2010.11.009	Journal Article,Research Support, Non-U.S. Gov't,	[ForeName:Yu Kyung,LastName:Jung] [ForeName:Sang Yup,LastName:Lee]
21391209	Metabolic engineering of monoterpene synthesis in yeast.	Terpenoids are one of the largest and most diverse families of natural compounds. They are heavily used in industry, and the trend is toward engineering modified microorganisms that produce high levels of specific terpenoids. Most studies have focused on creating specific heterologous pathways for sesquiterpenes in Escherichia coli or yeast. We subjected the Saccharomyces cerevisiae ERG20 gene (encoding farnesyl diphosphate synthase) to a set of amino acid mutations in the catalytic site at position K197. Mutated strains have been shown to exhibit various growth rate, sterol amount, and monoterpenol-producing capacities. These results are discussed in the context of the potential use of these mutated strains for heterologous expression of monoterpenoid synthases, which was investigated using Ocimum basilicum geraniol synthase. The results obtained with up to 5 mg/L geraniol suggest a major improvement compared with previous available expression systems like Escherichia coli or yeast strains with an unmodified ERG20 gene that respectively delivered amounts in the 10 and 500 µg/L range or even a previously characterized K197E mutation that delivered amounts in the 1 mg/L range.	Biotechnology and bioengineering	2011		10.1002/bit.23129	Journal Article,	[ForeName:Marc J C,LastName:Fischer] [ForeName:Sophie,LastName:Meyer] [ForeName:Patricia,LastName:Claudel] [ForeName:Marc,LastName:Bergdoll] [ForeName:Francis,LastName:Karst]
23349810	Industrial systems biology of Saccharomyces cerevisiae enables novel succinic acid cell factory.	Saccharomyces cerevisiae is the most well characterized eukaryote, the preferred microbial cell factory for the largest industrial biotechnology product (bioethanol), and a robust commerically compatible scaffold to be exploitted for diverse chemical production. Succinic acid is a highly sought after added-value chemical for which there is no native pre-disposition for production and accmulation in S. cerevisiae. The genome-scale metabolic network reconstruction of S. cerevisiae enabled in silico gene deletion predictions using an evolutionary programming method to couple biomass and succinate production. Glycine and serine, both essential amino acids required for biomass formation, are formed from both glycolytic and TCA cycle intermediates. Succinate formation results from the isocitrate lyase catalyzed conversion of isocitrate, and from the α-keto-glutarate dehydrogenase catalyzed conversion of α-keto-glutarate. Succinate is subsequently depleted by the succinate dehydrogenase complex. The metabolic engineering strategy identified included deletion of the primary succinate consuming reaction, Sdh3p, and interruption of glycolysis derived serine by deletion of 3-phosphoglycerate dehydrogenase, Ser3p/Ser33p. Pursuing these targets, a multi-gene deletion strain was constructed, and directed evolution with selection used to identify a succinate producing mutant. Physiological characterization coupled with integrated data analysis of transcriptome data in the metabolically engineered strain were used to identify 2(nd)-round metabolic engineering targets. The resulting strain represents a 30-fold improvement in succinate titer, and a 43-fold improvement in succinate yield on biomass, with only a 2.8-fold decrease in the specific growth rate compared to the reference strain. Intuitive genetic targets for either over-expression or interruption of succinate producing or consuming pathways, respectively, do not lead to increased succinate. Rather, we demonstrate how systems biology tools coupled with directed evolution and selection allows non-intuitive, rapid and substantial re-direction of carbon fluxes in S. cerevisiae, and hence show proof of concept that this is a potentially attractive cell factory for over-producing different platform chemicals.	PloS one	2013	3549990.0	10.1371/journal.pone.0054144	Journal Article,Research Support, Non-U.S. Gov't,	[ForeName:José Manuel,LastName:Otero] [ForeName:Donatella,LastName:Cimini] [ForeName:Kiran R,LastName:Patil] [ForeName:Simon G,LastName:Poulsen] [ForeName:Lisbeth,LastName:Olsson] [ForeName:Jens,LastName:Nielsen]
23568786	Butyrate production in engineered Escherichia coli with synthetic scaffolds.	Butyrate pathway was constructed in recombinant Escherichia coli using the genes from Clostridium acetobutylicum and Treponema denticola. However, the pathway constructed from exogenous enzymes did not efficiently convert carbon flux to butyrate. Three steps of the productivity enhancement were attempted in this study. First, pathway engineering to delete metabolic pathways to by-products successfully improved the butyrate production. Second, synthetic scaffold protein that spatially co-localizes enzymes was introduced to improve the efficiency of the heterologous pathway enzymes, resulting in threefold improvement in butyrate production. Finally, further optimizations of inducer concentrations and pH adjustment were tried. The final titer of butyrate was 4.3 and 7.2 g/L under batch and fed-batch cultivation, respectively. This study demonstrated the importance of synthetic scaffold protein as a useful tool for optimization of heterologous butyrate pathway in E. coli.	Biotechnology and bioengineering	2013		10.1002/bit.24925	Journal Article,Research Support, Non-U.S. Gov't,	[ForeName:Jang-Mi,LastName:Baek] [ForeName:Suman,LastName:Mazumdar] [ForeName:Sang-Woo,LastName:Lee] [ForeName:Moo-Young,LastName:Jung] [ForeName:Jae-Hyung,LastName:Lim] [ForeName:Sang-Woo,LastName:Seo] [ForeName:Gyoo-Yeol,LastName:Jung] [ForeName:Min-Kyu,LastName:Oh]
21810477	Optimization of a heterologous mevalonate pathway through the use of variant HMG-CoA reductases.	Expression of foreign pathways often results in suboptimal performance due to unintended factors such as introduction of toxic metabolites, cofactor imbalances or poor expression of pathway components. In this study we report a 120% improvement in the production of the isoprenoid-derived sesquiterpene, amorphadiene, produced by an engineered strain of Escherichia coli developed to express the native seven-gene mevalonate pathway from Saccharomyces cerevisiae (Martin et al. 2003). This substantial improvement was made by varying only a single component of the pathway (HMG-CoA reductase) and subsequent host optimization to improve cofactor availability. We characterized and tested five variant HMG-CoA reductases obtained from publicly available genome databases with differing kinetic properties and cofactor requirements. The results of our in vitro and in vivo analyses of these enzymes implicate substrate inhibition of mevalonate kinase as an important factor in optimization of the engineered mevalonate pathway. Consequently, the NADH-dependent HMG-CoA reductase from Delftia acidovorans, which appeared to have the optimal kinetic parameters to balance HMG-CoA levels below the cellular toxicity threshold of E. coli and those of mevalonate below inhibitory concentrations for mevalonate kinase, was identified as the best producer for amorphadiene (54% improvement over the native pathway enzyme, resulting in 2.5mM or 520 mg/L of amorphadiene after 48 h). We further enhanced performance of the strain bearing the D. acidovorans HMG-CoA reductase by increasing the intracellular levels of its preferred cofactor (NADH) using a NAD(+)-dependent formate dehydrogenase from Candida boidinii, along with formate supplementation. This resulted in an overall improvement of the system by 120% resulting in 3.5mM or 700 mg/L amorphadiene after 48 h of fermentation. This comprehensive study incorporated analysis of several key parameters for metabolic design such as in vitro and in vivo kinetic performance of variant enzymes, intracellular levels of protein expression, in-pathway substrate inhibition and cofactor management to enable the observed improvements. These metrics may be applied to a broad range of heterologous pathways for improving the production of biologically derived compounds.	Metabolic engineering	2011		10.1016/j.ymben.2011.07.001	Journal Article,Research Support, U.S. Gov't, Non-P.H.S.,	[ForeName:Suzanne M,LastName:Ma] [ForeName:David E,LastName:Garcia] [ForeName:Alyssa M,LastName:Redding-Johanson] [ForeName:Gregory D,LastName:Friedland] [ForeName:Rossana,LastName:Chan] [ForeName:Tanveer S,LastName:Batth] [ForeName:John R,LastName:Haliburton] [ForeName:Dylan,LastName:Chivian] [ForeName:Jay D,LastName:Keasling] [ForeName:Christopher J,LastName:Petzold] [ForeName:Taek Soon,LastName:Lee] [ForeName:Swapnil R,LastName:Chhabra]
25163985	Metabolic engineering of 3-hydroxypropionic acid biosynthesis in Escherichia coli.	3-Hydroxypropionic acid (3-HP) can be produced in microorganisms as a versatile platform chemical. However, owing to the toxicity of the intermediate product 3-hydroxypropionaldehyde (3-HPA), the minimization of 3-HPA accumulation is critical for enhancing the productivity of 3-HP. In this study, we identified a novel aldehyde dehydrogenase, GabD4 from Cupriavidus necator, and found that it possessed the highest enzyme activity toward 3-HPA reported to date. To augment the activity of GabD4, several variants were obtained by site-directed and saturation mutagenesis based on homology modeling. Escherichia coli transformed with the mutant GabD4_E209Q/E269Q showed the highest enzyme activity, which was 1.4-fold higher than that of wild type GabD4, and produced up to 71.9 g L(-1) of 3-HP with a productivity of 1.8 g L(-1)  h(-1) . To the best of our knowledge, these are the highest 3-HP titer and productivity values among those reported in the literature. Additionally, our study demonstrates that GabD4 can be a key enzyme for the development of industrial 3-HP-producing microbial strains, and provides further insight into the mechanism of aldehyde dehydrogenase activity.	Biotechnology and bioengineering	2015		10.1002/bit.25444	Journal Article,	[ForeName:Hun Su,LastName:Chu] [ForeName:Young Soo,LastName:Kim] [ForeName:Chan Mu,LastName:Lee] [ForeName:Ju Hee,LastName:Lee] [ForeName:Won Seok,LastName:Jung] [ForeName:Jin-Ho,LastName:Ahn] [ForeName:Seung Hoon,LastName:Song] [ForeName:In Suk,LastName:Choi] [ForeName:Kwang Myung,LastName:Cho]
22938570	Combined metabolic engineering of precursor and co-factor supply to increase α-santalene production by Saccharomyces cerevisiae.	Sesquiterpenes are a class of natural products with a diverse range of attractive industrial proprieties. Due to economic difficulties of sesquiterpene production via extraction from plants or chemical synthesis there is interest in developing alternative and cost efficient bioprocesses. The hydrocarbon α-santalene is a precursor of sesquiterpenes with relevant commercial applications. Here, we construct an efficient Saccharomyces cerevisiae cell factory for α-santalene production.	Microbial cell factories	2012	3527295.0	10.1186/1475-2859-11-117	Journal Article,Research Support, Non-U.S. Gov't,	[ForeName:Gionata,LastName:Scalcinati] [ForeName:Siavash,LastName:Partow] [ForeName:Verena,LastName:Siewers] [ForeName:Michel,LastName:Schalk] [ForeName:Laurent,LastName:Daviet] [ForeName:Jens,LastName:Nielsen]
21148687	Diversion of flux toward sesquiterpene production in Saccharomyces cerevisiae by fusion of host and heterologous enzymes.	The ability to transfer metabolic pathways from the natural producer organisms to the well-characterized cell factory Saccharomyces cerevisiae is well documented. However, as many secondary metabolites are produced by collaborating enzymes assembled in complexes, metabolite production in yeast may be limited by the inability of the heterologous enzymes to collaborate with the native yeast enzymes. This may cause loss of intermediates by diffusion or degradation or due to conversion of the intermediate through competitive pathways. To bypass this problem, we have pursued a strategy in which key enzymes in the pathway are expressed as a physical fusion. As a model system, we have constructed several fusion protein variants in which farnesyl diphosphate synthase (FPPS) of yeast has been coupled to patchoulol synthase (PTS) of plant origin (Pogostemon cablin). Expression of the fusion proteins in S. cerevisiae increased the production of patchoulol, the main sesquiterpene produced by PTS, up to 2-fold. Moreover, we have demonstrated that the fusion strategy can be used in combination with traditional metabolic engineering to further increase the production of patchoulol. This simple test case of synthetic biology demonstrates that engineering the spatial organization of metabolic enzymes around a branch point has great potential for diverting flux toward a desired product.	Applied and environmental microbiology	2011	3028695.0	10.1128/AEM.01361-10	Evaluation Study,Journal Article,Research Support, Non-U.S. Gov't,	[ForeName:Line,LastName:Albertsen] [ForeName:Yun,LastName:Chen] [ForeName:Lars S,LastName:Bach] [ForeName:Stig,LastName:Rattleff] [ForeName:Jerome,LastName:Maury] [ForeName:Susanne,LastName:Brix] [ForeName:Jens,LastName:Nielsen] [ForeName:Uffe H,LastName:Mortensen]
24126082	Metabolic engineering of Saccharomyces cerevisiae for production of ginsenosides.	Ginsenosides are the primary bioactive components of ginseng, which is a popular medicinal herb and exhibits diverse pharmacological activities. Protopanaxadiol is the aglycon of several dammarane-type ginsenosides, which also has anticancer activity. For microbial production of protopanaxadiol, dammarenediol-II synthase and protopanaxadiol synthase genes of Panax ginseng, together with a NADPH-cytochrome P450 reductase gene of Arabidopsis thaliana, were introduced into Saccharomyces cerevisiae, resulting in production of 0.05 mg/g DCW protopanaxadiol. Increasing squalene and 2,3-oxidosqualene supplies through overexpressing truncated 3-hydroxyl-3-methylglutaryl-CoA reductase, farnesyl diphosphate synthase, squalene synthase and 2,3-oxidosqualene synthase genes, together with increasing protopanaxadiol synthase activity through codon optimization, led to 262-fold increase of protopanaxadiol production. Finally, using two-phase extractive fermentation resulted in production of 8.40 mg/g DCW protopanaxadiol (1189 mg/L), together with 10.94 mg/g DCW dammarenediol-II (1548 mg/L). The yeast strains engineered in this work can serve as the basis for creating an alternative way for production of ginsenosides in place of extraction from plant sources.	Metabolic engineering	2013		10.1016/j.ymben.2013.10.004	Journal Article,Research Support, Non-U.S. Gov't,	[ForeName:Zhubo,LastName:Dai] [ForeName:Yi,LastName:Liu] [ForeName:Xianan,LastName:Zhang] [ForeName:Mingyu,LastName:Shi] [ForeName:Beibei,LastName:Wang] [ForeName:Dong,LastName:Wang] [ForeName:Luqi,LastName:Huang] [ForeName:Xueli,LastName:Zhang]
7993080	Engineering of Escherichia coli central metabolism for aromatic metabolite production with near theoretical yield.	Escherichia coli and many other microorganisms synthesize aromatic amino acids through the condensation reaction between phosphoenolpyruvate (PEP) and erythrose 4-phosphate to form 3-deoxy-D-arabinoheptulosonate 7-phosphate (DAHP). It has been shown that overexpression of transketolase increases the production of DAHP in an aroB mutant strain (unable to further metabolize DAHP) with elevated DAHP synthase. However, the yield (percent conversion) of DAHP from glucose is still low. Stoichiometric analysis shows that many enzymes compete for intracellular PEP. In particular, the phosphotransferase system, responsible for glucose transport in E. coli, uses PEP as a phosphate donor and converts it to pyruvate, which is less likely to recycle back to PEP. This stoichiometric limitation greatly reduces the yield of aromatic metabolites. To relieve this limitation, we overexpressed PEP synthase in the presence of glucose and showed that it increased the final concentration and the yield of DAHP by almost twofold, to a near theoretical maximum. The PEP synthase effect is not observed without overproduced transketolase, suggesting that erythrose 4-phosphate is the first limiting metabolite. This result demonstrates the utility of pathway analysis and the limitation of central metabolites in the high-level overproduction of desired metabolites.	Applied and environmental microbiology	1994	201913.0	10.1128/aem.60.11.3903-3908.1994	Journal Article,Research Support, Non-U.S. Gov't,Research Support, U.S. Gov't, Non-P.H.S.,	[ForeName:R,LastName:Patnaik] [ForeName:J C,LastName:Liao]
20660779	Native-sized recombinant spider silk protein produced in metabolically engineered Escherichia coli results in a strong fiber.	Spider dragline silk is a remarkably strong fiber that makes it attractive for numerous applications. Much has thus been done to make similar fibers by biomimic spinning of recombinant dragline silk proteins. However, success is limited in part due to the inability to successfully express native-sized recombinant silk proteins (250-320 kDa). Here we show that a 284.9 kDa recombinant protein of the spider Nephila clavipes is produced and spun into a fiber displaying mechanical properties comparable to those of the native silk. The native-sized protein, predominantly rich in glycine (44.9%), was favorably expressed in metabolically engineered Escherichia coli within which the glycyl-tRNA pool was elevated. We also found that the recombinant proteins of lower molecular weight versions yielded inferior fiber properties. The results provide insight into evolution of silk protein size related to mechanical performance, and also clarify why spinning lower molecular weight proteins does not recapitulate the properties of native fibers. Furthermore, the silk expression, purification, and spinning platform established here should be useful for sustainable production of natural quality dragline silk, potentially enabling broader applications.	Proceedings of the National Academy of Sciences of the United States of America	2010	2922564.0	10.1073/pnas.1003366107	Journal Article,Research Support, N.I.H., Extramural,Research Support, Non-U.S. Gov't,Research Support, U.S. Gov't, Non-P.H.S.,	[ForeName:Xiao-Xia,LastName:Xia] [ForeName:Zhi-Gang,LastName:Qian] [ForeName:Chang Seok,LastName:Ki] [ForeName:Young Hwan,LastName:Park] [ForeName:David L,LastName:Kaplan] [ForeName:Sang Yup,LastName:Lee]
23007522	Overexpression of O-methyltransferase leads to improved vanillin production in baker's yeast only when complemented with model-guided network engineering.	Overproduction of a desired metabolite is often achieved via manipulation of the pathway directly leading to the product or through engineering of distant nodes within the metabolic network. Empirical examples illustrating the combined effect of these local and global strategies have been so far limited in eukaryotic systems. In this study, we compared the effects of overexpressing a key gene in de novo vanillin biosynthesis (coding for O-methyltransferase, hsOMT) in two yeast strains, with and without model-guided global network modifications. Overexpression of hsOMT resulted in increased vanillin production only in the strain with model-guided modifications, exemplifying advantage of using a global strategy prior to local pathway manipulation.	Biotechnology and bioengineering	2013		10.1002/bit.24731	Journal Article,Research Support, Non-U.S. Gov't,	[ForeName:Ana Rita,LastName:Brochado] [ForeName:Kiran R,LastName:Patil]
23296991	Engineering Escherichia coli for renewable production of the 5-carbon polyamide building-blocks 5-aminovalerate and glutarate.	"Through metabolic pathway engineering, novel microbial biocatalysts can be engineered to convert renewable resources into useful chemicals, including monomer building-blocks for bioplastics production. Here we describe the systematic engineering of Escherichia coli to produce, as individual products, two 5-carbon polyamide building blocks, namely 5-aminovalerate (AMV) and glutarate. The modular pathways were derived using ""parts"" from the natural lysine degradation pathway of Pseudomonas putida KT2440. Endogenous over-production of the required precursor, lysine, was first achieved through metabolic deregulation of its biosynthesis pathway by introducing feedback resistant mutants of aspartate kinase III and dihydrodipicolinate synthase. Further disruption of native lysine decarboxylase activity (by deleting cadA and ldcC) limited cadaverine by-product formation, enabling lysine production to 2.25 g/L at a glucose yield of 138 mmol/mol (18% of theoretical). Co-expression of lysine monooxygenase and 5-aminovaleramide amidohydrolase (encoded by davBA) then resulted in the production of 0.86 g/L AMV in 48 h. Finally, the additional co-expression of glutaric semialdehyde dehydrogenase and 5-aminovalerate aminotransferase (encoded by davDT) led to the production of 0.82 g/L glutarate under the same conditions. At this output, yields on glucose were 71 and 68 mmol/mol for AMV and glutarate (9.5 and 9.1% of theoretical), respectively. These findings further expand the number and diversity of polyamide monomers that can be derived directly from renewable resources."	Biotechnology and bioengineering	2013		10.1002/bit.24828	Journal Article,Research Support, Non-U.S. Gov't,	[ForeName:Jake,LastName:Adkins] [ForeName:Justin,LastName:Jordan] [ForeName:David R,LastName:Nielsen]
23026120	A dynamic metabolite valve for the control of central carbon metabolism.	Successful redirection of endogenous resources into heterologous pathways is a central tenet in the creation of efficient microbial cell factories. This redirection, however, may come at a price of poor biomass accumulation, reduced cofactor regeneration and low recombinant enzyme expression. In this study, we propose a metabolite valve to mitigate these issues by dynamically tuning endogenous processes to balance the demands of cell health and pathway efficiency. A control node of glucose utilization, glucokinase (Glk), was exogenously manipulated through either engineered antisense RNA or an inverting gene circuit. Using these techniques, we were able to directly control glycolytic flux, reducing the specific growth rate of engineered Escherichia coli by up to 50% without altering final biomass accumulation. This modulation was accompanied by successful redirection of glucose into a model pathway leading to an increase in the pathway yield and reduced carbon waste to acetate. This work represents one of the first examples of the dynamic redirection of glucose away from central carbon metabolism and enables the creation of novel, efficient intracellular pathways with glucose used directly as a substrate.	Metabolic engineering	2012		10.1016/j.ymben.2012.08.006	Journal Article,	[ForeName:Kevin V,LastName:Solomon] [ForeName:Tarielle M,LastName:Sanders] [ForeName:Kristala L J,LastName:Prather]
10049880	Metabolic engineering of a 1,2-propanediol pathway in Escherichia coli.	1,2-Propanediol (1,2-PD) is a major commodity chemical that is currently derived from propylene, a nonrenewable resource. A goal of our research is to develop fermentation routes to 1,2-PD from renewable resources. Here we report the production of enantiomerically pure R-1,2-PD from glucose in Escherichia coli expressing NADH-linked glycerol dehydrogenase genes (E. coli gldA or Klebsiella pneumoniae dhaD). We also show that E. coli overexpressing the E. coli methylglyoxal synthase gene (mgs) produced 1,2-PD. The expression of either glycerol dehydrogenase or methylglyoxal synthase resulted in the anaerobic production of approximately 0.25 g of 1,2-PD per liter. R-1,2-PD production was further improved to 0.7 g of 1,2-PD per liter when methylglyoxal synthase and glycerol dehydrogenase (gldA) were coexpressed. In vitro studies indicated that the route to R-1,2-PD involved the reduction of methylglyoxal to R-lactaldehyde by the recombinant glycerol dehydrogenase and the reduction of R-lactaldehyde to R-1, 2-PD by a native E. coli activity. We expect that R-1,2-PD production can be significantly improved through further metabolic and bioprocess engineering.	Applied and environmental microbiology	1999	91161.0	10.1128/AEM.65.3.1180-1185.1999	Journal Article,Research Support, Non-U.S. Gov't,Research Support, U.S. Gov't, Non-P.H.S.,	[ForeName:N E,LastName:Altaras] [ForeName:D C,LastName:Cameron]
23361000	Modular optimization of multi-gene pathways for fatty acids production in E. coli.	Microbial fatty acid-derived fuels have emerged as promising alternatives to petroleum-based transportation fuels. Here we report a modular engineering approach that systematically removed metabolic pathway bottlenecks and led to significant titre improvements in a multi-gene fatty acid metabolic pathway. On the basis of central pathway architecture, E. coli fatty acid biosynthesis was re-cast into three modules: the upstream acetyl coenzyme A formation module; the intermediary acetyl-CoA activation module; and the downstream fatty acid synthase module. Combinatorial optimization of transcriptional levels of these three modules led to the identification of conditions that balance the supply of acetyl-CoA and consumption of malonyl-CoA/ACP. Refining protein translation efficiency by customizing ribosome binding sites for both the upstream acetyl coenzyme A formation and fatty acid synthase modules enabled further production improvement. Fed-batch cultivation of the engineered strain resulted in a final fatty acid production of 8.6 g l(-1). The modular engineering strategies demonstrate a generalized approach to engineering cell factories for valuable metabolites production.	Nature communications	2013		10.1038/ncomms2425	Journal Article,Research Support, Non-U.S. Gov't,	[ForeName:Peng,LastName:Xu] [ForeName:Qin,LastName:Gu] [ForeName:Wenya,LastName:Wang] [ForeName:Lynn,LastName:Wong] [ForeName:Adam G W,LastName:Bower] [ForeName:Cynthia H,LastName:Collins] [ForeName:Mattheos A G,LastName:Koffas]
22776992	Engineering a homobutanol fermentation pathway in Escherichia coli EG03.	A homobutanol fermentation pathway was engineered in a derivative of Escherichia coli B (glucose [glycolysis] => 2 pyruvate + 2 NADH; pyruvate [pyruvate dehydrogenase] => acetyl-CoA + NADH; 2 acetyl-CoA [butanol pathway enzymes] + 4 NADH => butanol; summary stoichiometry: glucose => butanol). Initially, the native fermentation pathways were eliminated from E. coli B by deleting the genes encoding for lactate dehydrogenase (ldhA), acetate kinase (ackA), fumarate reductase (frdABCD), pyruvate formate lyase (pflB), and alcohol dehydrogenase (adhE), and the pyruvate dehydrogenase complex (aceEF-lpd) was anaerobically expressed through promoter replacement. The resulting strain, E. coli EG03 (ΔfrdABCD ΔldhA ΔackA ΔpflB Δ adhE ΔpdhR ::pflBp6-aceEF-lpd ΔmgsA), could generate 4 NADH for every glucose oxidized to two acetyl-CoA through glycolysis and the pyruvate dehydrogenase complex. However, EG03 lost its ability for anaerobic growth due to the lack of NADH oxidation pathways. When the butanol pathway genes that encode for acetyl-CoA acetyltransferase (thiL), 3-hydroxybutyryl-CoA dehydrogenase (hbd), crotonase (crt), butyryl-CoA dehydrogenase (bcd, etfA, etfB), and butyraldehyde dehydrogenase (adheII) were cloned from Clostridium acetobutylicum ATCC 824, and expressed in E. coli EG03, a balanced NADH oxidation pathway was established for homobutanol fermentation (glucose => 4 NADH + 2 acetyl-CoA => butanol). This strain was able to convert glucose to butanol (1,254 mg l(-1)) under anaerobic condition.	Journal of industrial microbiology & biotechnology	2012		10.1007/s10295-012-1151-8	Journal Article,Research Support, Non-U.S. Gov't,	[ForeName:Erin,LastName:Garza] [ForeName:Jinfang,LastName:Zhao] [ForeName:Yongze,LastName:Wang] [ForeName:Jinhua,LastName:Wang] [ForeName:Andrew,LastName:Iverson] [ForeName:Ryan,LastName:Manow] [ForeName:Chris,LastName:Finan] [ForeName:Shengde,LastName:Zhou]
22001430	Manipulating respiratory levels in Escherichia coli for aerobic formation of reduced chemical products.	Optimizing the productivity of bioengineered strains requires balancing ATP generation and carbon atom conservation through fine-tuning cell respiration and metabolism. Traditional approaches manipulate cell respiration by altering air feeding, which are technically difficult especially in large bioreactors. An approach based on genetic regulation may better serve this purpose. With excess oxygen supply to the culture, we efficiently manipulated Escherichia coli cell respiration by adding different amount of coenzyme Q1 to strains lacking the ubiCA genes, which encode two critical enzymes for ubiquinone synthesis. As a proof-of-concept, the metabolic effect of the ubiCA gene knockout and coenzyme Q1 supplementation were characterized, and the metabolic profiles of the experimental strains showed clear correlations with coenzyme Q1 concentrations. Further proof-of-principle experiments were performed to illustrate that the approach can be used to optimize cell respiration for the production of chemicals of interest such as ethanol. This study showed that controlled respiration through genetic manipulation can be exploited to allow much larger operating windows for reduced product formation even under fully aerobic conditions.	Metabolic engineering	2011	3210874.0	10.1016/j.ymben.2011.09.006	Journal Article,Research Support, N.I.H., Extramural,Research Support, U.S. Gov't, Non-P.H.S.,	[ForeName:Jiangfeng,LastName:Zhu] [ForeName:Ailen,LastName:Sánchez] [ForeName:George N,LastName:Bennett] [ForeName:Ka-Yiu,LastName:San]
23206756	Artificial biosynthesis of phenylpropanoic acids in a tyrosine overproducing Escherichia coli strain.	The phenylpropanoid metabolites are an extremely diverse group of natural products biosynthesized by plants, fungi, and bacteria. Although these compounds are widely used in human health care and nutrition services, their availability is limited by regional variations, and isolation of single compounds from plants is often difficult. Recent advances in synthetic biology and metabolic engineering have enabled artificial production of plant secondary metabolites in microorganisms.	Microbial cell factories	2012	3554431.0	10.1186/1475-2859-11-153	Journal Article,Research Support, Non-U.S. Gov't,	[ForeName:Sun-Young,LastName:Kang] [ForeName:Oksik,LastName:Choi] [ForeName:Jae Kyung,LastName:Lee] [ForeName:Bang Yeon,LastName:Hwang] [ForeName:Tai-Boong,LastName:Uhm] [ForeName:Young-Soo,LastName:Hong]
21378968	Conversion of proteins into biofuels by engineering nitrogen flux.	Biofuels are currently produced from carbohydrates and lipids in feedstock. Proteins, in contrast, have not been used to synthesize fuels because of the difficulties of deaminating protein hydrolysates. Here we apply metabolic engineering to generate Escherichia coli that can deaminate protein hydrolysates, enabling the cells to convert proteins to C4 and C5 alcohols at 56% of the theoretical yield. We accomplish this by introducing three exogenous transamination and deamination cycles, which provide an irreversible metabolic force that drives deamination reactions to completion. We show that Saccharomyces cerevisiae, E. coli, Bacillus subtilis and microalgae can be used as protein sources, producing up to 4,035 mg/l of alcohols from biomass containing ∼22 g/l of amino acids. These results show the feasibility of using proteins for biorefineries, for which high-protein microalgae could be used as a feedstock with a possibility of maximizing algal growth and total CO(2) fixation.	Nature biotechnology	2011		10.1038/nbt.1789	Journal Article,Research Support, Non-U.S. Gov't,	[ForeName:Yi-Xin,LastName:Huo] [ForeName:Kwang Myung,LastName:Cho] [ForeName:Jimmy G Lafontaine,LastName:Rivera] [ForeName:Emma,LastName:Monte] [ForeName:Claire R,LastName:Shen] [ForeName:Yajun,LastName:Yan] [ForeName:James C,LastName:Liao]
10570136	Efficient folding of proteins with multiple disulfide bonds in the Escherichia coli cytoplasm.	Under physiological conditions, the Escherichia coli cytoplasm is maintained in a reduced state that strongly disfavors the formation of stable disulfide bonds in proteins. However, mutants in which the reduction of both thioredoxins and glutathione is impaired (trxB gor mutants) accumulate oxidized, enzymatically active alkaline phosphatase in the cytoplasm. These mutants grow very poorly in the absence of an exogenous reductant and accumulate extragenic suppressors at a high frequency. One such suppressor strain, FA113, grows almost as rapidly as the wild type in the absence of reductant, exhibits slightly faster kinetics of disulfide bond formation, and has fully induced activity of the transcriptional activator, OxyR. FA113 gave substantially higher yields of properly oxidized proteins compared with wild-type or trxB mutant strains. For polypeptides with very complex patterns of disulfide bonds, such as vtPA and the full-length tPA, the amount of active protein was further enhanced up to 15-fold by co-expression of TrxA (thioredoxin 1) mutants with different redox potentials, or 20-fold by the protein disulfide isomerase, DsbC. Remarkably, higher yields of oxidized, biologically active proteins were obtained by expression in the cytoplasm of E. coli FA113 compared with what could be achieved via secretion into the periplasm of a wild-type strain, even under optimized conditions. These results demonstrate that the cytoplasm can be rendered sufficiently oxidizing to allow efficient formation of native disulfide bonds without compromising cell viability.	Proceedings of the National Academy of Sciences of the United States of America	1999	24128.0	10.1073/pnas.96.24.13703	Journal Article,Research Support, U.S. Gov't, P.H.S.,	[ForeName:P H,LastName:Bessette] [ForeName:F,LastName:Aslund] [ForeName:J,LastName:Beckwith] [ForeName:G,LastName:Georgiou]
22709678	Metabolic engineering of Saccharomyces cerevisiae for bioconversion of D-xylose to D-xylonate.	An NAD(+)-dependent D-xylose dehydrogenase, XylB, from Caulobacter crescentus was expressed in Saccharomyces cerevisiae, resulting in production of 17 ± 2 g D-xylonate l(-1) at 0.23 gl(-1)h(-1) from 23 g D-xylose l(-1) (with glucose and ethanol as co-substrates). D-Xylonate titre and production rate were increased and xylitol production decreased, compared to strains expressing genes encoding T. reesei or pig liver NADP(+)-dependent D-xylose dehydrogenases. D-Xylonate accumulated intracellularly to ∼70 mgg(-1); xylitol to ∼18 mgg(-1). The aldose reductase encoding gene GRE3 was deleted to reduce xylitol production. Cells expressing D-xylonolactone lactonase xylC from C. crescentus with xylB initially produced more extracellular D-xylonate than cells lacking xylC at both pH 5.5 and pH 3, and sustained higher production at pH 3. Cell vitality and viability decreased during D-xylonate production at pH 3.0. An industrial S. cerevisiae strain expressing xylB efficiently produced 43 g D-xylonate l(-1) from 49 g D-xylose l(-1).	Metabolic engineering	2012		10.1016/j.ymben.2012.03.002	Journal Article,Research Support, Non-U.S. Gov't,	[ForeName:Mervi,LastName:Toivari] [ForeName:Yvonne,LastName:Nygård] [ForeName:Esa-Pekka,LastName:Kumpula] [ForeName:Maija-Leena,LastName:Vehkomäki] [ForeName:Mojca,LastName:Benčina] [ForeName:Mari,LastName:Valkonen] [ForeName:Hannu,LastName:Maaheimo] [ForeName:Martina,LastName:Andberg] [ForeName:Anu,LastName:Koivula] [ForeName:Laura,LastName:Ruohonen] [ForeName:Merja,LastName:Penttilä] [ForeName:Marilyn G,LastName:Wiebe]
23608777	Genome-scale modeling enables metabolic engineering of Saccharomyces cerevisiae for succinic acid production.	In this work, we describe the application of a genome-scale metabolic model and flux balance analysis for the prediction of succinic acid overproduction strategies in Saccharomyces cerevisiae. The top three single gene deletion strategies, Δmdh1, Δoac1, and Δdic1, were tested using knock-out strains cultivated anaerobically on glucose, coupled with physiological and DNA microarray characterization. While Δmdh1 and Δoac1 strains failed to produce succinate, Δdic1 produced 0.02 C-mol/C-mol glucose, in close agreement with model predictions (0.03 C-mol/C-mol glucose). Transcriptional profiling suggests that succinate formation is coupled to mitochondrial redox balancing, and more specifically, reductive TCA cycle activity. While far from industrial titers, this proof-of-concept suggests that in silico predictions coupled with experimental validation can be used to identify novel and non-intuitive metabolic engineering strategies.	Journal of industrial microbiology & biotechnology	2013		10.1007/s10295-013-1269-3	Journal Article,Research Support, Non-U.S. Gov't,	[ForeName:Rasmus,LastName:Agren] [ForeName:José Manuel,LastName:Otero] [ForeName:Jens,LastName:Nielsen]
21907299	Metabolic engineering of Escherichia coli for α-farnesene production.	Sesquiterpenes are important materials in pharmaceuticals and industry. Metabolic engineering has been successfully used to produce these valuable compounds in microbial hosts. However, the microbial potential of sesquiterpene production is limited by the poor heterologous expression of plant sesquiterpene synthases and the deficient FPP precursor supply. In this study, we engineered E. coli to produce α-farnesene using a codon-optimized α-farnesene synthase and an exogenous MVA pathway. Codon optimization of α-farnesene synthase improved both the synthase expression and α-farnesene production. Augmentation of the metabolic flux for FPP synthesis conferred a 1.6- to 48.0-fold increase in α-farnesene production. An additional increase in α-farnesene production was achieved by the protein fusion of FPP synthase and α-farnesene synthase. The engineered E. coli strain was able to produce 380.0 mg/L of α-farnesene, which is an approximately 317-fold increase over the initial production of 1.2 mg/L.	Metabolic engineering	2011		10.1016/j.ymben.2011.08.001	Journal Article,Research Support, Non-U.S. Gov't,	[ForeName:Chonglong,LastName:Wang] [ForeName:Sang-Hwal,LastName:Yoon] [ForeName:Hui-Jeong,LastName:Jang] [ForeName:Young-Ryun,LastName:Chung] [ForeName:Jae-Yean,LastName:Kim] [ForeName:Eui-Sung,LastName:Choi] [ForeName:Seon-Won,LastName:Kim]
17874321	Production of L -alanine by metabolically engineered Escherichia coli.	Escherichia coli W was genetically engineered to produce L: -alanine as the primary fermentation product from sugars by replacing the native D: -lactate dehydrogenase of E. coli SZ194 with alanine dehydrogenase from Geobacillus stearothermophilus. As a result, the heterologous alanine dehydrogenase gene was integrated under the regulation of the native D: -lactate dehydrogenase (ldhA) promoter. This homologous promoter is growth-regulated and provides high levels of expression during anaerobic fermentation. Strain XZ111 accumulated alanine as the primary product during glucose fermentation. The methylglyoxal synthase gene (mgsA) was deleted to eliminate low levels of lactate and improve growth, and the catabolic alanine racemase gene (dadX) was deleted to minimize conversion of L: -alanine to D: -alanine. In these strains, reduced nicotinamide adenine dinucleotide oxidation during alanine biosynthesis is obligately linked to adenosine triphosphate production and cell growth. This linkage provided a basis for metabolic evolution where selection for improvements in growth coselected for increased glycolytic flux and alanine production. The resulting strain, XZ132, produced 1,279 mmol alanine from 120 g l(-1) glucose within 48 h during batch fermentation in the mineral salts medium. The alanine yield was 95% on a weight basis (g g(-1) glucose) with a chiral purity greater than 99.5% L: -alanine.	Applied microbiology and biotechnology	2007		10.1007/s00253-007-1170-y	Journal Article,Research Support, U.S. Gov't, Non-P.H.S.,	[ForeName:Xueli,LastName:Zhang] [ForeName:Kaemwich,LastName:Jantama] [ForeName:J C,LastName:Moore] [ForeName:K T,LastName:Shanmugam] [ForeName:L O,LastName:Ingram]
21404260	Metabolic engineering of Escherichia coli for the production of 1,2-propanediol from glycerol.	Due to its availability, low-price, and high degree of reduction, glycerol has become an attractive carbon source for the production of fuels and reduced chemicals. Using the platform we have established from the identification of key pathways mediating fermentative metabolism of glycerol, this work reports the engineering of Escherichia coli for the conversion of glycerol into 1,2-propanediol (1,2-PDO). A functional 1,2-PDO pathway was engineered through a combination of overexpression of genes involved in its synthesis from the key intermediate dihydroxyacetone phosphate (DHAP) and the manipulation of the fermentative glycerol utilization pathway. The former included the overexpression of methylglyoxal synthase (mgsA), glycerol dehydrogenase (gldA), and aldehyde oxidoreductase (yqhD). Manipulation of the glycerol utilization pathway through the replacement of the native E. coli PEP-dependent dihydroxyacetone kinase (DHAK) with an ATP-dependent DHAK from C. freundii increased the availability of DHAP allowing for higher 1,2-PDO production. Analysis of the major fermentative pathways identified ethanol as a required co-product while increases in 1,2-PDO titer and yield were achieved through the disruption of the pathways for acetate and lactate production. Combination of these key metabolic manipulations resulted in an engineered E. coli strain capable of producing 5.6 g/L 1,2-PDO, at a yield of 21.3% (w/w). This strain also performed well when crude glycerol, a by-product of biodiesel production, was used as the substrate. The titer and yield achieved in this study were favorable to those obtained with the use of E. coli for the production of 1,2-PDO from common sugars.	Biotechnology and bioengineering	2011		10.1002/bit.22993	Journal Article,Research Support, U.S. Gov't, Non-P.H.S.,	[ForeName:James M,LastName:Clomburg] [ForeName:Ramon,LastName:Gonzalez]
22503196	Biosynthesis of long chain hydroxyfatty acids from glucose by engineered Escherichia coli.	This study devised a pathway in Escherichia coli for direct production of long chain hydroxyfatty acids (HFAs) from glucose. This is first report on the biosynthesis of HFAs from renewable sugar, without the need of exogenous fatty acids. By employing thioesterases BTE and 'TesA to tailor the composition of free fatty acids (FFAs) and using fatty acid hydroxylase P450(BM3) to convert FFAs to HFAs, high-specificity production of C12 and C14 HFAs was achieved. By further knocking out the endogenous fadD gene of E. coli, an engineered strain capable of producing 117.0 mg/L HFAs was finally obtained, representing a high HFA production in shake flask. This study indicated an attractive metabolic strategy for the biosynthesis of HFAs directly from renewable carbohydrates resources.	Bioresource technology	2012		10.1016/j.biortech.2012.02.119	Journal Article,Research Support, Non-U.S. Gov't,	[ForeName:Xiangwei,LastName:Wang] [ForeName:Lingling,LastName:Li] [ForeName:Yanning,LastName:Zheng] [ForeName:Huibin,LastName:Zou] [ForeName:Yujin,LastName:Cao] [ForeName:Hui,LastName:Liu] [ForeName:Wei,LastName:Liu] [ForeName:Mo,LastName:Xian]
22335940	Reconstruction of cytosolic fumaric acid biosynthetic pathways in Saccharomyces cerevisiae.	Fumaric acid is a commercially important component of foodstuffs, pharmaceuticals and industrial materials, yet the current methods of production are unsustainable and ecologically destructive.	Microbial cell factories	2012	3340314.0	10.1186/1475-2859-11-24	Journal Article,Research Support, Non-U.S. Gov't,	[ForeName:Guoqiang,LastName:Xu] [ForeName:Liming,LastName:Liu] [ForeName:Jian,LastName:Chen]
25461828	Production of chondroitin in metabolically engineered E. coli.	Chondroitin sulfates, widely used in the treatment of arthritis, are glycosaminoglycans extracted from food animal tissues. As part of our ongoing efforts to separate the food chain from the drug chain, we are examining the possibility of using metabolic engineering to produce chondroitin sulfate in Escherichia coli. Chondroitin is a valuable precursor in the synthesis of chondroitin sulfate. This study proposes a safer and more feasible approach to metabolically engineer chondroitin production by expressing genes from the pathogenic E. coli K4 strain, which natively produces a capsular polysaccharide that shares the similar structure with chondroitin, into the non-pathogenic E. coli BL21 Star™ (DE3) strain. The ePathBrick vectors, allowing for multiple gene addition and expression regulatory signal control, are used for metabolic balancing needed to obtain the maximum potential yield. The resulting engineered strain produced chondroitin, as demonstrated by (1)H NMR and disaccharide analysis, relying on chondrotinase treatment followed by liquid chromatography-mass spectrometry. The highest yield from shake flask experiment was 213mg/L and further increased to 2.4g/L in dissolved oxygen-stat fed batch bioreactor.	Metabolic engineering	2015		10.1016/j.ymben.2014.11.003	Journal Article,Research Support, N.I.H., Extramural,Research Support, Non-U.S. Gov't,	[ForeName:Wenqin,LastName:He] [ForeName:Li,LastName:Fu] [ForeName:Guoyun,LastName:Li] [ForeName:J,LastName:Andrew Jones] [ForeName:Robert J,LastName:Linhardt] [ForeName:Mattheos,LastName:Koffas]
15885621	Novel pathway engineering design of the anaerobic central metabolic pathway in Escherichia coli to increase succinate yield and productivity.	A novel in vivo method of producing succinate has been developed. A genetically engineered Escherichia coli strain has been constructed to meet the NADH requirement and carbon demand to produce high quantities and yield of succinate by strategically implementing metabolic pathway alterations. Currently, the maximum theoretical succinate yield under strictly anaerobic conditions through the fermentative succinate biosynthesis pathway is limited to one mole per mole of glucose due to NADH limitation. The implemented strategic design involves the construction of a dual succinate synthesis route, which diverts required quantities of NADH through the traditional fermentative pathway and maximizes the carbon converted to succinate by balancing the carbon flux through the fermentative pathway and the glyoxylate pathway (which has less NADH requirement). The synthesis of succinate uses a combination of the two pathways to balance the NADH. Consequently, experimental results indicated that these combined pathways gave the most efficient conversion of glucose to succinate with the highest yield using only 1.25 moles of NADH per mole of succinate in contrast to the sole fermentative pathway, which uses 2 moles of NADH per mole of succinate. A recombinant E. coli strain, SBS550MG, was created by deactivating adhE, ldhA and ack-pta from the central metabolic pathway and by activating the glyoxylate pathway through the inactivation of iclR, which encodes a transcriptional repressor protein of the glyoxylate bypass. The inactivation of these genes in SBS550MG increased the succinate yield from glucose to about 1.6 mol/mol with an average anaerobic productivity rate of 10 mM/h (approximately 0.64 mM/h-OD600). This strain is capable of fermenting high concentrations of glucose in less than 24 h. Additional derepression of the glyxoylate pathway by inactivation of arcA, leading to a strain designated as SBS660MG, did not significantly increase the succinate yield and it decreased glucose consumption by 80%. It was also observed that an adhE, ldhA and ack-pta mutant designated as SBS990MG, was able to achieve a high succinate yield similar to SBS550MG when expressing a Bacillus subtilis NADH-insensitive citrate synthase from a plasmid.	Metabolic engineering	2005		10.1016/j.ymben.2005.03.001	Journal Article,Research Support, U.S. Gov't, Non-P.H.S.,	[ForeName:Ailen M,LastName:Sánchez] [ForeName:George N,LastName:Bennett] [ForeName:Ka-Yiu,LastName:San]
25393892	Ethylene-producing bacteria that ripen fruit.	Ethylene is a plant hormone widely used to ripen fruit. However, the synthesis, handling, and storage of ethylene are environmentally harmful and dangerous. We engineered E. coli to produce ethylene through the activity of the ethylene-forming enzyme (EFE) from Pseudomonas syringae. EFE converts a citric acid cycle intermediate, 2-oxoglutarate, to ethylene in a single step. The production of ethylene was placed under the control of arabinose and blue light responsive regulatory systems. The resulting bacteria were capable of accelerating the ripening of tomatoes, kiwifruit, and apples.	ACS synthetic biology	2014		10.1021/sb5000077	Journal Article,Research Support, Non-U.S. Gov't,	[ForeName:Fabio,LastName:Digiacomo] [ForeName:Gabriele,LastName:Girelli] [ForeName:Bruno,LastName:Aor] [ForeName:Caterina,LastName:Marchioretti] [ForeName:Michele,LastName:Pedrotti] [ForeName:Thomas,LastName:Perli] [ForeName:Emil,LastName:Tonon] [ForeName:Viola,LastName:Valentini] [ForeName:Damiano,LastName:Avi] [ForeName:Giovanna,LastName:Ferrentino] [ForeName:Andrea,LastName:Dorigato] [ForeName:Paola,LastName:Torre] [ForeName:Olivier,LastName:Jousson] [ForeName:Sheref S,LastName:Mansy] [ForeName:Cristina,LastName:Del Bianco]
25925006	Eliminating the isoleucine biosynthetic pathway to reduce competitive carbon outflow during isobutanol production by Saccharomyces cerevisiae.	Isobutanol is an important biorefinery target alcohol that can be used as a fuel, fuel additive, or commodity chemical. Baker's yeast, Saccharomyces cerevisiae, is a promising organism for the industrial manufacture of isobutanol because of its tolerance for low pH and resistance to autolysis. It has been reported that gene deletion of the pyruvate dehydrogenase complex, which is directly involved in pyruvate metabolism, improved isobutanol production by S. cerevisiae. However, the engineering strategies available for S. cerevisiae are immature compared to those available for bacterial hosts such as Escherichia coli, and several pathways in addition to pyruvate metabolism compete with isobutanol production.	Microbial cell factories	2015	4417518.0	10.1186/s12934-015-0240-6	Journal Article,Research Support, Non-U.S. Gov't,	[ForeName:Kengo,LastName:Ida] [ForeName:Jun,LastName:Ishii] [ForeName:Fumio,LastName:Matsuda] [ForeName:Takashi,LastName:Kondo] [ForeName:Akihiko,LastName:Kondo]
25442943	Enhanced free fatty acid production by codon-optimized Lactococcus lactis acyl-ACP thioesterase gene expression in Escherichia coli using crude glycerol.	Fatty acid production and composition are determined by the type of acyl-acyl carrier protein thioesterases (acyl-ACP TEs) expressed in Escherichia coli. Bacterial acyl-ACP TEs from Lactococcus lactis (SGJS47), Enterococcus faecalis (SGJS49), and Burkholderia cepacia (SGJS50) were codon-optimized and expressed in E. coli for enhanced fatty acid production. Samples were extracted at the lag, log, and stationary phases of cell growth, and gene expression levels of the codon optimized acy-ACP TEs as well as fatty acid production were monitored. At 24h after initiation of gene expression, the OPLlTE expression level and fatty acid production in SGJS47 increased up to 15.8-fold and 3.2-fold compared to the control and other recombinant strains, respectively. Additionally, in SGJS47, improvement in free fatty acid (FFA) composition, high-specificity production of short-chain fatty acids (C8, C10) and unsaturated fatty acids (C16:1) was achieved in crude glycerol medium condition. Compared with control strain, the percentage of FFAs (C8 and C10) was enhanced by approximately 16- to 21-fold, C16:1 FFA ratio increased approximately 18-fold. Observation of codon-optimized acyl-ACP TE genes expression level in E. coli may be useful for understanding mechanisms towards improving fatty acid production. Engineered strains have the potential to overproduce specific FFAs and thereby reduce the cost of fatty acid production by using industrially inexpensive carbon sources.	Enzyme and microbial technology	2014		10.1016/j.enzmictec.2014.08.004	Journal Article,Research Support, Non-U.S. Gov't,	[ForeName:Sunhee,LastName:Lee] [ForeName:Soohyun,LastName:Park] [ForeName:Chulhwan,LastName:Park] [ForeName:Seung Pil,LastName:Pack] [ForeName:Jinwon,LastName:Lee]
25146562	Coenzyme B12 can be produced by engineered Escherichia coli under both anaerobic and aerobic conditions.	Coenzyme B12 (Vitamin B12 ) is one of the most complex biomolecules and an essential cofactor required for the catalytic activity of many enzymes. Pseudomonas denitrificans synthesizes coenzyme B12 in an oxygen-dependent manner using a pathway encoded by more than 25 genes that are located in six different operons. Escherichia coli, a robust and suitable host for metabolic engineering was used to produce coenzyme B12 . These genes were cloned into three compatible plasmids and expressed heterologously in E. coli BL21 (DE3). Real-time PCR, SDS-PAGE analysis and bioassay showed that the recombinant E. coli expressed the coenzyme B12 synthetic genes and successfully produced coenzyme B12 . However, according to the quantitative determination by inductively coupled plasma-mass spectrometry, the amount of coenzyme B12 produced by the recombinant E. coli (0.21 ± 0.02 μg/g cdw) was approximately 13-fold lower than that by P. denitrificans (2.75 ± 0.22 μg/g cdw). Optimization of the culture conditions to improve the production of coenzyme B12 by the recombinant E. coli was successful, and the highest titer (0.65 ± 0.03 μg/g cdw) of coenzyme B12 was obtained. Interestingly, although the synthesis of coenzyme B12 in P. denitrificans is strictly oxygen-dependent, the recombinant E. coli could produce coenzyme B12 under anaerobic conditions.	Biotechnology journal	2014		10.1002/biot.201400221	Journal Article,Research Support, Non-U.S. Gov't,	[ForeName:Yeounjoo,LastName:Ko] [ForeName:Somasundar,LastName:Ashok] [ForeName:Satish Kumar,LastName:Ainala] [ForeName:Mugesh,LastName:Sankaranarayanan] [ForeName:Ah Yeong,LastName:Chun] [ForeName:Gyoo Yeol,LastName:Jung] [ForeName:Sunghoon,LastName:Park]
24561591	Synthesis of flavonoid O-pentosides by Escherichia coli through engineering of nucleotide sugar pathways and glycosyltransferase.	Plants produce two flavonoid O-pentoses, flavonoid O-xyloside and flavonoid O-arabinoside. However, analyzing their biological properties is difficult because flavonoids are not naturally produced in sufficient quantities. In this study, Escherichia coli was used to synthesize the plant-specific flavonoid O-pentosides quercetin 3-O-xyloside and quercetin 3-O-arabinoside. Two strategies were used. First, E. coli was engineered to express components of the biosynthetic pathways for UDP-xylose and UDP-arabinose. For UDP-xylose biosynthesis, two genes, UXS (UDP-xylose synthase) from Arabidopsis thaliana and ugd (UDP-glucose dehydrogenase) from E. coli, were overexpressed. In addition, the gene encoding ArnA (UDP-l-Ara4N formyltransferase/UDP-GlcA C-4″-decarboxylase), which competes with UXS for UDP-glucuronic acid, was deleted. For UDP-arabinose biosynthesis, UXE (UDP-xylose epimerase) was overexpressed. Next, we engineered UDP-dependent glycosyltransferases (UGTs) to ensure specificity for UDP-xylose and UDP-arabinose. The E. coli strains thus obtained synthesized approximately 160 mg/liter of quercetin 3-O-xyloside and quercetin 3-O-arabinoside.	Applied and environmental microbiology	2014	3993292.0	10.1128/AEM.03797-13	Journal Article,Research Support, Non-U.S. Gov't,	[ForeName:So Hyun,LastName:Han] [ForeName:Bong Gyu,LastName:Kim] [ForeName:Jeong A,LastName:Yoon] [ForeName:Youhoon,LastName:Chong] [ForeName:Joong-Hoon,LastName:Ahn]
24756896	Engineering the productivity of recombinant Escherichia coli for limonene formation from glycerol in minimal media.	The efficiency and productivity of cellular biocatalysts play a key role in the industrial synthesis of fine and bulk chemicals. This study focuses on optimizing the synthesis of (S)-limonene from glycerol and glucose as carbon sources using recombinant Escherichia coli. The cyclic monoterpene limonene is extensively used in the fragrance, food, and cosmetic industries. Recently, limonene also gained interest as alternative jet fuel of biological origin. Key parameters that limit the (S)-limonene yield, related to genetics, physiology, and reaction engineering, were identified. The growth-dependent production of (S)-limonene was shown for the first time in minimal media. E. coli BL21 (DE3) was chosen as the preferred host strain, as it showed low acetate formation, fast growth, and high productivity. A two-liquid phase fed-batch fermentation with glucose as the sole carbon and energy source resulted in the formation of 700 mg L(org) (-1) (S)-limonene. Specific activities of 75 mU g(cdw) (-1) were reached, but decreased relatively quickly. The use of glycerol as a carbon source resulted in a prolonged growth and production phase (specific activities of ≥50 mU g(cdw) (-1) ) leading to a final (S)-limonene concentration of 2,700 mg L(org) (-1) . Although geranyl diphosphate (GPP) synthase had a low solubility, its availability appeared not to limit (S)-limonene formation in vivo under the conditions investigated. GPP rerouting towards endogenous farnesyl diphosphate (FPP) formation also did not limit (S)-limonene production. The two-liquid phase fed-batch setup led to the highest monoterpene concentration obtained with a recombinant microbial biocatalyst to date.	Biotechnology journal	2014		10.1002/biot.201400023	Journal Article,Research Support, Non-U.S. Gov't,	[ForeName:Christian,LastName:Willrodt] [ForeName:Christian,LastName:David] [ForeName:Sjef,LastName:Cornelissen] [ForeName:Bruno,LastName:Bühler] [ForeName:Mattijs K,LastName:Julsing] [ForeName:Andreas,LastName:Schmid]
24115680	Metabolic engineering of Escherichia coli for the production of phenol from glucose.	Phenol is an industrially versatile commodity chemical and is currently produced from fossil resources. Phenol's biological production from renewable resources has been limited due to its toxicity to microorganisms. Here, we simultaneously engineered 18 Escherichia coli strains for the production of phenol using synthetic regulatory small RNA (sRNA) technology. sRNA-based knock-down of the two regulators and overexpression of the genes involved in the tyrosine biosynthetic pathway together with tyrosine phenol-lyase (TPL) in E. coli strains resulted in the production of phenol from glucose. The 18 engineered E. coli strains showed significant differences in the production of tyrosine (i.e. the immediate precursor for phenol), TPL activity, and tolerance to phenol. Among the engineered E. coli strains, the BL21 strain produced phenol most efficiently: 419 mg/L by flask culture and 1.69 g/L by fed-batch culture. The final titer and productivity were further improved through biphasic fed-batch fermentation using glycerol tributyrate as an extractant of phenol. The concentration of phenol in the glycerol tributyrate phase and fermentation broth reached 9.84 and 0.3 g/L, respectively, in 21 hours, which translates into the final phenol titer and productivity of 3.79 g/L and 0.18 g/L/h, respectively. This is the highest titer achieved by microbial fermentation. Although further engineering is required to be competitive with the current petro-based process, the strategies used for the development of the engineered strain and fermentation process will provide a valuable framework for the microbial production of toxic chemicals.	Biotechnology journal	2014		10.1002/biot.201300263	Journal Article,Research Support, Non-U.S. Gov't,	[ForeName:Byoungjin,LastName:Kim] [ForeName:Hyegwon,LastName:Park] [ForeName:Dokyun,LastName:Na] [ForeName:Sang Yup,LastName:Lee]
17122396	Homolactate fermentation by metabolically engineered Escherichia coli strains.	We report the homofermentative production of lactate in Escherichia coli strains containing mutations in the aceEF, pfl, poxB, and pps genes, which encode the pyruvate dehydrogenase complex, pyruvate formate lyase, pyruvate oxidase, and phosphoenolpyruvate synthase, respectively. The process uses a defined medium and two distinct fermentation phases: aerobic growth to an optical density of about 30, followed by nongrowth, anaerobic production. Strain YYC202 (aceEF pfl poxB pps) generated 90 g/liter lactate in 16 h during the anaerobic phase (with a yield of 0.95 g/g and a productivity of 5.6 g/liter . h). Ca(OH)(2) was found to be superior to NaOH for pH control, and interestingly, significant succinate also accumulated (over 7 g/liter) despite the use of N(2) for maintaining anaerobic conditions. Strain ALS961 (YYC202 ppc) prevented succinate accumulation, but growth was very poor. Strain ALS974 (YYC202 frdABCD) reduced succinate formation by 70% to less than 3 g/liter. (13)C nuclear magnetic resonance analysis using uniformly labeled acetate demonstrated that succinate formation by ALS974 was biochemically derived from acetate in the medium. The absence of uniformly labeled succinate, however, demonstrated that glyoxylate did not reenter the tricarboxylic acid cycle via oxaloacetate. By minimizing the residual acetate at the time that the production phase commenced, the process with ALS974 achieved 138 g/liter lactate (1.55 M, 97% of the carbon products), with a yield of 0.99 g/g and a productivity of 6.3 g/liter . h during the anaerobic phase.	Applied and environmental microbiology	2007	1796981.0	10.1128/AEM.02022-06	Evaluation Study,Journal Article,Research Support, Non-U.S. Gov't,Research Support, U.S. Gov't, Non-P.H.S.,	[ForeName:Y,LastName:Zhu] [ForeName:M A,LastName:Eiteman] [ForeName:K,LastName:DeWitt] [ForeName:E,LastName:Altman]
25567513	Beneficial knockouts in Escherichia coli for producing hydrogen from glycerol.	Glycerol is an inexpensive and abundant source for biofuel production on a large scale. Escherichia coli is a robust bacterium for producing hydrogen; however, its hydrogen productivity from glycerol is low. In this study, we conducted random transposon mutagenesis to identify uncharacterized genes whose inactivation is beneficial for hydrogen production from glycerol. Through screening, four mutant strains were found that are able to have from 1.3- to 1.6-fold higher hydrogen productivity (μmol H2/mg protein) than that of their parent strain (p < 0.05). These mutations were identified as aroM, gatZ, ycgR, and yfgI. The hydrogen yield (mol H2/mol glycerol consumed) of the aroM, gatZ, ycgR, and yfgI strains was 1.7-, 1.4-, 2.4-, and 2.1-fold higher than that of their parent strain, respectively. Moreover, a single disruption in these genes resulted in a faster cell growth and glycerol consumption under anaerobic conditions. In E. coli, AroM is predicted to be involved in the shikimate pathway, GatZ is tagatose-1,6-bisphosphate aldolase 2 which converts dihydroxyacetone phosphate to 1,6-biphosphate, and YcgR acts as a molecular brake limiting the swimming speed and ATP consumption. So far, the function of YfgI in general and in hydrogen production in particular remains unknown.	Applied microbiology and biotechnology	2015		10.1007/s00253-014-6338-7	Journal Article,Research Support, Non-U.S. Gov't,	[ForeName:Kien Trung,LastName:Tran] [ForeName:Toshinari,LastName:Maeda] [ForeName:Viviana,LastName:Sanchez-Torres] [ForeName:Thomas K,LastName:Wood]
22446837	An engineered eukaryotic protein glycosylation pathway in Escherichia coli.	We performed bottom-up engineering of a synthetic pathway in Escherichia coli for the production of eukaryotic trimannosyl chitobiose glycans and the transfer of these glycans to specific asparagine residues in target proteins. The glycan biosynthesis was enabled by four eukaryotic glycosyltransferases, including the yeast uridine diphosphate-N-acetylglucosamine transferases Alg13 and Alg14 and the mannosyltransferases Alg1 and Alg2. By including the bacterial oligosaccharyltransferase PglB from Campylobacter jejuni, we successfully transferred glycans to eukaryotic proteins.	Nature chemical biology	2012	3449280.0	10.1038/nchembio.921	Journal Article,Research Support, N.I.H., Extramural,Research Support, Non-U.S. Gov't,Research Support, U.S. Gov't, Non-P.H.S.,	[ForeName:Juan D,LastName:Valderrama-Rincon] [ForeName:Adam C,LastName:Fisher] [ForeName:Judith H,LastName:Merritt] [ForeName:Yao-Yun,LastName:Fan] [ForeName:Craig A,LastName:Reading] [ForeName:Krishan,LastName:Chhiba] [ForeName:Christian,LastName:Heiss] [ForeName:Parastoo,LastName:Azadi] [ForeName:Markus,LastName:Aebi] [ForeName:Matthew P,LastName:DeLisa]
25773521	Biosynthesis of odd-chain fatty alcohols in Escherichia coli.	Engineered microbes offer the opportunity to design and implement artificial molecular pathways for renewable production of tailored chemical commodities. Targeted biosynthesis of odd-chain fatty alcohols is very challenging in microbe, due to the specificity of fatty acids synthase for two-carbon unit elongation. Here, we developed a novel strategy to directly tailor carbon number in fatty aldehydes formation step by incorporating α-dioxygenase (αDOX) from Oryza sativa (rice) into Escherichia coli αDOX oxidizes Cn fatty acids (even-chain) to form Cn-1 fatty aldehydes (odd-chain). Through combining αDOX with fatty acyl-acyl carrier protein (-ACP) thioesterase (TE) and aldehyde reductase (AHR), the medium odd-chain fatty alcohols profile (C11, C13, C15) was firstly established in E. coli. Also, medium even-chain alkanes (C12, C14) were obtained by substitution of AHR to aldehyde decarbonylase (AD). The titer of odd-chain fatty alcohols was improved from 7.4mg/L to 101.5mg/L in tube cultivation by means of fine-tuning endogenous fatty acyl-ACP TE (TesA'), αDOX, AHRs and the genes involved in fatty acids metabolism pathway. Through high cell density fed-batch fermentation, a titer of 1.95g/L odd-chain fatty alcohols was achieved, which was the highest reported titer in E. coli. Our system has greatly expanded the current microbial fatty alcohols profile that provides a new brand solution for producing complex and desired molecules in microbes.	Metabolic engineering	2015		10.1016/j.ymben.2015.03.005	Journal Article,Research Support, Non-U.S. Gov't,	[ForeName:Ying-Xiu,LastName:Cao] [ForeName:Wen-Hai,LastName:Xiao] [ForeName:Duo,LastName:Liu] [ForeName:Jin-Lai,LastName:Zhang] [ForeName:Ming-Zhu,LastName:Ding] [ForeName:Ying-Jin,LastName:Yuan]
26164646	Combinatorial metabolic engineering of Saccharomyces cerevisiae for terminal alkene production.	Biological production of terminal alkenes has garnered a significant interest due to their industrial applications such as lubricants, detergents and fuels. Here, we engineered the yeast Saccharomyces cerevisiae to produce terminal alkenes via a one-step fatty acid decarboxylation pathway and improved the alkene production using combinatorial engineering strategies. In brief, we first characterized eight fatty acid decarboxylases to enable and enhance alkene production. We then increased the production titer 7-fold by improving the availability of the precursor fatty acids. We additionally increased the titer about 5-fold through genetic cofactor engineering and gene expression tuning in rich medium. Lastly, we further improved the titer 1.8-fold to 3.7 mg/L by optimizing the culturing conditions in bioreactors. This study represents the first report of terminal alkene biosynthesis in S. cerevisiae, and the abovementioned combinatorial engineering approaches collectively increased the titer 67.4-fold. We envision that these approaches could provide insights into devising engineering strategies to improve the production of fatty acid-derived biochemicals in S. cerevisiae.	Metabolic engineering	2015		10.1016/j.ymben.2015.06.009	Journal Article,Research Support, Non-U.S. Gov't,	[ForeName:Binbin,LastName:Chen] [ForeName:Dong-Yup,LastName:Lee] [ForeName:Matthew Wook,LastName:Chang]
26431967	Improvement of glucose uptake rate and production of target chemicals by overexpressing hexose transporters and transcriptional activator Gcr1 in Saccharomyces cerevisiae.	Metabolic engineering to increase the glucose uptake rate might be beneficial to improve microbial production of various fuels and chemicals. In this study, we enhanced the glucose uptake rate in Saccharomyces cerevisiae by overexpressing hexose transporters (HXTs). Among the 5 tested HXTs (Hxt1, Hxt2, Hxt3, Hxt4, and Hxt7), overexpression of high-affinity transporter Hxt7 was the most effective in increasing the glucose uptake rate, followed by moderate-affinity transporters Hxt2 and Hxt4. Deletion of STD1 and MTH1, encoding corepressors of HXT genes, exerted differential effects on the glucose uptake rate, depending on the culture conditions. In addition, improved cell growth and glucose uptake rates could be achieved by overexpression of GCR1, which led to increased transcription levels of HXT1 and ribosomal protein genes. All genetic modifications enhancing the glucose uptake rate also increased the ethanol production rate in wild-type S. cerevisiae. Furthermore, the growth-promoting effect of GCR1 overexpression was successfully applied to lactic acid production in an engineered lactic acid-producing strain, resulting in a significant improvement of productivity and titers of lactic acid production under acidic fermentation conditions.	Applied and environmental microbiology	2015	4644637.0	10.1128/AEM.02056-15	Journal Article,Research Support, Non-U.S. Gov't,	[ForeName:Daehee,LastName:Kim] [ForeName:Ji-Yoon,LastName:Song] [ForeName:Ji-Sook,LastName:Hahn]
25216804	Optimising the production of succinate and lactate in Escherichia coli using a hybrid of artificial bee colony algorithm and minimisation of metabolic adjustment.	Metabolic engineering is a research field that focuses on the design of models for metabolism, and uses computational procedures to suggest genetic manipulation. It aims to improve the yield of particular chemical or biochemical products. Several traditional metabolic engineering methods are commonly used to increase the production of a desired target, but the products are always far below their theoretical maximums. Using numeral optimisation algorithms to identify gene knockouts may stall at a local minimum in a multivariable function. This paper proposes a hybrid of the artificial bee colony (ABC) algorithm and the minimisation of metabolic adjustment (MOMA) to predict an optimal set of solutions in order to optimise the production rate of succinate and lactate. The dataset used in this work was from the iJO1366 Escherichia coli metabolic network. The experimental results include the production rate, growth rate and a list of knockout genes. From the comparative analysis, ABCMOMA produced better results compared to previous works, showing potential for solving genetic engineering problems.	Journal of bioscience and bioengineering	2015		10.1016/j.jbiosc.2014.08.004	Journal Article,Research Support, Non-U.S. Gov't,	[ForeName:Phooi Wah,LastName:Tang] [ForeName:Yee Wen,LastName:Choon] [ForeName:Mohd Saberi,LastName:Mohamad] [ForeName:Safaai,LastName:Deris] [ForeName:Suhaimi,LastName:Napis]
25527438	Improvement of catechin production in Escherichia coli through combinatorial metabolic engineering.	Reconstruction of highly efficient biosynthesis pathways is essential for the production of valuable plant secondary metabolites in recombinant microorganisms. In order to improve the titer of green tea catechins in Escherichia coli, combinatorial strategies were employed using the ePathBrick vectors to express the committed catechin pathway: flavanone 3β-hydroxylase (F3H), dihydroflavonol 4-reductase (DFR), and leucoanthocyanidin reductase (LAR). Three F3H, three DFR, and two LAR genes originating from different plant species were selected and synthesized, to create 18 pathway variants to be screened in E. coli. Constructs containing F3H(syn) originally from Camellia sinensis, DFR(syn) from Anthurium andraeanum, C. sinensis, or Fragaria ananass, and LAR(syn) from Desmodium uncinatum (p148, p158 and p168) demonstrated high conversion efficiency with either eriodictyol or naringenin as substrate. A highly efficient construct was created by assembling additional copies of DFR(syn) and LAR(syn) enabling a titer of 374.6 ± 43.6 mg/L of (+)-catechin. Improving the NADPH availability via the ΔpgiΔppc mutation, BLΔpgiΔppc-p148 produced the highest titer of catechin at 760.9 ± 84.3 mg/L. After utilizing a library of scaffolding proteins, the strain BLΔpgiΔppc-p168-759 reached the highest titer of (+)-catechin of 910.9 ± 61.3 mg/L from 1.0 g/L of eriodictyol in batch culture with M9 minimal media. The impact of oxygen availability on the biosynthesis of catechin was also investigated.	Metabolic engineering	2015		10.1016/j.ymben.2014.12.002	Journal Article,Research Support, Non-U.S. Gov't,	[ForeName:Shujuan,LastName:Zhao] [ForeName:J Andrew,LastName:Jones] [ForeName:Daniel M,LastName:Lachance] [ForeName:Namita,LastName:Bhan] [ForeName:Omar,LastName:Khalidi] [ForeName:Sylesh,LastName:Venkataraman] [ForeName:Zhengtao,LastName:Wang] [ForeName:Mattheos A G,LastName:Koffas]
18952866	Directed evolution of Methanococcus jannaschii citramalate synthase for biosynthesis of 1-propanol and 1-butanol by Escherichia coli.	Biofuels synthesized from renewable resources are of increasing interest because of global energy and environmental problems. We have previously demonstrated production of higher alcohols from Escherichia coli using a 2-keto acid-based pathway. Here, we took advantage of the growth phenotype associated with 2-keto acid deficiency to construct a hyperproducer of 1-propanol and 1-butanol by evolving citramalate synthase (CimA) from Methanococcus jannaschii. This new pathway, which directly converts pyruvate to 2-ketobutyrate, bypasses threonine biosynthesis and represents the shortest keto acid-mediated pathway for producing 1-propanol and 1-butanol from glucose. Directed evolution of CimA enhanced the specific activity over a wide temperature range (30 to 70 degrees C). The best CimA variant was found to be insensitive to feedback inhibition by isoleucine in addition to the improved activity. This CimA variant enabled 9- and 22-fold higher production levels of 1-propanol and 1-butanol, respectively, compared to the strain expressing the wild-type CimA. This work demonstrates (i) the first production of 1-propanol and 1-butanol using the citramalate pathway and (ii) the benefit of the 2-keto acid pathway that enables a growth-based evolutionary strategy to improve the production of non-growth-related products.	Applied and environmental microbiology	2008	2607174.0	10.1128/AEM.02046-08	Journal Article,Research Support, Non-U.S. Gov't,	[ForeName:Shota,LastName:Atsumi] [ForeName:James C,LastName:Liao]
25890272	Metabolic engineering of Escherichia coli for enhanced arginine biosynthesis.	Arginine is a high-value product, especially for the pharmaceutical industry. Growing demand for environmental-friendly and traceable products have stressed the need for microbial production of this amino acid. Therefore, the aim of this study was to improve arginine production in Escherichia coli by metabolic engineering and to establish a fermentation process in 1-L bioreactor scale to evaluate the different mutants.	Microbial cell factories	2015	4358701.0	10.1186/s12934-015-0211-y	Journal Article,Research Support, Non-U.S. Gov't,	[ForeName:Mireille,LastName:Ginesy] [ForeName:Jaroslav,LastName:Belotserkovsky] [ForeName:Josefine,LastName:Enman] [ForeName:Leif,LastName:Isaksson] [ForeName:Ulrika,LastName:Rova]
25981595	Bacterial xylose isomerases from the mammal gut Bacteroidetes cluster function in Saccharomyces cerevisiae for effective xylose fermentation.	Xylose isomerase (XI) catalyzes the conversion of xylose to xylulose, which is the key step for anaerobic ethanolic fermentation of xylose. Very few bacterial XIs can function actively in Saccharomyces cerevisiae. Here, we illustrate a group of XIs that would function for xylose fermentation in S. cerevisiae through phylogenetic analysis, recombinant yeast strain construction, and xylose fermentation.	Microbial cell factories	2015	4436767.0	10.1186/s12934-015-0253-1	Journal Article,Research Support, Non-U.S. Gov't,	[ForeName:Bingyin,LastName:Peng] [ForeName:Shuangcheng,LastName:Huang] [ForeName:Tingting,LastName:Liu] [ForeName:Anli,LastName:Geng]
26226562	Efficient production of 2,3-butanediol in Saccharomyces cerevisiae by eliminating ethanol and glycerol production and redox rebalancing.	2,3-Butanediol is a promising valuable chemical that can be used in various areas as a liquid fuel and a platform chemical. Here, 2,3-butanediol production in Saccharomyces cerevisiae was improved stepwise by eliminating byproduct formation and redox rebalancing. By introducing heterologous 2,3-butanediol biosynthetic pathway and deleting competing pathways producing ethanol and glycerol, metabolic flux was successfully redirected to 2,3-butanediol. In addition, the resulting redox cofactor imbalance was restored by overexpressing water-forming NADH oxidase (NoxE) from Lactococcus lactis. In a flask fed-batch fermentation with optimized conditions, the engineered adh1Δadh2Δadh3Δadh4Δadh5Δgpd1Δgpd2Δ strain overexpressing Bacillus subtilis α-acetolactate synthase (AlsS) and α-acetolactate decarboxylase (AlsD), S. cerevisiae 2,3-butanediol dehydrogenase (Bdh1), and L. lactis NoxE from a single multigene-expression vector produced 72.9 g/L 2,3-butanediol with the highest yield (0.41 g/g glucose) and productivity (1.43 g/(L · h)) ever reported in S. cerevisiae.	Metabolic engineering	2015		10.1016/j.ymben.2015.07.006	Journal Article,Research Support, Non-U.S. Gov't,	[ForeName:Sujin,LastName:Kim] [ForeName:Ji-Sook,LastName:Hahn]
25536488	Engineering an iterative polyketide pathway in Escherichia coli results in single-form alkene and alkane overproduction.	Alkanes and alkenes are ideal biofuels, due to their high energy content and ability to be safely transported. To date, fatty acid-derived pathways for alkane and alkene bioproduction have been thoroughly explored. In this study, we engineered the pathway of the iterative Type I polyketide synthase (PKS) SgcE with the cognate thioesterase (TE) SgcE10 in Escherichia coli, with the goal of overproducing pentadecaheptaene (PDH) followed by its hydrogenation to pentadecane (PD). Based on initial in vitro titration assays, we learned that PDH production is strongly dependent on the SgcE10:SgcE ratio. Thus, we engineered a high-yield E. coli strain by fine-tuning SgcE10 expression via synthetic promoters. We analyzed engineered E. coli strains using a modified multiple reactions monitoring mass spectrometry (MRM-MS)-based targeted proteomic approach, using a chimeric SgcE10 and SgcE fusion construct to gain insight into expression levels of the two proteins. Lastly, through fed-batch fermentation followed by flow chemical hydrogenation, we obtained a PD yield of nearly 140mg/L in single-alkane form. Thus, we not only employed a metabolic engineering approach to the iterative polyketide pathway, we highlighted the potential of PKS shunt products to play a role in the production of single-form and high-value chemicals.	Metabolic engineering	2015		10.1016/j.ymben.2014.12.004	Journal Article,Research Support, Non-U.S. Gov't,	[ForeName:Qian,LastName:Liu] [ForeName:Kaiyue,LastName:Wu] [ForeName:Yongbo,LastName:Cheng] [ForeName:Lei,LastName:Lu] [ForeName:Erting,LastName:Xiao] [ForeName:Yuchen,LastName:Zhang] [ForeName:Zixin,LastName:Deng] [ForeName:Tiangang,LastName:Liu]
22685138	Directed evolution of xylose isomerase for improved xylose catabolism and fermentation in the yeast Saccharomyces cerevisiae.	The heterologous expression of a highly functional xylose isomerase pathway in Saccharomyces cerevisiae would have significant advantages for ethanol yield, since the pathway bypasses cofactor requirements found in the traditionally used oxidoreductase pathways. However, nearly all reported xylose isomerase-based pathways in S. cerevisiae suffer from poor ethanol productivity, low xylose consumption rates, and poor cell growth compared with an oxidoreductase pathway and, additionally, often require adaptive strain evolution. Here, we report on the directed evolution of the Piromyces sp. xylose isomerase (encoded by xylA) for use in yeast. After three rounds of mutagenesis and growth-based screening, we isolated a variant containing six mutations (E15D, E114G, E129D, T142S, A177T, and V433I) that exhibited a 77% increase in enzymatic activity. When expressed in a minimally engineered yeast host containing a gre3 knockout and tal1 and XKS1 overexpression, the strain expressing this mutant enzyme improved its aerobic growth rate by 61-fold and both ethanol production and xylose consumption rates by nearly 8-fold. Moreover, the mutant enzyme enabled ethanol production by these yeasts under oxygen-limited fermentation conditions, unlike the wild-type enzyme. Under microaerobic conditions, the ethanol production rates of the strain expressing the mutant xylose isomerase were considerably higher than previously reported values for yeast harboring a xylose isomerase pathway and were also comparable to those of the strains harboring an oxidoreductase pathway. Consequently, this study shows the potential to evolve a xylose isomerase pathway for more efficient xylose utilization.	Applied and environmental microbiology	2012	3406111.0	10.1128/AEM.01419-12	Journal Article,Research Support, Non-U.S. Gov't,	[ForeName:Sun-Mi,LastName:Lee] [ForeName:Taylor,LastName:Jellison] [ForeName:Hal S,LastName:Alper]
23361004	Synthetic RNA devices to expedite the evolution of metabolite-producing microbes.	An extension of directed evolution strategies to genome-wide variations increases the chance of obtaining metabolite-overproducing microbes. However, a general high-throughput screening platform for selecting improved strains remains out of reach. Here, to expedite the evolution of metabolite-producing microbes, we utilize synthetic RNA devices comprising a riboswitch and a selection module that specifically sense inconspicuous metabolites. Using L-lysine-producing Escherichia coli as a model system, we demonstrated that this RNA device could enrich pathway-optimized strains to up to 75% of the total population after four rounds of enrichment cycles. Furthermore, the potential applicability of this device was examined by successfully extending its application to the case of L-tryptophan. When used in conjunction with combinatorial mutagenesis for metabolite overproduction, our synthetic RNA device should facilitate strain improvement.	Nature communications	2013		10.1038/ncomms2404	Journal Article,Research Support, Non-U.S. Gov't,	[ForeName:Jina,LastName:Yang] [ForeName:Sang Woo,LastName:Seo] [ForeName:Sungho,LastName:Jang] [ForeName:So-I,LastName:Shin] [ForeName:Chae Hyun,LastName:Lim] [ForeName:Tae-Young,LastName:Roh] [ForeName:Gyoo Yeol,LastName:Jung]
25363674	Engineering cellular redox balance in Saccharomyces cerevisiae for improved production of L-lactic acid.	Owing to the growing market for the biodegradable and renewable polymer, polylactic acid, world demand for lactic acid is rapidly increasing. However, the very high concentrations desired for industrial production of the free lactic acid create toxicity and low pH concerns for manufacturers. Saccharomyces cerevisiae is the most well characterized eukaryote, a preferred microbial cell factory for the largest industrial biotechnology product (bioethanol), and a robust, commercially compatible workhorse to be exploited for the production of diverse chemicals. S. cerevisiae has also been explored as a host for lactic acid production because of its high acid tolerance. Here, we constructed an L-lactic acid-overproducing S. cerevisiae by redirecting cellular metabolic fluxes to the production of L-lactic acid. To this end, we deleted the S. cerevisiae genes encoding pyruvate decarboxylase 1 (PDC1), L-lactate cytochrome-c oxidoreductase (CYB2), and glycerol-3-phosphate dehydrogenase (GPD1), replacing them with a heterologous L-lactate dehydrogenase (LDH) gene. Two new target genes encoding isoenzymes of the external NADH dehydrogenase (NDE1 and NDE2), were also deleted from the genome to re-engineer the intracellular redox balance. The resulting strain was found to produce L-lactic acid more efficiently (32.6% increase in final L-lactic acid titer). When tested in a bioreactor in fed-batch mode, this engineered strain produced 117 g/L of L-lactic acid under low pH conditions. This result demonstrates that the redox balance engineering should be coupled with the metabolic engineering in the construction of L-lactic acid-overproducing S. cerevisiae.	Biotechnology and bioengineering	2015		10.1002/bit.25488	Journal Article,	[ForeName:Ju Young,LastName:Lee] [ForeName:Chang Duk,LastName:Kang] [ForeName:Seung Hyun,LastName:Lee] [ForeName:Young Kyoung,LastName:Park] [ForeName:Kwang Myung,LastName:Cho]
19575416	Development and evaluation of efficient recombinant Escherichia coli strains for the production of 3-hydroxypropionic acid from glycerol.	"3-Hydroxypropionic acid (3-HP) is a commercially valuable chemical with the potential to be a key building block for deriving many industrially important chemicals. However, its biological production has not been well documented. Our previous study demonstrated the feasibility of producing 3-HP from glycerol using the recombinant Escherichia coli SH254 expressing glycerol dehydratase (DhaB) and aldehyde dehydrogenase (AldH), and reported that an ""imbalance between the two enzymes"" and the ""instability of the first enzyme DhaB"" were the major factors limiting 3-HP production. In this study, the efficiency of the recombinant strain(s) was improved by expressing DhaB and AldH in two compatible isopropyl-thio-beta-galactoside (IPTG) inducible plasmids along with glycerol dehydratase reactivase (GDR). The expression levels of the two proteins were measured. It was found that the changes in protein expression were associated with their enzymatic activity and balance. While cloning an alternate aldehyde dehydrogenase (ALDH), alpha-ketoglutaric semialdehyde dehydrogenase (KGSADH), instead of AldH, the recombinant E. coli SH-BGK1 showed the highest level of 3-HP production (2.8 g/L) under shake-flask conditions. When an aerobic fed-batch process was carried out under bioreactor conditions at pH 7.0, the recombinant SH-BGK1 produced 38.7 g 3-HP/L with an average yield of 35%. This article reports the highest level of 3-HP production from glycerol thus far."	Biotechnology and bioengineering	2009		10.1002/bit.22429	Journal Article,Research Support, Non-U.S. Gov't,	[ForeName:Chelladurai,LastName:Rathnasingh] [ForeName:Subramanian Mohan,LastName:Raj] [ForeName:Ji-Eun,LastName:Jo] [ForeName:Sunghoon,LastName:Park]
19352643	Effect of process parameters on 3-hydroxypropionic acid production from glycerol using a recombinant Escherichia coli.	The top-valued platform chemical, 3-hydroxypropionic acid (3-HP), has a wide range of industrial applications but its biological production is not well established. Previously, the production of 3-HP from glycerol was demonstrated using a recombinant Escherichia coli strain expressing glycerol dehydratase (dhaB) and aldehyde dehydrogenase (aldH). The present investigation focuses on the effect of the culture conditions on the production of 3-HP from glycerol. The physicochemical parameters, such as pH, IPTG concentration, liquid-to-flask volume ratio, and substrate concentration, were examined in flask-scale experiments and obtained the highest titer of 3-HP at 4.4 g l(-1) in 48 h. When a fed-batch process was carried out in a bioreactor under pH-regulated conditions, the recombinant E. coli produced 3-HP at 31 g l(-1) in 72 h with a yield of 0.35 mol mol(-1) glycerol. The maximum specific rate of 3-HP production was estimated to be 3.41 mmol g(-1) cdw h(-1) between 12 and 24 h. Other than 3-HP, propionic acid (3.4 g l(-1)), 1,3-propanediol (2.4 g l(-1)), and lactic acid (1.6 g l(-1)) were produced as the major by-products. This paper reports for the first time a commercially meaningful high titer of 3-HP production.	Applied microbiology and biotechnology	2009		10.1007/s00253-009-1986-8	Journal Article,Research Support, Non-U.S. Gov't,	[ForeName:Subramanian,LastName:Mohan Raj] [ForeName:Chelladurai,LastName:Rathnasingh] [ForeName:Woo-Chel,LastName:Jung] [ForeName:Sunghoon,LastName:Park]
12514021	Production of optically pure D-lactic acid in mineral salts medium by metabolically engineered Escherichia coli W3110.	The resistance of polylactide to biodegradation and the physical properties of this polymer can be controlled by adjusting the ratio of L-lactic acid to D-lactic acid. Although the largest demand is for the L enantiomer, substantial amounts of both enantiomers are required for bioplastics. We constructed derivatives of Escherichia coli W3110 (prototrophic) as new biocatalysts for the production of D-lactic acid. These strains (SZ40, SZ58, and SZ63) require only mineral salts as nutrients and lack all plasmids and antibiotic resistance genes used during construction. D-Lactic acid production by these new strains approached the theoretical maximum yield of two molecules per glucose molecule. The chemical purity of this D-lactic acid was approximately 98% with respect to soluble organic compounds. The optical purity exceeded 99%. Competing pathways were eliminated by chromosomal inactivation of genes encoding fumarate reductase (frdABCD), alcohol/aldehyde dehydrogenase (adhE), and pyruvate formate lyase (pflB). The cell yield and lactate productivity were increased by a further mutation in the acetate kinase gene (ackA). Similar improvements could be achieved by addition of 10 mM acetate or by an initial period of aeration. All three approaches reduced the time required to complete the fermentation of 5% glucose. The use of mineral salts medium, the lack of antibiotic resistance genes or plasmids, the high yield of D-lactate, and the high product purity should reduce costs associated with nutrients, purification, containment, biological oxygen demand, and waste treatment.	Applied and environmental microbiology	2003	152430.0	10.1128/AEM.69.1.399-407.2003	Journal Article,Research Support, Non-U.S. Gov't,Research Support, U.S. Gov't, Non-P.H.S.,	[ForeName:Shengde,LastName:Zhou] [ForeName:T B,LastName:Causey] [ForeName:A,LastName:Hasona] [ForeName:K T,LastName:Shanmugam] [ForeName:L O,LastName:Ingram]
26186096	Engineering of a Synthetic Metabolic Pathway for the Assimilation of (d)-Xylose into Value-Added Chemicals.	A synthetic pathway for (d)-xylose assimilation was stoichiometrically evaluated and implemented in Escherichia coli strains. The pathway proceeds via isomerization of (d)-xylose to (d)-xylulose, phosphorylation of (d)-xylulose to obtain (d)-xylulose-1-phosphate (X1P), and aldolytic cleavage of the latter to yield glycolaldehyde and DHAP. Stoichiometric analyses showed that this pathway provides access to ethylene glycol with a theoretical molar yield of 1. Alternatively, both glycolaldehyde and DHAP can be converted to glycolic acid with a theoretical yield that is 20% higher than for the exclusive production of this acid via the glyoxylate shunt. Simultaneous expression of xylulose-1 kinase and X1P aldolase activities, provided by human ketohexokinase-C and human aldolase-B, respectively, restored growth of a (d)-xylulose-5-kinase mutant on xylose. This strain produced ethylene glycol as the major metabolic endproduct. Metabolic engineering provided strains that assimilated the entire C2 fraction into the central metabolism or that produced 4.3 g/L glycolic acid at a molar yield of 0.9 in shake flasks.	ACS synthetic biology	2016		10.1021/acssynbio.5b00103	Journal Article,Research Support, Non-U.S. Gov't,	[ForeName:Yvan,LastName:Cam] [ForeName:Ceren,LastName:Alkim] [ForeName:Debora,LastName:Trichez] [ForeName:Vincent,LastName:Trebosc] [ForeName:Amélie,LastName:Vax] [ForeName:François,LastName:Bartolo] [ForeName:Philippe,LastName:Besse] [ForeName:Jean Marie,LastName:François] [ForeName:Thomas,LastName:Walther]
26120362	Metabolic engineering of microbes for branched-chain biodiesel production with low-temperature property.	The steadily increasing demand for diesel fuels calls for renewable energy sources. This has attracted a growing amount of research to develop advanced, alternative biodiesel worldwide. Several major disadvantages of current biodiesels are the undesirable physical properties such as high viscosity and poor low-temperature operability. Therefore, there is an urgent need to develop novel and advanced biodiesels.	Biotechnology for biofuels	2015	4483204.0	10.1186/s13068-015-0270-7	Journal Article,	[ForeName:Hui,LastName:Tao] [ForeName:Daoyi,LastName:Guo] [ForeName:Yuchen,LastName:Zhang] [ForeName:Zixin,LastName:Deng] [ForeName:Tiangang,LastName:Liu]
26319875	YjeH Is a Novel Exporter of l-Methionine and Branched-Chain Amino Acids in Escherichia coli.	"Amino acid efflux transport systems have important physiological functions and play vital roles in the fermentative production of amino acids. However, no methionine exporter has yet been identified in Escherichia coli. In this study, we identified a novel amino acid exporter, YjeH, in E. coli. The yjeH overexpression strain exhibited high tolerance to the structural analogues of l-methionine and branched-chain amino acids, decreased intracellular amino acid levels, and enhanced export rates in the presence of a Met-Met, Leu-Leu, Ile-Ile, or Val-Val dipeptide, suggesting that YjeH functions as an exporter of l-methionine and the three branched-chain amino acids. The export of the four amino acids in the yjeH overexpression strain was competitively inhibited in relation to each other. The expression of yjeH was strongly induced by increasing cytoplasmic concentrations of substrate amino acids. Green fluorescent protein (GFP)-tagged YjeH was visualized by total internal reflection fluorescence microscopy to confirm the plasma membrane localization of YjeH. Phylogenetic analysis of transporters indicated that YjeH belongs to the amino acid efflux family of the amino acid/polyamine/organocation (APC) superfamily. Structural modeling revealed that YjeH has the typical ""5 + 5"" transmembrane α-helical segment (TMS) inverted-repeat fold of APC superfamily transporters, and its binding sites are strictly conserved. The enhanced capacity of l-methionine export by the overexpression of yjeH in an l-methionine-producing strain resulted in a 70% improvement in titer. This study supplements the transporter classification and provides a substantial basis for the application of the methionine exporter in metabolic engineering."	Applied and environmental microbiology	2015	4616930.0	10.1128/AEM.02242-15	Journal Article,Research Support, Non-U.S. Gov't,	[ForeName:Qian,LastName:Liu] [ForeName:Yong,LastName:Liang] [ForeName:Yun,LastName:Zhang] [ForeName:Xiuling,LastName:Shang] [ForeName:Shuwen,LastName:Liu] [ForeName:Jifu,LastName:Wen] [ForeName:Tingyi,LastName:Wen]
25545362	Long-chain alkane production by the yeast Saccharomyces cerevisiae.	In the past decade industrial-scale production of renewable transportation biofuels has been developed as an alternative to fossil fuels, with ethanol as the most prominent biofuel and yeast as the production organism of choice. However, ethanol is a less efficient substitute fuel for heavy-duty and maritime transportation as well as aviation due to its low energy density. Therefore, new types of biofuels, such as alkanes, are being developed that can be used as drop-in fuels and can substitute gasoline, diesel, and kerosene. Here, we describe for the first time the heterologous biosynthesis of long-chain alkanes by the yeast Saccharomyces cerevisiae. We show that elimination of the hexadecenal dehydrogenase Hfd1 and expression of a redox system are essential for alkane biosynthesis in yeast. Deletion of HFD1 together with expression of an alkane biosynthesis pathway resulted in the production of the alkanes tridecane, pentadecane, and heptadecane. Our study provides a proof of principle for producing long-chain alkanes in the industrial workhorse S. cerevisiae, which was so far limited to bacteria. We anticipate that these findings will be a key factor for further yeast engineering to enable industrial production of alkane based drop-in biofuels, which can allow the biofuel industry to diversify beyond bioethanol.	Biotechnology and bioengineering	2015		10.1002/bit.25522	Journal Article,Research Support, Non-U.S. Gov't,	[ForeName:Nicolaas A,LastName:Buijs] [ForeName:Yongjin J,LastName:Zhou] [ForeName:Verena,LastName:Siewers] [ForeName:Jens,LastName:Nielsen]
25592762	High crude violacein production from glucose by Escherichia coli engineered with interactive control of tryptophan pathway and violacein biosynthetic pathway.	As bacteria-originated crude violacein, a natural indolocarbazole product, consists of violacein and deoxyviolacein, and can potentially be a new type of natural antibiotics, the reconstruction of an effective metabolic pathway for crude violacein (violacein and deoxyviolacein mixture) synthesis directly from glucose in Escherichia coli was of importance for developing industrial production process.	Microbial cell factories	2015	4306242.0	10.1186/s12934-015-0192-x	Journal Article,Research Support, Non-U.S. Gov't,	[ForeName:Ming-Yue,LastName:Fang] [ForeName:Chong,LastName:Zhang] [ForeName:Song,LastName:Yang] [ForeName:Jin-Yu,LastName:Cui] [ForeName:Pei-Xia,LastName:Jiang] [ForeName:Kai,LastName:Lou] [ForeName:Masaaki,LastName:Wachi] [ForeName:Xin-Hui,LastName:Xing]
25542851	Dynamic knockdown of E. coli central metabolism for redirecting fluxes of primary metabolites.	Control of native enzyme levels is important when optimizing strains for overproduction of heterologous compounds. However, for many central metabolic enzymes, static knockdown results in poor growth and protein expression. We have developed a strategy for dynamically modulating the abundance of native enzymes within the host cell and applied this to a model system for myo-inositol production from glucose. This system relies on controlled degradation of a key glycolytic enzyme, phosphofructokinase-I (Pfk-I). Through tuning Pfk-I levels, we have been able to develop an Escherichia coli strain with a growth mode close to wild type and a production mode with an increased glucose-6-phosphate pool available for conversion into myo-inositol. The switch to production mode is trigged by inducer addition, allowing yield, titer, and productivity to be managed through induction time. By varying the time of Pfk-I degradation, we were able to achieve a two-fold improvement in yield and titers of myo-inositol.	Metabolic engineering	2015	4355230.0	10.1016/j.ymben.2014.12.005	Journal Article,Research Support, N.I.H., Extramural,Research Support, U.S. Gov't, Non-P.H.S.,	[ForeName:Irene M,LastName:Brockman] [ForeName:Kristala L J,LastName:Prather]
24954784	Engineering E. coli for the biosynthesis of 3-hydroxy-γ-butyrolactone (3HBL) and 3,4-dihydroxybutyric acid (3,4-DHBA) as value-added chemicals from glucose as a sole carbon source.	3-hydroxy-γ-butyrolactone (3HBL) is a versatile chiral synthon, deemed a top value-added chemical from biomass by the DOE. We recently reported the first biosynthetic pathway towards 3HBL and its hydrolyzed form, 3,4-dihydroxybutyric acid (3,4-DHBA) in recombinant Escherichia coli using glucose and glycolic acid as feedstocks and briefly described their synthesis solely from glucose. Synthesis from glucose requires integration of the endogenous glyoxylate shunt with the 3,4-DHBA/3HBL pathway and co-overexpression of seven genes, posing challenges with respect to expression, repression of the glyoxylate shunt and optimal carbon distribution between the two pathways. Here we discuss engineering this integration. While appropriate media and over-expression of glyoxylate shunt enzymes helped overcome repression, two orthogonal expression systems were employed to address the expression and carbon distribution challenge. Synthesis of up to 0.3g/L of 3HBL and 0.7g/L of 3,4-DHBA solely from glucose was demonstrated, amounting to 24% of the theoretical maximum.	Metabolic engineering	2014		10.1016/j.ymben.2014.06.004	Journal Article,Research Support, Non-U.S. Gov't,Research Support, U.S. Gov't, Non-P.H.S.,	[ForeName:Himanshu,LastName:Dhamankar] [ForeName:Yekaterina,LastName:Tarasova] [ForeName:Collin H,LastName:Martin] [ForeName:Kristala L J,LastName:Prather]
25638687	Integrated engineering of β-oxidation reversal and ω-oxidation pathways for the synthesis of medium chain ω-functionalized carboxylic acids.	An engineered reversal of the β-oxidation cycle was exploited to demonstrate its utility for the synthesis of medium chain (6-10-carbons) ω-hydroxyacids and dicarboxylic acids from glycerol as the only carbon source. A redesigned β-oxidation reversal facilitated the production of medium chain carboxylic acids, which were converted to ω-hydroxyacids and dicarboxylic acids by the action of an engineered ω-oxidation pathway. The selection of a key thiolase (bktB) and thioesterase (ydiI) in combination with previously established core β-oxidation reversal enzymes, as well as the development of chromosomal expression systems for the independent control of pathway enzymes, enabled the generation of C6-C10 carboxylic acids and provided a platform for vector based independent expression of ω-functionalization enzymes. Using this approach, the expression of the Pseudomonas putida alkane monooxygenase system, encoded by alkBGT, in combination with all β-oxidation reversal enzymes resulted in the production of 6-hydroxyhexanoic acid, 8-hydroxyoctanoic acid, and 10-hydroxydecanoic acid. Following identification and characterization of potential alcohol and aldehyde dehydrogenases, chnD and chnE from Acinetobacter sp. strain SE19 were expressed in conjunction with alkBGT to demonstrate the synthesis of the C6-C10 dicarboxylic acids, adipic acid, suberic acid, and sebacic acid. The potential of a β-oxidation cycle with ω-oxidation termination pathways was further demonstrated through the production of greater than 0.8 g/L C6-C10 ω-hydroxyacids or about 0.5 g/L dicarboxylic acids of the same chain lengths from glycerol (an unrelated carbon source) using minimal media.	Metabolic engineering	2015		10.1016/j.ymben.2015.01.007	Journal Article,Research Support, Non-U.S. Gov't,	[ForeName:James M,LastName:Clomburg] [ForeName:Matthew D,LastName:Blankschien] [ForeName:Jacob E,LastName:Vick] [ForeName:Alexander,LastName:Chou] [ForeName:Seohyoung,LastName:Kim] [ForeName:Ramon,LastName:Gonzalez]
12889033	Expression of galP and glk in a Escherichia coli PTS mutant restores glucose transport and increases glycolytic flux to fermentation products.	In Escherichia coli, the uptake and phosphorylation of glucose is carried out mainly by the phosphotransferase system (PTS). Despite the efficiency of glucose transport by PTS, the required consumption of 1 mol of phosphoenolpyruvate (PEP) for each mol of internalized glucose represents a drawback for some biotechnological applications where PEP is a precursor of the desired product. For this reason, there is considerable interest in the generation of strains that can transport glucose efficiently by a non-PTS mechanism. The purpose of this work was to study the effect of different gene expression levels, of galactose permease (GalP) and glucokinase (Glk), on glucose internalization and phosphorylation in a E. coli PTS(-) strain. The W3110 PTS(-), designated VH32, showed limited growth on glucose with a specific growth rate (mu) of 0.03 h(-1). A low copy plasmid family was constructed containing E. coli galP and glk genes, individually or combined, under the control of a trc-derived promoter set. This plasmid family was used to transform the VH32 strain, each plasmid having different levels of expression of galP and glk. Experiments in minimal medium with glucose showed that expression of only galP under the control of a wild-type trc promoter resulted in a mu of 0.55 h(-1), corresponding to 89% of the mu measured for W3110 (0.62 h(-1)). In contrast, no increase in specific growth rate (mu) was observed in VH32 with a plasmid expressing only glk from the same promoter. Strains transformed with part of the plasmid family, containing both galP and glk genes, showed a mu value similar to that of W3110. Fermentor experiments with the VH32 strain harboring plasmids pv1Glk1GalP, pv4Glk5GalP, and pv5Glk5GalP showed that specific acetate productivity was twofold higher than in W3110. Introduction of plasmid pLOI1594, coding for pyruvate decarboxylase and alcohol dehydrogenase from Zymomonas mobilis, to strain VH32 carrying one of the plasmids with galP and glk caused a twofold increase in ethanol productivity over strain W3110, also containing pLOI1594.	Biotechnology and bioengineering	2003		10.1002/bit.10702	Journal Article,Research Support, Non-U.S. Gov't,	[ForeName:Verónica,LastName:Hernández-Montalvo] [ForeName:Alfredo,LastName:Martínez] [ForeName:Georgina,LastName:Hernández-Chavez] [ForeName:Francisco,LastName:Bolivar] [ForeName:Fernando,LastName:Valle] [ForeName:Guillermo,LastName:Gosset]
25475893	Sequential control of biosynthetic pathways for balanced utilization of metabolic intermediates in Saccharomyces cerevisiae.	Balanced utilization of metabolic intermediates and controllable expression of genes in biosynthetic pathways are key issues for the effective production of value-added chemicals in microbes. An inducer/repressor-free sequential control strategy regulated by glucose concentration in the growth environment was proposed to address these issues, and its efficiency was validated using heterologous beta-carotenoid biosynthesis in Saccharomyces cerevisiae as an example. Through sequential control of the downstream, upstream, and competitive pathways of farnesyl diphosphate (FPP), the crucial metabolic node in the biosynthesis of terpenoids, in a predetermined order, a carotenoid production of 1156 mg/L (20.79 mg/g DCW) was achieved by high-cell density fermentation. Quantitative PCR analysis of the regulated genes demonstrated that the transcription patterns were controlled in a sequential manner as expected. The inducer/repressor-free nature of this strategy offers a both practical and economically efficient approach to improved biosynthetic production of value-added chemicals.	Metabolic engineering	2015		10.1016/j.ymben.2014.11.007	Journal Article,Research Support, Non-U.S. Gov't,	[ForeName:Wenping,LastName:Xie] [ForeName:Lidan,LastName:Ye] [ForeName:Xiaomei,LastName:Lv] [ForeName:Haoming,LastName:Xu] [ForeName:Hongwei,LastName:Yu]
25490349	Systematically engineering Escherichia coli for enhanced production of 1,2-propanediol and 1-propanol.	The biological production of high value commodity 1,2-propanediol has been established by engineering the glycolysis pathway. However, the simultaneous achievement of high titer and high yield has not been reported yet, as all efforts in increasing the titer have resulted in low yields. In this work, we overcome this limitation by employing an optimal minimal set of enzymes, channeling the carbon flux into the 1,2-propanediol pathway, increasing NADH availability, and improving the anaerobic growth of the engineered Escherichia coli strain by developing a cell adaptation method. These efforts lead to 1,2-propanediol production at a titer of 5.13 g/L with a yield of 0.48 g/g glucose in 20 mL shake flask studies. On this basis, we pursue the enhancement of 1-propanol production from the 1,2-propanediol platform. By constructing a fusion diol dehydratase and developing a dual strain process, we achieve a 1-propanol titer of 2.91 g/L in 20 mL shake flask studies. To summarize, we report the production of 1,2-propanediol at enhanced titer and enhanced yield simultaneously in E. coli for the first time. Furthermore, we establish an efficient system for the production of biofuel 1-propanol biologically.	ACS synthetic biology	2015		10.1021/sb500345t	Journal Article,Research Support, Non-U.S. Gov't,Research Support, U.S. Gov't, Non-P.H.S.,	[ForeName:Rachit,LastName:Jain] [ForeName:Xinxiao,LastName:Sun] [ForeName:Qipeng,LastName:Yuan] [ForeName:Yajun,LastName:Yan]
25498547	Reconstructing the chemical diversity of labdane-type diterpene biosynthesis in yeast.	Terpenes are a large class of natural products, many of which are used in cosmetics, pharmaceuticals, or biofuels. However, terpene's industrial application is frequently hindered by limited availability of natural sources or low yields of chemical synthesis. In this report, we developed a modular platform based on standardized and exchangeable parts to reproduce and potentially expand the diversity of terpene structures in Saccharomyces cerevisiae. By combining different module-specific parts, we exploited the substrate promiscuity of class I diterpene synthases to produce an array of labdane-type scaffolds. These were subsequently modified by a scaffold decoration module consisting of a mutant library of a promiscuous cytochrome P450 to afford a range of hydroxylated diterpenes. Further P450 protein engineering yielded dedicated and efficient catalysts for specific products. Terpenes produced include precursors of pharmacologically important compounds, molecules that are difficult to obtain from natural sources, or new natural products. The approach described here provides a platform on which additional gene mining, combinatorial biosynthesis, and protein engineering efforts can be integrated to sustainably explore the terpene chemical space.	Metabolic engineering	2015		10.1016/j.ymben.2014.12.001	Journal Article,Research Support, Non-U.S. Gov't,	[ForeName:Codruta,LastName:Ignea] [ForeName:Efstathia,LastName:Ioannou] [ForeName:Panagiota,LastName:Georgantea] [ForeName:Sofia,LastName:Loupassaki] [ForeName:Fotini A,LastName:Trikka] [ForeName:Angelos K,LastName:Kanellis] [ForeName:Antonios M,LastName:Makris] [ForeName:Vassilios,LastName:Roussis] [ForeName:Sotirios C,LastName:Kampranis]
14642352	Genetic engineering of Escherichia coli for production of tetrahydrobiopterin.	Tetrahydrobiopterin (BH4) is an essential cofactor for various enzymes in mammals. In vivo, it is synthesized from GTP via the three-step pathway of GTP cyclohydrolase I (GCHI), 6-pyruvoyl-tetrahydropterin synthase (PTPS) and sepiapterin reductase (SPR). BH4 is a medicine used to treat atypical hyperphenylalaninemia. It is currently synthesized by chemical means, which consists of many steps, and requires costly materials and complicated procedures. To explore an alternative microbial method for BH4 production, we utilized recombinant DNA technology to construct recombinant Escherichia coli (E. coli) strains carrying genes expressing GCHI, PTPS and SPR enzymes. These strains successfully produced BH4, which was detected as dihydrobiopterin and biopterin, oxidation products of BH4. In order to increase BH4 productivity we made further improvements. First, to increase the de novo GTP supply, an 8-azaguanine resistant mutant was isolated and an additional guaBA operon was introduced. Second, to augment the activity of GCHI, the folE gene from E. coli was replaced by the mtrA gene from Bacillus subtilis. These modifications provided us with a strain showing significantly higher productivity, up to 4.0 g of biopterin/L of culture broth. The results suggest the possibility of commercial BH4 production by our method.	Metabolic engineering	2003		10.1016/s1096-7176(03)00046-6	Evaluation Study,Journal Article,	[ForeName:Katsuhiko,LastName:Yamamoto] [ForeName:Eri,LastName:Kataoka] [ForeName:Nobue,LastName:Miyamoto] [ForeName:Kazuaki,LastName:Furukawa] [ForeName:Kazuhiro,LastName:Ohsuye] [ForeName:Masayuki,LastName:Yabuta]
25275944	Precursor-directed biosynthesis of 5-hydroxytryptophan using metabolically engineered E. coli.	A novel biosynthetic pathway was designed and verified reversely leading to the production of 5-hydroxytryptophan (5-HTP) from glucose. This pathway takes advantage of the relaxed substrate selectivities of relevant enzymes without employing the unstable tryptophan 5-hydroxylase. First, high-titer of 5-HTP was produced from 5-hydroxyanthranilate (5-HI) by the catalysis of E. coli TrpDCBA. Then, a novel salicylate 5-hydroxylase was used to convert the non-natural substrate anthranilate to 5-HI. After that, the production of 5-HI from glucose was achieved and optimized with modular optimization. In the end, we combined the full pathway and adopted a two-stage strategy to realize the de novo production of 5-HTP. This work demonstrated the application of enzyme promiscuity in non-natural pathway design.	ACS synthetic biology	2015		10.1021/sb500303q	Journal Article,Research Support, Non-U.S. Gov't,	[ForeName:Xinxiao,LastName:Sun] [ForeName:Yuheng,LastName:Lin] [ForeName:Qipeng,LastName:Yuan] [ForeName:Yajun,LastName:Yan]
16612385	Production of the antimalarial drug precursor artemisinic acid in engineered yeast.	Malaria is a global health problem that threatens 300-500 million people and kills more than one million people annually. Disease control is hampered by the occurrence of multi-drug-resistant strains of the malaria parasite Plasmodium falciparum. Synthetic antimalarial drugs and malarial vaccines are currently being developed, but their efficacy against malaria awaits rigorous clinical testing. Artemisinin, a sesquiterpene lactone endoperoxide extracted from Artemisia annua L (family Asteraceae; commonly known as sweet wormwood), is highly effective against multi-drug-resistant Plasmodium spp., but is in short supply and unaffordable to most malaria sufferers. Although total synthesis of artemisinin is difficult and costly, the semi-synthesis of artemisinin or any derivative from microbially sourced artemisinic acid, its immediate precursor, could be a cost-effective, environmentally friendly, high-quality and reliable source of artemisinin. Here we report the engineering of Saccharomyces cerevisiae to produce high titres (up to 100 mg l(-1)) of artemisinic acid using an engineered mevalonate pathway, amorphadiene synthase, and a novel cytochrome P450 monooxygenase (CYP71AV1) from A. annua that performs a three-step oxidation of amorpha-4,11-diene to artemisinic acid. The synthesized artemisinic acid is transported out and retained on the outside of the engineered yeast, meaning that a simple and inexpensive purification process can be used to obtain the desired product. Although the engineered yeast is already capable of producing artemisinic acid at a significantly higher specific productivity than A. annua, yield optimization and industrial scale-up will be required to raise artemisinic acid production to a level high enough to reduce artemisinin combination therapies to significantly below their current prices.	Nature	2006		10.1038/nature04640	Journal Article,Research Support, Non-U.S. Gov't,Research Support, U.S. Gov't, Non-P.H.S.,	[ForeName:Dae-Kyun,LastName:Ro] [ForeName:Eric M,LastName:Paradise] [ForeName:Mario,LastName:Ouellet] [ForeName:Karl J,LastName:Fisher] [ForeName:Karyn L,LastName:Newman] [ForeName:John M,LastName:Ndungu] [ForeName:Kimberly A,LastName:Ho] [ForeName:Rachel A,LastName:Eachus] [ForeName:Timothy S,LastName:Ham] [ForeName:James,LastName:Kirby] [ForeName:Michelle C Y,LastName:Chang] [ForeName:Sydnor T,LastName:Withers] [ForeName:Yoichiro,LastName:Shiba] [ForeName:Richmond,LastName:Sarpong] [ForeName:Jay D,LastName:Keasling]
26058953	A systematic analysis of TCA Escherichia coli mutants reveals suitable genetic backgrounds for enhanced hydrogen and ethanol production using glycerol as main carbon source.	Biodiesel has emerged as an environmentally friendly alternative to fossil fuels; however, the low price of glycerol feed-stocks generated from the biodiesel industry has become a burden to this industry. A feasible alternative is the microbial biotransformation of waste glycerol to hydrogen and ethanol. Escherichia coli, a microorganism commonly used for metabolic engineering, is able to biotransform glycerol into these products. Nevertheless, the wild type strain yields can be improved by rewiring the carbon flux to the desired products by genetic engineering. Due to the importance of the central carbon metabolism in hydrogen and ethanol synthesis, E. coli single null mutant strains for enzymes of the TCA cycle and other related reactions were studied in this work. These strains were grown anaerobically in a glycerol-based medium and the concentrations of ethanol, glycerol, succinate and hydrogen were analysed by HPLC and GC. It was found that the reductive branch is the more relevant pathway for the aim of this work, with malate playing a central role. It was also found that the putative C4-transporter dcuD mutant improved the target product yields. These results will contribute to reveal novel metabolic engineering strategies for improving hydrogen and ethanol production by E. coli.	Biotechnology journal	2015		10.1002/biot.201500005	Journal Article,Research Support, Non-U.S. Gov't,	[ForeName:Antonio,LastName:Valle] [ForeName:Gema,LastName:Cabrera] [ForeName:Howbeer,LastName:Muhamadali] [ForeName:Drupad K,LastName:Trivedi] [ForeName:Nicholas J W,LastName:Ratray] [ForeName:Royston,LastName:Goodacre] [ForeName:Domingo,LastName:Cantero] [ForeName:Jorge,LastName:Bolivar]
24271564	Engineering an isoprenoid pathway in Escherichia coli for production of 2-methyl-3-buten-2-ol: a potential biofuel.	2-Methyl-3-buten-2-ol (MBO) is a natural volatile 5-carbon alcohol produced by several pine species that have the potential to be used as biofuel. MBO has a high energy content making it superior to ethanol in terms of energy output, and due to its volatility and lower solubility in water, MBO is easier to recover than ethanol. Pine's MBO synthase enzyme utilizes the intermediate dimethylallyl pyrophosphate (DMAPP) produced by the methyl-erythritol-4-phosphate isoprenoid pathway for the production of MBO. In this study, we performed metabolic engineering of Escherichia coli to express an alternate mevalonate dependent pathway for production of DMAPP, along with a codon optimized Pinus sabiniana MBO synthase gene. This heterologous expressed pathway carried out the conversion of an acetyl CoA precursor to DMAPP leading to production of MBO.	Molecular biotechnology	2014		10.1007/s12033-013-9721-1	Journal Article,Research Support, N.I.H., Extramural,Research Support, Non-U.S. Gov't,	[ForeName:Dinesh,LastName:Gupta] [ForeName:Michael L,LastName:Summers] [ForeName:Chhandak,LastName:Basu]
26016674	Metabolic engineering of a tyrosine-overproducing yeast platform using targeted metabolomics.	L-tyrosine is a common precursor for a wide range of valuable secondary metabolites, including benzylisoquinoline alkaloids (BIAs) and many polyketides. An industrially tractable yeast strain optimized for production of L-tyrosine could serve as a platform for the development of BIA and polyketide cell factories. This study applied a targeted metabolomics approach to evaluate metabolic engineering strategies to increase the availability of intracellular L-tyrosine in the yeast Saccharomyces cerevisiae CEN.PK. Our engineering strategies combined localized pathway engineering with global engineering of central metabolism, facilitated by genome-scale steady-state modelling.	Microbial cell factories	2015	4458059.0	10.1186/s12934-015-0252-2	Journal Article,Research Support, Non-U.S. Gov't,	[ForeName:Nicholas D,LastName:Gold] [ForeName:Christopher M,LastName:Gowen] [ForeName:Francois-Xavier,LastName:Lussier] [ForeName:Sarat C,LastName:Cautha] [ForeName:Radhakrishnan,LastName:Mahadevan] [ForeName:Vincent J J,LastName:Martin]
25726762	Selective retinol production by modulating the composition of retinoids from metabolically engineered E. coli.	Retinoids can be produced from E. coli when introduced with the β-carotene biosynthesis pathway and the BCMO gene. E. coli has no inherent metabolic pathways related to retinoids, therefore only retinal should be produced from the cleavage of β-carotene by BCMO. However, retinol and retinyl acetate were also produced in significant amounts, by the non-specific activity of inherent promiscuous enzymes or the antibiotic resistance marker of the retinal-producing plasmids. Retinol was produced by the ybbO gene of E. coli which encodes oxidoreductase and retinyl acetate was produced by the chloramphenicol resistance gene, called cat gene which encodes chloramphenicol acetyltransferase, present within the pS-NA plasmid that also contains the mevalonate pathway. The composition of retinoids could be modulated by manipulating the relevant genes. The composition of retinol, a commercially important retinoid, was significantly increased by the overexpression of ybbO gene and the removal of cat gene in the recombinant E. coli, which suggests the possibility of selective retinoid production in the future.	Biotechnology and bioengineering	2015		10.1002/bit.25577	Journal Article,Research Support, Non-U.S. Gov't,	[ForeName:Hui-Jeong,LastName:Jang] [ForeName:Bo-Kyung,LastName:Ha] [ForeName:Jia,LastName:Zhou] [ForeName:Jiyoon,LastName:Ahn] [ForeName:Sang-Hwal,LastName:Yoon] [ForeName:Seon-Won,LastName:Kim]
26216972	Reconstitution of TCA cycle with DAOCS to engineer Escherichia coli into an efficient whole cell catalyst of penicillin G.	Many medically useful semisynthetic cephalosporins are derived from 7-aminodeacetoxycephalosporanic acid (7-ADCA), which has been traditionally made by the polluting chemical method. Here, a whole-cell biocatalytic process based on an engineered Escherichia coli strain expressing 2-oxoglutarate-dependent deacetoxycephalosporin C synthase (DAOCS) for converting penicillin G to G-7-ADCA is developed. The major engineering strategy is to reconstitute the tricarboxylic acid (TCA) cycle of E. coli to force the metabolic flux to go through DAOCS catalyzed reaction for 2-oxoglutarate to succinate conversion. Then the glyoxylate bypass was disrupted to eliminate metabolic flux that may circumvent the reconstituted TCA cycle. Additional engineering steps were taken to reduce the degradation of penicillin G and G-7-ADCA in the bioconversion process. These steps include engineering strategies to reduce acetate accumulation in the biocatalytic process and to knock out a host β-lactamase involved in the degradation of penicillin G and G-7-ADCA. By combining these manipulations in an engineered strain, the yield of G-7-ADCA was increased from 2.50 ± 0.79 mM (0.89 ± 0.28 g/L, 0.07 ± 0.02 g/gDCW) to 29.01 ± 1.27 mM (10.31 ± 0.46 g/L, 0.77 ± 0.03 g/gDCW) with a conversion rate of 29.01 mol%, representing an 11-fold increase compared with the starting strain (2.50 mol%).	Proceedings of the National Academy of Sciences of the United States of America	2015	4538657.0	10.1073/pnas.1502866112	Journal Article,Research Support, Non-U.S. Gov't,	[ForeName:Baixue,LastName:Lin] [ForeName:Keqiang,LastName:Fan] [ForeName:Jian,LastName:Zhao] [ForeName:Junjie,LastName:Ji] [ForeName:Linjun,LastName:Wu] [ForeName:Keqian,LastName:Yang] [ForeName:Yong,LastName:Tao]
25596509	A synthetic suicide riboswitch for the high-throughput screening of metabolite production in Saccharomyces cerevisiae.	Artificial devices such as the synthetic riboswitch have shown potential to introduce unnatural phenotypic perturbation because its synthetic traits are distinct from that of innate metabolism. In this study, a riboswitch, a small regulatory element found in RNAs, was employed to reprogram microorganisms to produce valuable metabolites. A self-cleaving ribozyme glmS, found in gram-positive bacteria, cleaves its own transcript in response to the intracellular glucosamine 6-phosphate (GlcN6P) concentration. The glmS ribozyme was integrated into the 3'-untranslated region of FCY1, which encodes cytosine deaminase in Saccharomyces cerevisiae to construct a suicide riboswitch for evolutionary engineering. Growth of the strain harboring the suicide riboswitch was hampered by the addition of fluorocytosine, and was recovered as metabolite level increased. By using this riboswitch, we isolated a N-acetyl glucosamine (GlcNAc) producer strain by screening an efficient glutamine-fructose-6-phosphate transaminase (Gfa1p) and haloacid dehalogenase-like phosphatases (HAD phosphatases) originated from Escherichia coli. The suicide riboswitch was also applied to different metabolite by using artificial allosteric ribozyme. Since the mechanisms used in this work are universal in microorganisms, our synthetic suicide riboswitch can be applied to a wide range of organisms and can be exploited to the efficient and high-throughput screening of inconspicuous phenotypes.	Metabolic engineering	2015		10.1016/j.ymben.2015.01.004	Journal Article,Research Support, Non-U.S. Gov't,	[ForeName:Sang-Woo,LastName:Lee] [ForeName:Min-Kyu,LastName:Oh]
17693564	Identification of isopentenol biosynthetic genes from Bacillus subtilis by a screening method based on isoprenoid precursor toxicity.	We have developed a novel method to clone terpene synthase genes. This method relies on the inherent toxicity of the prenyl diphosphate precursors to terpenes, which resulted in a reduced-growth phenotype. When these precursors were consumed by a terpene synthase, normal growth was restored. We have demonstrated that this method is capable of enriching a population of engineered Escherichia coli for those clones that express the sesquiterpene-producing amorphadiene synthase. In addition, we enriched a library of genomic DNA from the isoprene-producing bacterium Bacillus subtilis strain 6,051 in E. coli engineered to produce elevated levels of isopentenyl diphosphate and dimethylallyl diphosphate. The selection resulted in the discovery of two genes (yhfR and nudF) whose protein products acted directly on the prenyl diphosphate precursors and produced isopentenol. Expression of nudF in E. coli engineered with the mevalonate-based isopentenyl pyrophosphate biosynthetic pathway resulted in the production of isopentenol.	Applied and environmental microbiology	2007	2075014.0	10.1128/AEM.00861-07	Journal Article,Research Support, Non-U.S. Gov't,Research Support, U.S. Gov't, Non-P.H.S.,	[ForeName:Sydnor T,LastName:Withers] [ForeName:Shayin S,LastName:Gottlieb] [ForeName:Bonny,LastName:Lieu] [ForeName:Jack D,LastName:Newman] [ForeName:Jay D,LastName:Keasling]
23820824	Metabolic engineering of Escherichia coli for biosynthesis of D-galactonate.	D-galactose is an attractive substrate for bioconversion. Herein, Escherichia coli was metabolically engineered to convert D-galactose into D-galactonate, a valuable compound in the polymer and cosmetic industries. D-galactonate productions by engineered E. coli strains were observed in shake flask cultivations containing 2 g L(-1) D-galactose. Engineered E. coli expressing gld coding for galactose dehydrogenase from Pseudomonas syringae was able to produce 0.17 g L(-1) D-galactonate. Inherent metabolic pathways for assimilating both D-galactose and D-galactonate were blocked to enhance the production of D-galactonate. This approach finally led to a 7.3-fold increase with D-galactonate concentration of 1.24 g L(-1) and yield of 62.0 %. Batch fermentation in 20 g L(-1) D-galactose of E. coli ∆galK∆dgoK mutant expressing the gld resulted in 17.6 g L(-1) of D-galactonate accumulation and highest yield of 88.1 %. Metabolic engineering strategy developed in this study could be useful for industrial production of D-galactonate.	Bioprocess and biosystems engineering	2014		10.1007/s00449-013-1003-6	Journal Article,Research Support, Non-U.S. Gov't,	[ForeName:Huaiwei,LastName:Liu] [ForeName:Kristine Rose M,LastName:Ramos] [ForeName:Kris Niño G,LastName:Valdehuesa] [ForeName:Grace M,LastName:Nisola] [ForeName:Lenny B,LastName:Malihan] [ForeName:Won-Keun,LastName:Lee] [ForeName:Si Jae,LastName:Park] [ForeName:Wook-Jin,LastName:Chung]
25865277	Construction of CoA-dependent 1-butanol synthetic pathway functions under aerobic conditions in Escherichia coli.	1-Butanol is an important industrial platform chemical and an advanced biofuel. While various groups have attempted to construct synthetic pathways for 1-butanol production, efforts to construct a pathway that functions under aerobic conditions have met with limited success. Here, we constructed a CoA-dependent 1-butanol synthetic pathway that functions under aerobic conditions in Escherichia coli, by expanding the previously reported (R)-1,3-butanediol synthetic pathway. The pathway consists of phaA (acetyltransferase) and phaB (NADPH-dependent acetoacetyl-CoA reductase) from Ralstonia eutropha, phaJ ((R)-specific enoyl-CoA hydratase) from Aeromonas caviae, ter (trans-enoyl-CoA reductase) from Treponema denticola, bld (butylraldehyde dehydrogenase) from Clostridium saccharoperbutylacetonicum, and inherent alcohol dehydrogenase(s) from E. coli. To evaluate the potential of this pathway for 1-butanol production, culture conditions, including volumetric oxygen transfer coefficient (kLa) and pH were optimized in a mini-jar fermenter. Under optimal conditions, 1-butanol was produced at a concentration of up to 8.60gL(-1) after 46h of fed-batch cultivation.	Journal of biotechnology	2015		10.1016/j.jbiotec.2015.03.027	Journal Article,Research Support, Non-U.S. Gov't,	[ForeName:Naoya,LastName:Kataoka] [ForeName:Alisa S,LastName:Vangnai] [ForeName:Thunyarat,LastName:Pongtharangkul] [ForeName:Takahisa,LastName:Tajima] [ForeName:Toshiharu,LastName:Yakushi] [ForeName:Kazunobu,LastName:Matsushita] [ForeName:Junichi,LastName:Kato]
25769287	Rational design of a synthetic Entner-Doudoroff pathway for improved and controllable NADPH regeneration.	NADPH is an essential cofactor for the biosynthesis of several high-value chemicals, including isoprenoids, fatty acid-based fuels, and biopolymers. Tunable control over all potentially rate-limiting steps, including the NADPH regeneration rate, is crucial to maximizing production titers. We have rationally engineered a synthetic version of the Entner-Doudoroff pathway from Zymomonas mobilis that increased the NADPH regeneration rate in Escherichia coli MG1655 by 25-fold. To do this, we combined systematic design rules, biophysical models, and computational optimization to design synthetic bacterial operons expressing the 5-enzyme pathway, while eliminating undesired genetic elements for maximum expression control. NADPH regeneration rates from genome-integrated pathways were estimated using a NADPH-binding fluorescent reporter and by the productivity of a NADPH-dependent terpenoid biosynthesis pathway. We designed and constructed improved pathway variants by employing the RBS Library Calculator to efficiently search the 5-dimensional enzyme expression space and by performing 40 cycles of MAGE for site-directed genome mutagenesis. 624 pathway variants were screened using a NADPH-dependent blue fluorescent protein, and 22 were further characterized to determine the relationship between enzyme expression levels and NADPH regeneration rates. The best variant exhibited 25-fold higher normalized mBFP levels when compared to wild-type strain. Combining the synthetic Entner-Doudoroff pathway with an optimized terpenoid pathway further increased the terpenoid titer by 97%.	Metabolic engineering	2015		10.1016/j.ymben.2015.03.001	Journal Article,Research Support, U.S. Gov't, Non-P.H.S.,	[ForeName:Chiam Yu,LastName:Ng] [ForeName:Iman,LastName:Farasat] [ForeName:Costas D,LastName:Maranas] [ForeName:Howard M,LastName:Salis]
25205019	Construction of a chimeric biosynthetic pathway for the de novo biosynthesis of rosmarinic acid in Escherichia coli.	Hydroxycinnamic acid esters (HCEs) are widely-distributed phenylpropanoid-derived plant natural products. Rosmarinic acid (RA), the most well-known HCE, shows promise as a treatment for cancer and neurological disorders. In contrast to extraction from plant material or plant cell culture, microbial production of HCEs could be a sustainable, controlled means of production. Through the overexpression of a six-enzyme chimeric bacterial and plant pathway, we show the de novo biosynthesis of RA, and the related HCE isorinic acid (IA), in Escherichia coli. Probing the pathway through precursor supplementation showed several potential pathway bottlenecks. We demonstrated HCE biosynthesis using three plant rosmarinic acid synthase (RAS) orthologues, which exhibited different levels of HCE biosynthesis but produced the same ratio of IA to RA. This work serves as a proof-of-concept for a microbial production platform for HCEs by using a modular biosynthetic approach to access diverse natural and non-natural HCEs.	Chembiochem : a European journal of chemical biology	2014	4264569.0	10.1002/cbic.201402275	Journal Article,Research Support, N.I.H., Extramural,Research Support, Non-U.S. Gov't,	[ForeName:Sarah E,LastName:Bloch] [ForeName:Claudia,LastName:Schmidt-Dannert]
9603997	Identification of genes affecting lycopene formation in Escherichia coli transformed with carotenoid biosynthetic genes: candidates for early genes in isoprenoid biosynthesis.	Although isopentenyl diphosphate is a precursor of isoprenoids in Escherichia coli, the genes and enzymes involved in its biosynthesis have not been identified. Thus, we tried to isolate E. coli mutants deficient in the biosynthesis and their complementary genes by use of an artificial phenotypic screening system employing three carotenoid biosynthetic genes, crtE, crtB, and crtI. Cells were mutagenized with ethylmethanesulfonate, then transformed with a plasmid for expression of the carotenogenic genes. Mutants deficient in biosynthesis of isopentenyl diphosphate were expected to form white colonies, because they are unable to produce enough lycopene, whereas wild-type cells form red colonies. Among large numbers of red colonies, we identified 117 white colonies. Next, we transformed each mutant with an E. coli genomic library. Twenty-nine complementary genes that restore red color of host colonies were isolated. A homology search and further complementation study using subcloned genes revealed that the true complementary genes encode isopentenyl diphosphate isomerase, subunits of ATP synthase, enzymes of the Krebs cycle, some aldehyde dehydrogenases, phosphate acetyltransferase, and enzymes which relate to the biosynthesis of ubiquinones and menaquinones. Two unknown genes were also found, designated elb1 and 2, which may be involved in the early steps of isoprenoid biosynthesis.	Journal of biochemistry	1998		10.1093/oxfordjournals.jbchem.a022047	Journal Article,	[ForeName:H,LastName:Hemmi] [ForeName:S,LastName:Ohnuma] [ForeName:K,LastName:Nagaoka] [ForeName:T,LastName:Nishino]
25765308	Heterologous production of caffeic acid from tyrosine in Escherichia coli.	Caffeic acid is a plant secondary metabolite and its biological synthesis has attracted increased attention due to its beneficial effects on human health. In this study, Escherichia coli was engineered for the production of caffeic acid using tyrosine as the initial precursor of the pathway. The pathway design included tyrosine ammonia lyase (TAL) from Rhodotorula glutinis to convert tyrosine to p-coumaric acid and 4-coumarate 3-hydroxylase (C3H) from Saccharothrix espanaensis or cytochrome P450 CYP199A2 from Rhodopseudomonas palustris to convert p-coumaric acid to caffeic acid. The genes were codon-optimized and different combinations of plasmids were used to improve the titer of caffeic acid. TAL was able to efficiently convert 3mM of tyrosine to p-coumaric acid with the highest production obtained being 2.62mM (472mg/L). CYP199A2 exhibited higher catalytic activity towards p-coumaric acid than C3H. The highest caffeic acid production obtained using TAL and CYP199A2 and TAL and C3H was 1.56mM (280mg/L) and 1mM (180mg/L), respectively. This is the first study that shows caffeic acid production using CYP199A2 and tyrosine as the initial precursor. This study suggests the possibility of further producing more complex plant secondary metabolites like flavonoids and curcuminoids.	Enzyme and microbial technology	2015		10.1016/j.enzmictec.2015.01.001	Journal Article,Research Support, Non-U.S. Gov't,	[ForeName:J L,LastName:Rodrigues] [ForeName:R G,LastName:Araújo] [ForeName:K L J,LastName:Prather] [ForeName:L D,LastName:Kluskens] [ForeName:L R,LastName:Rodrigues]
25036692	Production of P-aminobenzoic acid by metabolically engineered escherichia coli.	The production of chemical compounds from renewable resources is an important issue in building a sustainable society. In this study, Escherichia coli was metabolically engineered by introducing T7lac promoter-controlled aroF(fbr), pabA, pabB, and pabC genes into the chromosome to overproduce para-aminobenzoic acid (PABA) from glucose. Elevating the copy number of chromosomal PT7lac-pabA-pabB distinctly increased the PABA titer, indicating that elevation of 4-amino-4-deoxychorismic acid synthesis is a significant factor in PABA production. The introduction of a counterpart derived from Corynebacterium efficiens, pabAB (ce), encoding a fused PabA and PabB protein, resulted in a considerable increase in the PABA titer. The introduction of more than two copies of PT7lac-pabAB (ce-mod), a codon-optimized pabAB (ce), into the chromosome of a strain that simultaneously overexpressed aroF(fbr) and pabC resulted in 5.1 mM PABA from 55.6 mM glucose (yield 9.2%). The generated strain produced 35 mM (4.8 g L(-1)) PABA from 167 mM glucose (yield 21.0%) in fed-batch culture.	Bioscience, biotechnology, and biochemistry	2014		10.1080/09168451.2014.878222	Journal Article,	[ForeName:Daisuke,LastName:Koma] [ForeName:Hayato,LastName:Yamanaka] [ForeName:Kunihiko,LastName:Moriyoshi] [ForeName:Kiyofumi,LastName:Sakai] [ForeName:Takaya,LastName:Masuda] [ForeName:Yoshihiro,LastName:Sato] [ForeName:Kozo,LastName:Toida] [ForeName:Takashi,LastName:Ohmoto]
25596507	Engineering Escherichia coli for methanol conversion.	"Methylotrophic bacteria utilize methanol and other reduced one-carbon compounds as their sole source of carbon and energy. For this purpose, these bacteria evolved a number of specialized enzymes and pathways. Here, we used a synthetic biology approach to select and introduce a set of ""methylotrophy genes"" into Escherichia coli based on in silico considerations and flux balance analysis to enable methanol dissimilation and assimilation. We determined that the most promising approach allowing the utilization of methanol was the implementation of NAD-dependent methanol dehydrogenase and the establishment of the ribulose monophosphate cycle by expressing the genes for hexulose-6-phosphate synthase (Hps) and 6-phospho-3-hexuloisomerase (Phi). To test for the best-performing enzymes in the heterologous host, a number of enzyme candidates from different donor organisms were selected and systematically analyzed for their in vitro and in vivo activities in E. coli. Among these, Mdh2, Hps and Phi originating from Bacillus methanolicus were found to be the most effective. Labeling experiments using (13)C methanol with E. coli producing these enzymes showed up to 40% incorporation of methanol into central metabolites. The presence of the endogenous glutathione-dependent formaldehyde oxidation pathway of E. coli did not adversely affect the methanol conversion rate. Taken together, the results of this study represent a major advancement towards establishing synthetic methylotrophs by gene transfer."	Metabolic engineering	2015		10.1016/j.ymben.2014.12.008	Journal Article,Research Support, Non-U.S. Gov't,	[ForeName:Jonas E N,LastName:Müller] [ForeName:Fabian,LastName:Meyer] [ForeName:Boris,LastName:Litsanov] [ForeName:Patrick,LastName:Kiefer] [ForeName:Eva,LastName:Potthoff] [ForeName:Stéphanie,LastName:Heux] [ForeName:Wim J,LastName:Quax] [ForeName:Volker F,LastName:Wendisch] [ForeName:Trygve,LastName:Brautaset] [ForeName:Jean-Charles,LastName:Portais] [ForeName:Julia A,LastName:Vorholt]
25984720	An enzyme-coupled biosensor enables (S)-reticuline production in yeast from glucose.	Benzylisoquinoline alkaloids (BIAs) are a diverse family of plant-specialized metabolites that include the pharmaceuticals codeine and morphine and their derivatives. Microbial synthesis of BIAs holds promise as an alternative to traditional crop-based manufacturing. Here we demonstrate the production of the key BIA intermediate (S)-reticuline from glucose in Saccharomyces cerevisiae. To aid in this effort, we developed an enzyme-coupled biosensor for the upstream intermediate L-3,4-dihydroxyphenylalanine (L-DOPA). Using this sensor, we identified an active tyrosine hydroxylase and improved its L-DOPA yields by 2.8-fold via PCR mutagenesis. Coexpression of DOPA decarboxylase enabled what is to our knowledge the first demonstration of dopamine production from glucose in yeast, with a 7.4-fold improvement in titer obtained for our best mutant enzyme. We extended this pathway to fully reconstitute the seven-enzyme pathway from L-tyrosine to (S)-reticuline. Future work to improve titers and connect these steps with downstream pathway branches, already demonstrated in S. cerevisiae, will enable low-cost production of many high-value BIAs.	Nature chemical biology	2015		10.1038/nchembio.1816	Journal Article,Research Support, Non-U.S. Gov't,Research Support, U.S. Gov't, Non-P.H.S.,	[ForeName:William C,LastName:DeLoache] [ForeName:Zachary N,LastName:Russ] [ForeName:Lauren,LastName:Narcross] [ForeName:Andrew M,LastName:Gonzales] [ForeName:Vincent J J,LastName:Martin] [ForeName:John E,LastName:Dueber]
26453031	Efficient L-Alanine Production by a Thermo-Regulated Switch in Escherichia coli.	L-Alanine has important applications in food, pharmaceutical and veterinary and is used as a substrate for production of engineered thermoplastics. Microbial fermentation could reduce the production cost and promote the application of L-alanine. However, the presence of L-alanine significantly inhibit cell growth rate and cause a decrease in the ultimate L-alanine productivity. For efficient L-alanine production, a thermo-regulated genetic switch was designed to dynamically control the expression of L-alanine dehydrogenase (alaD) from Geobacillus stearothermophilus on the Escherichia coli B0016-060BC chromosome. The optimal cultivation conditions for the genetically switched alanine production using B0016-060BC were the following: an aerobic growth phase at 33 °C with a 1-h thermo-induction at 42 °C followed by an oxygen-limited phase at 42 °C. In a bioreactor experiment using the scaled-up conditions optimized in a shake flask, B0016-060BC accumulated 50.3 g biomass/100 g glucose during the aerobic growth phase and 96 g alanine/100 g glucose during the oxygen-limited phase, respectively. The L-alanine titer reached 120.8 g/l with higher overall and oxygen-limited volumetric productivities of 3.09 and 4.18 g/l h, respectively, using glucose as the sole carbon source. Efficient cell growth and L-alanine production were reached separately, by switching cultivation temperature. The results revealed the application of a thermo-regulated strategy for heterologous metabolic production and pointed to strategies for improving L-alanine production.	Applied biochemistry and biotechnology	2016		10.1007/s12010-015-1874-x	Journal Article,Research Support, Non-U.S. Gov't,	[ForeName:Li,LastName:Zhou] [ForeName:Can,LastName:Deng] [ForeName:Wen-Jing,LastName:Cui] [ForeName:Zhong-Mei,LastName:Liu] [ForeName:Zhe-Min,LastName:Zhou]
25326299	Enhancing Terpene yield from sugars via novel routes to 1-deoxy-d-xylulose 5-phosphate.	Terpene synthesis in the majority of bacterial species, together with plant plastids, takes place via the 1-deoxy-d-xylulose 5-phosphate (DXP) pathway. The first step of this pathway involves the condensation of pyruvate and glyceraldehyde 3-phosphate by DXP synthase (Dxs), with one-sixth of the carbon lost as CO2. A hypothetical novel route from a pentose phosphate to DXP (nDXP) could enable a more direct pathway from C5 sugars to terpenes and also circumvent regulatory mechanisms that control Dxs, but there is no enzyme known that can convert a sugar into its 1-deoxy equivalent. Employing a selection for complementation of a dxs deletion in Escherichia coli grown on xylose as the sole carbon source, we uncovered two candidate nDXP genes. Complementation was achieved either via overexpression of the wild-type E. coli yajO gene, annotated as a putative xylose reductase, or via various mutations in the native ribB gene. In vitro analysis performed with purified YajO and mutant RibB proteins revealed that DXP was synthesized in both cases from ribulose 5-phosphate (Ru5P). We demonstrate the utility of these genes for microbial terpene biosynthesis by engineering the DXP pathway in E. coli for production of the sesquiterpene bisabolene, a candidate biodiesel. To further improve flux into the pathway from Ru5P, nDXP enzymes were expressed as fusions to DXP reductase (Dxr), the second enzyme in the DXP pathway. Expression of a Dxr-RibB(G108S) fusion improved bisabolene titers more than 4-fold and alleviated accumulation of intracellular DXP.	Applied and environmental microbiology	2015	4272731.0	10.1128/AEM.02920-14	Journal Article,Research Support, U.S. Gov't, Non-P.H.S.,	[ForeName:James,LastName:Kirby] [ForeName:Minobu,LastName:Nishimoto] [ForeName:Ruthie W N,LastName:Chow] [ForeName:Edward E K,LastName:Baidoo] [ForeName:George,LastName:Wang] [ForeName:Joel,LastName:Martin] [ForeName:Wendy,LastName:Schackwitz] [ForeName:Rossana,LastName:Chan] [ForeName:Jeffrey L,LastName:Fortman] [ForeName:Jay D,LastName:Keasling]
9627403	Bioconversion of fumaric acid to succinic acid by recombinant E. coli.	Succinic acid was produced efficiently from fumaric acid by a recombinant E. coli strain DH5 alpha/pGC1002 containing multicopy fumarate reductase genes. The effects of initial fumaric acid and glucose concentration on the production of succinic acid were investigated. Succinic acid reached 41 to over 60 g/L in 48.5 h starting with 50 to 64 g/L fumaric acid. Significant substrate inhibition was observed at initial fumaric acid concentration of 90 g/L. L-Malic acid became the major fermentation product under these conditions. Provision of glucose (5-30 g/L) to the fermentation medium stimulated the initial succinic acid production rate over two folds.	Applied biochemistry and biotechnology	1998		10.1007/BF02920202	Journal Article,Research Support, U.S. Gov't, Non-P.H.S.,	[ForeName:X,LastName:Wang] [ForeName:C S,LastName:Gong] [ForeName:G T,LastName:Tsao]
17158319	Engineering yeast transcription machinery for improved ethanol tolerance and production.	Global transcription machinery engineering (gTME) is an approach for reprogramming gene transcription to elicit cellular phenotypes important for technological applications. Here we show the application of gTME to Saccharomyces cerevisiae for improved glucose/ethanol tolerance, a key trait for many biofuels programs. Mutagenesis of the transcription factor Spt15p and selection led to dominant mutations that conferred increased tolerance and more efficient glucose conversion to ethanol. The desired phenotype results from the combined effect of three separate mutations in the SPT15 gene [serine substituted for phenylalanine (Phe(177)Ser) and, similarly, Tyr(195)His, and Lys(218)Arg]. Thus, gTME can provide a route to complex phenotypes that are not readily accessible by traditional methods.	Science (New York, N.Y.)	2006		10.1126/science.1131969	Journal Article,Research Support, N.I.H., Extramural,Research Support, Non-U.S. Gov't,Research Support, U.S. Gov't, Non-P.H.S.,	[ForeName:Hal,LastName:Alper] [ForeName:Joel,LastName:Moxley] [ForeName:Elke,LastName:Nevoigt] [ForeName:Gerald R,LastName:Fink] [ForeName:Gregory,LastName:Stephanopoulos]
26111796	Engineering Escherichia coli coculture systems for the production of biochemical products.	Engineering microbial consortia to express complex biosynthetic pathways efficiently for the production of valuable compounds is a promising approach for metabolic engineering and synthetic biology. Here, we report the design, optimization, and scale-up of an Escherichia coli-E. coli coculture that successfully overcomes fundamental microbial production limitations, such as high-level intermediate secretion and low-efficiency sugar mixture utilization. For the production of the important chemical cis,cis-muconic acid, we show that the coculture approach achieves a production yield of 0.35 g/g from a glucose/xylose mixture, which is significantly higher than reported in previous reports. By efficiently producing another compound, 4-hydroxybenzoic acid, we also demonstrate that the approach is generally applicable for biosynthesis of other important industrial products.	Proceedings of the National Academy of Sciences of the United States of America	2015	4500268.0	10.1073/pnas.1506781112	Journal Article,Research Support, U.S. Gov't, Non-P.H.S.,	[ForeName:Haoran,LastName:Zhang] [ForeName:Brian,LastName:Pereira] [ForeName:Zhengjun,LastName:Li] [ForeName:Gregory,LastName:Stephanopoulos]
25788017	Enhanced production of branched-chain fatty acids by replacing β-ketoacyl-(acyl-carrier-protein) synthase III (FabH).	Branched-chain fatty acids (BCFAs) are important precursors for the production of advanced biofuels with improved cold-flow properties. Previous efforts in engineering type II fatty acid synthase (FAS) for BCFA production suffered from low titers and/or the co-production of a large amount of straight-chain fatty acids (SCFAs), making it nearly impossible for further conversion of BCFAs to branched biofuels. Synthesis of both SCFAs and BCFAs requires FabH, the only β-ketoacyl-(acyl-carrier-protein) synthase in Escherichia coli that catalyzes the initial condensation reaction between malonyl-ACP and a short-chain acyl-CoA. In this study, we demonstrated that replacement of the acetyl-CoA-specific E. coli FabH with a branched-chain-acyl-CoA-specific FabH directed the flux to the synthesis of BCFAs, resulting in a significant enhancement in BCFA titer compared to a strain containing both acetyl-CoA- and branched-chain-acyl-CoA-specific FabHs. We further demonstrated that the composition of BCFAs can be tuned by engineering the upstream pathway to control the supply of different branched-chain acyl-CoAs, leading to the production either even-chain-iso-, odd-chain-iso-, or odd-chain-anteiso-BCFAs separately. Overall, the top-performing strain from this study produced BCFAs at 126 mg/L, comprising 52% of the total free fatty acids.	Biotechnology and bioengineering	2015		10.1002/bit.25583	Journal Article,Research Support, U.S. Gov't, Non-P.H.S.,	[ForeName:Wen,LastName:Jiang] [ForeName:Yanfang,LastName:Jiang] [ForeName:Gayle J,LastName:Bentley] [ForeName:Di,LastName:Liu] [ForeName:Yi,LastName:Xiao] [ForeName:Fuzhong,LastName:Zhang]
25650075	Dual synthetic pathway for 3-hydroxypropionic acid production in engineered Escherichia coli.	3-Hydroxypropionic acid (3-HP) is an important platform C3 chemical; production of 3-HP in recombinant Escherichia coli by synthetic pathways has been the focus of a lot of research. When glycerol is used as a substrate to produce 3-HP in E. coli, only the ALDH pathway (employing aldehyde dehydrogenase (ALDH) for conversion of 3-hydroxypropionaldehyde (3-HPA) into 3-HP) has been utilized as a synthetic pathway. However, several bacteria (including Klebsiella pneumoniae) are known to have the ability to produce 3-HP by the Pdu pathway (employing the PduP, PduL, and PduW enzymes). Here, we report the production of 3-HP in E. coli by using the Pdu pathway from K. pneumoniae as a synthetic pathway. Moreover, a strain harboring a dual synthetic pathways (ALDH and Pdu) exhibited a 70% increase in 3-HP titer compared to one harboring the ALDH pathway alone (56.1 ± 0.736 mM and 33.1 ± 0.920 mM, respectively). To our knowledge, this is the first report of 3-HP production by E. coli harboring the Pdu pathway, with the dual synthetic pathway showing the highest yield ever reported by batch culture [54.1% (mol/mol)].	Journal of bioscience and bioengineering	2015		10.1016/j.jbiosc.2014.12.023	Journal Article,Research Support, Non-U.S. Gov't,	[ForeName:Hiroshi,LastName:Honjo] [ForeName:Keigo,LastName:Tsuruno] [ForeName:Tsuneyuki,LastName:Tatsuke] [ForeName:Masaki,LastName:Sato] [ForeName:Taizo,LastName:Hanai]
1622202	Enhancement of 1,3-propanediol production by cofermentation in Escherichia coli expressing Klebsiella pneumoniae dha regulon genes.	1,3-Propanediol (1,3-PD) is an intermediate in chemical and polymer synthesis. We have previously expressed the genes of a biochemical pathway responsible for 1,3-PD production, the dha regulon of Klebsiella pneumoniae, in Escherichia coli. An analysis of the maximum theoretical yield of 1,3-PD from glycerol indicates that the yield can be improved by the cofermentation of sugars, provided that kinetic constraints are overcome. The yield of 1,3-PD from glycerol was improved from 0.46 mol/mol with glycerol alone to 0.63 mol/mol with glucose cofermentation and 0.55 mol/mol with xylose cofermentation. The engineered E. coli also provides a model system for the study of metabolic pathway engineering.	Applied biochemistry and biotechnology	1992		10.1007/BF02920542	Journal Article,Research Support, Non-U.S. Gov't,Research Support, U.S. Gov't, Non-P.H.S.,	[ForeName:I T,LastName:Tong] [ForeName:D C,LastName:Cameron]
25887638	Development of an orthogonal fatty acid biosynthesis system in E. coli for oleochemical production.	Here we report recombinant expression and activity of several type I fatty acid synthases that can function in parallel with the native Escherichia coli fatty acid synthase. Corynebacterium glutamicum FAS1A was the most active in E. coli and this fatty acid synthase was leveraged to produce oleochemicals including fatty alcohols and methyl ketones. Coexpression of FAS1A with the ACP/CoA-reductase Maqu2220 from Marinobacter aquaeolei shifted the chain length distribution of fatty alcohols produced. Coexpression of FAS1A with FadM, FadB, and an acyl-CoA-oxidase from Micrococcus luteus resulted in the production of methyl ketones, although at a lower level than cells using the native FAS. This work, to our knowledge, is the first example of in vivo function of a heterologous fatty acid synthase in E. coli. Using FAS1 enzymes for oleochemical production have several potential advantages, and further optimization of this system could lead to strains with more efficient conversion to desired products. Finally, functional expression of these large enzyme complexes in E. coli will enable their study without culturing the native organisms.	Metabolic engineering	2015		10.1016/j.ymben.2015.04.003	Journal Article,Research Support, U.S. Gov't, Non-P.H.S.,	[ForeName:Robert W,LastName:Haushalter] [ForeName:Dan,LastName:Groff] [ForeName:Samuel,LastName:Deutsch] [ForeName:Lionadi,LastName:The] [ForeName:Ted A,LastName:Chavkin] [ForeName:Simon F,LastName:Brunner] [ForeName:Leonard,LastName:Katz] [ForeName:Jay D,LastName:Keasling]
26416585	Engineering of high yield production of L-serine in Escherichia coli.	L-serine is a widely used amino acid that has been proposed as a potential building block biochemical. The high theoretical yield from glucose makes a fermentation based production attractive. In order to achieve this goal, serine degradation to pyruvate and glycine in E. coli MG1655 was prevented by deletion of three L-serine deaminases sdaA, sdaB, and tdcG, as well as serine hydroxyl methyl transferase (SHMT) encoded by glyA. Upon overexpression of the serine production pathway, consisting of a feedback resistant version of serA along with serB and serC, this quadruple deletion strain showed a very high serine production yield (0.45 g/g glucose) during small-scale batch fermentation in minimal medium. Serine, however, was found to be highly toxic even at low concentrations to this strain, which lead to slow growth and production during fed batch fermentation, resulting in a serine production of 8.3 g/L. The production strain was therefore evolved by random mutagenesis to achieve increased tolerance towards serine. Additionally, overexpression of eamA, a cysteine/homoserine transporter was demonstrated to increase serine tolerance from 1.6 g/L to 25 g/L. During fed batch fermentation, the resulting strain lead to the serine production titer of 11.7 g/L with yield of 0.43 g/g glucose, which is the highest yield reported so far for any organism.	Biotechnology and bioengineering	2016		10.1002/bit.25844	Journal Article,Research Support, Non-U.S. Gov't,	[ForeName:Hemanshu,LastName:Mundhada] [ForeName:Konstantin,LastName:Schneider] [ForeName:Hanne Bjerre,LastName:Christensen] [ForeName:Alex Toftgaard,LastName:Nielsen]
25461833	Potential production platform of n-butanol in Escherichia coli.	We proposed a potential production platform of n-butanol in Escherichia coli. First, a butyrate-conversion strain was developed by removal of undesired genes and recruiting endogenous atoDA and Clostridium adhE2. Consequently, this E. coli strain grown on the M9 mineral salt with yeast extract (M9Y) was shown to produce 6.2g/L n-butanol from supplemented butyrate at 36h. The molar conversion yield of n-butanol on butyrate reaches 92%. Moreover, the production platform was advanced by additional inclusion of a butyrate-producing strain. This strain was equipped with a pathway comprising atoDA and heterologous genes for the synthesis of butyrate. Without butyrate, the butyrate-conversion and the butyrate-producing strains were co-cultured in M9Y medium and produced 5.5g/L n-butanol from glucose at 24h. The production yield on glucose accounts for 69% of the theoretical yield. Overall, it indicates a promise of the developed platform for n-butanol production in E. coli.	Metabolic engineering	2015		10.1016/j.ymben.2014.11.001	Journal Article,Research Support, Non-U.S. Gov't,	[ForeName:Mukesh,LastName:Saini] [ForeName:Min,LastName:Hong Chen] [ForeName:Chung-Jen,LastName:Chiang] [ForeName:Yun-Peng,LastName:Chao]
26109508	Efficient production of indigoidine in Escherichia coli.	Indigoidine is a bacterial natural product with antioxidant and antimicrobial activities. Its bright blue color resembles the industrial dye indigo, thus representing a new natural blue dye that may find uses in industry. In our previous study, an indigoidine synthetase Sc-IndC and an associated helper protein Sc-IndB were identified from Streptomyces chromofuscus ATCC 49982 and successfully expressed in Escherichia coli BAP1 to produce the blue pigment at 3.93 g/l. To further improve the production of indigoidine, in this work, the direct biosynthetic precursor L-glutamine was fed into the fermentation broth of the engineered E. coli strain harboring Sc-IndC and Sc-IndB. The highest titer of indigoidine reached 8.81 ± 0.21 g/l at 1.46 g/l L-glutamine. Given the relatively high price of L-glutamine, a metabolic engineering technique was used to directly enhance the in situ supply of this precursor. A glutamine synthetase gene (glnA) was amplified from E. coli and co-expressed with Sc-indC and Sc-indB in E. coli BAP1, leading to the production of indigoidine at 5.75 ± 0.09 g/l. Because a nitrogen source is required for amino acid biosynthesis, we then tested the effect of different nitrogen-containing salts on the supply of L-glutamine and subsequent indigoidine production. Among the four tested salts including (NH4)2SO4, NH4Cl, (NH4)2HPO4 and KNO3, (NH4)2HPO4 showed the best effect on improving the titer of indigoidine. Different concentrations of (NH4)2HPO4 were added to the fermentation broths of E. coli BAP1/Sc-IndC+Sc-IndB+GlnA, and the titer reached the highest (7.08 ± 0.11 g/l) at 2.5 mM (NH4)2HPO4. This work provides two efficient methods for the production of this promising blue pigment in E. coli.	Journal of industrial microbiology & biotechnology	2015		10.1007/s10295-015-1642-5	Journal Article,Research Support, Non-U.S. Gov't,	[ForeName:Fuchao,LastName:Xu] [ForeName:David,LastName:Gage] [ForeName:Jixun,LastName:Zhan]
26344106	De novo production of resveratrol from glucose or ethanol by engineered Saccharomyces cerevisiae.	Resveratrol is a natural antioxidant compound, used as food supplement and cosmetic ingredient. Microbial production of resveratrol has until now been achieved by supplementation of expensive substrates, p-coumaric acid or aromatic amino acids. Here we engineered the yeast Saccharomyces cerevisiae to produce resveratrol directly from glucose or ethanol via tyrosine intermediate. First we introduced the biosynthetic pathway, consisting of tyrosine ammonia-lyase from Herpetosiphon aurantiacus, 4-coumaryl-CoA ligase from Arabidopsis thaliana and resveratrol synthase from Vitis vinifera, and obtained 2.73 ± 0.05 mg L(-1) resveratrol from glucose. Then we over-expressed feedback-insensitive alleles of ARO4 encoding 3-deoxy-D-arabino-heptulosonate-7-phosphate and ARO7 encoding chorismate mutase, resulting in production of 4.85 ± 0.31 mg L(-1) resveratrol from glucose as the sole carbon source. Next we improved the supply of the precursor malonyl-CoA by over-expressing a post-translational de-regulated version of the acetyl-CoA carboxylase encoding gene ACC1; this strategy further increased resveratrol production to 6.39 ± 0.03 mg L(-1). Subsequently, we improved the strain by performing multiple-integration of pathway genes resulting in resveratrol production of 235.57 ± 7.00 mg L(-1). Finally, fed-batch fermentation of the final strain with glucose or ethanol as carbon source resulted in a resveratrol titer of 415.65 and 531.41 mg L(-1), respectively.	Metabolic engineering	2015		10.1016/j.ymben.2015.08.007	Journal Article,Research Support, Non-U.S. Gov't,	[ForeName:Mingji,LastName:Li] [ForeName:Kanchana R,LastName:Kildegaard] [ForeName:Yun,LastName:Chen] [ForeName:Angelica,LastName:Rodriguez] [ForeName:Irina,LastName:Borodina] [ForeName:Jens,LastName:Nielsen]
25592545	Production of cinnamic and p-hydroxycinnamic acid from sugar mixtures with engineered Escherichia coli.	The aromatic compounds cinnamic acid (CA) and p-hydroxycinnamic acid (pHCA) are used as flavoring agents as well as precursors of chemicals. These compounds are present in plants at low concentrations, therefore, complex purification processes are usually required to extract the product. An alternative production method for these aromatic acids is based on the use of microbial strains modified by metabolic engineering. These biotechnological processes are usually based on the use of simple sugars like glucose as a raw material. However, sustainable production processes should preferably be based on the use of waste material such as lignocellulosic hydrolysates.	Microbial cell factories	2015	4305220.0	10.1186/s12934-014-0185-1	Journal Article,Research Support, Non-U.S. Gov't,	[ForeName:Alejandra,LastName:Vargas-Tah] [ForeName:Luz María,LastName:Martínez] [ForeName:Georgina,LastName:Hernández-Chávez] [ForeName:Mario,LastName:Rocha] [ForeName:Alfredo,LastName:Martínez] [ForeName:Francisco,LastName:Bolívar] [ForeName:Guillermo,LastName:Gosset]
25398870	Metabolic engineering of Escherichia coli for the synthesis of the plant polyphenol pinosylvin.	Plant polyphenols are of great interest for drug discovery and drug development since many of these compounds have health-promoting activities as treatments against various diseases, such as diabetes, cancer, or heart diseases. However, the limited availability of polyphenols represents a major obstacle to clinical applications that must be overcome. In comparison to the quantities of these compounds obtained by isolation from natural sources or costly chemical synthesis, the microbial production of these compounds could provide sufficient quantities from inexpensive substrates. In this work, we describe the development of an Escherichia coli platform strain for the production of pinosylvin, a stilbene found in the heartwood of pine trees which could aid in the treatment of various cancers and cardiovascular diseases. Initially, several configurations of the three-step biosynthetic pathway to pinosylvin were constructed from a set of two different enzymes for each enzymatic step. After optimization of gene expression and evaluation of different construct environments, low pinosylvin concentrations up to 3 mg/liter could be detected. Analysis of the precursor supply and a comparative analysis of the intracellular pools of pathway intermediates and product identified the limited malonyl coenzyme A (malonyl-CoA) availability and low stilbene synthase activity in the heterologous host to be the main bottlenecks during pinosylvin production. Addition of cerulenin for increasing intracellular malonyl-CoA pools and the in vivo evolution of the stilbene synthase from Pinus strobus for improved activity in E. coli proved to be the keys to elevated product titers. These measures allowed product titers of 70 mg/liter pinosylvin from glucose, which could be further increased to 91 mg/liter by the addition of l-phenylalanine.	Applied and environmental microbiology	2015	4292501.0	10.1128/AEM.02966-14	Journal Article,Research Support, Non-U.S. Gov't,	[ForeName:Philana Veronica,LastName:van Summeren-Wesenhagen] [ForeName:Jan,LastName:Marienhagen]
25638686	Multiplex metabolic pathway engineering using CRISPR/Cas9 in Saccharomyces cerevisiae.	CRISPR/Cas9 is a simple and efficient tool for targeted and marker-free genome engineering. Here, we report the development and successful application of a multiplex CRISPR/Cas9 system for genome engineering of up to 5 different genomic loci in one transformation step in baker's yeast Saccharomyces cerevisiae. To assess the specificity of the tool we employed genome re-sequencing to screen for off-target sites in all single knock-out strains targeted by different gRNAs. This extensive analysis identified no more genome variants in CRISPR/Cas9 engineered strains compared to wild-type reference strains. We applied our genome engineering tool for an exploratory analysis of all possible single, double, triple, quadruple and quintuple gene disruption combinations to search for strains with high mevalonate production, a key intermediate for the industrially important isoprenoid biosynthesis pathway. Even though we did not overexpress any genes in the mevalonate pathway, this analysis identified strains with mevalonate titers greater than 41-fold compared to the wild-type strain. Our findings illustrate the applicability of this highly specific and efficient multiplex genome engineering approach to accelerate functional genomics and metabolic engineering efforts.	Metabolic engineering	2015		10.1016/j.ymben.2015.01.008	Journal Article,Research Support, Non-U.S. Gov't,	[ForeName:Tadas,LastName:Jakočiūnas] [ForeName:Ida,LastName:Bonde] [ForeName:Markus,LastName:Herrgård] [ForeName:Scott J,LastName:Harrison] [ForeName:Mette,LastName:Kristensen] [ForeName:Lasse E,LastName:Pedersen] [ForeName:Michael K,LastName:Jensen] [ForeName:Jay D,LastName:Keasling]
15565333	Effect of Sorghum vulgare phosphoenolpyruvate carboxylase and Lactococcus lactis pyruvate carboxylase coexpression on succinate production in mutant strains of Escherichia coli.	Sorghum vulgare phosphoenolpyruvate carboxylase (PEPC) and Lactococcus lactis pyruvate carboxylase (PYC) were overexpressed in Escherichia coli concurrently to improve the production of succinate, a valuable industrial specialty chemical. This coexpression system was also applied to E. coli mutant strains strategically designed by inactivating the competing pathways of succinate formation. The highest level of succinate production was observed in E. coli strains coexpressing both PEPC and PYC when compared with E. coli strains individually overexpressing either PEPC or PYC. Lactate production was also significantly reduced with PEPC and PYC coexpression. Lactate and acetate pathways were inactivated to eliminate the competing pathways of succinate formation. Results showed that inactivation of both the lactate and acetate pathways with the coexpression of PEPC and PYC was most effective in improving succinate production. Inactivating the lactate or acetate pathway alone only caused a majority of the carbon flux to shift to other metabolites rather than succinate. Coexpression of PEPC and PYC was also applied to an E. coli mutant strain deficient in lactate dehydrogenase and pyruvate:formate lyase that accumulated a substantial amount of the intermediate metabolite pyruvate during growth. Results showed that PEPC and PYC coexpression was effective in depleting pyruvate accumulation and increasing the production of metabolites.	Applied microbiology and biotechnology	2005		10.1007/s00253-004-1789-x	Evaluation Study,Journal Article,Research Support, U.S. Gov't, Non-P.H.S.,	[ForeName:Henry,LastName:Lin] [ForeName:Ka-Yiu,LastName:San] [ForeName:George N,LastName:Bennett]
25007409	Stereospecific microbial conversion of lactic acid into 1,2-propanediol.	Biocatalytic syntheses are increasingly explored as the alternate platform of chemical production in order to address the sustainable development challenge faced by the current chemical industry. Here, we report the design and implementation of an artificial pathway to convert lactic acid into 1,2-propanediol. It circumvents a highly cytotoxic intermediate that exists in a widely used natural pathway. We identified and characterized a key enzyme that catalyzed the nonnatural step of the pathway. After 72 h of cultivation under shake-flask conditions, an Escherichia coli biocatalyst expressing the artificial route synthesized 1.5 g/L of R- or 1.7 g/L of S-1,2-propanediol from D- or L- lactic acid at high enantiomeric purity, respectively. The bioconversion is part of a novel biosynthetic pathway that can be further incorporated into appropriate microbial hosts for the de novo synthesis of optically pure 1,2-propanediol from renewable feedstocks.	ACS synthetic biology	2015		10.1021/sb500240p	Journal Article,Research Support, Non-U.S. Gov't,	[ForeName:Wei,LastName:Niu] [ForeName:Jiantao,LastName:Guo]
25907574	Transcription activator-like effector nucleases mediated metabolic engineering for enhanced fatty acids production in Saccharomyces cerevisiae.	Targeted engineering of microbial genomes holds much promise for diverse biotechnological applications. Transcription activator-like effector nucleases (TALENs) and clustered regularly interspaced short palindromic repeats/Cas9 systems are capable of efficiently editing microbial genomes, including that of Saccharomyces cerevisiae. Here, we demonstrate the use of TALENs to edit the genome of S. cerevisiae with the aim of inducing the overproduction of fatty acids. Heterodimeric TALENs were designed to simultaneously edit the FAA1 and FAA4 genes encoding acyl-CoA synthetases in S. cerevisiae. Functional yeast double knockouts generated using these TALENs over-produce large amounts of free fatty acids into the cell. This study demonstrates the use of TALENs for targeted engineering of yeast and demonstrates that this technology can be used to stimulate the enhanced production of free fatty acids, which are potential substrates for biofuel production. This proof-of-principle study extends the utility of TALENs as excellent genome editing tools and highlights their potential use for metabolic engineering of yeast and other organisms, such as microalgae and plants, for biofuel production.	Journal of bioscience and bioengineering	2015		10.1016/j.jbiosc.2015.02.017	Journal Article,Research Support, Non-U.S. Gov't,	[ForeName:Mustapha,LastName:Aouida] [ForeName:Lixin,LastName:Li] [ForeName:Ali,LastName:Mahjoub] [ForeName:Sahar,LastName:Alshareef] [ForeName:Zahir,LastName:Ali] [ForeName:Agnieszka,LastName:Piatek] [ForeName:Magdy M,LastName:Mahfouz]
24981220	A synthetic O2 -tolerant butanol pathway exploiting native fatty acid biosynthesis in Escherichia coli.	Several synthetic metabolic pathways for butanol synthesis have been reported in Escherichia coli by modification of the native CoA-dependent pathway from selected Clostridium species. These pathways are all dependent on the O2 -sensitive AdhE2 enzyme from Clostridium acetobutylicum that catalyzes the sequential reduction of both butyryl-CoA and butyraldehyde. We constructed an O2 -tolerant butanol pathway based on the activities of an ACP-thioesterase, acting on butyryl-ACP in the native fatty acid biosynthesis pathway, and a promiscuous carboxylic acid reductase. The pathway was genetically optimized by screening a series of bacterial acyl-ACP thioesterases and also by modification of the physical growth parameters. In order to evaluate the potential of the pathway for butanol production, the ACP-dependent butanol pathway was compared with a previously established CoA-dependent pathway. The effect of (1) O2 -availability, (2) media, and (3) co-expression of aldehyde reductases was evaluated systematically demonstrating varying and contrasting functionality between the ACP- and CoA-dependent pathways. The yield of butanol from the ACP-dependent pathway was stimulated by enhanced O2 -availability, in contrast to the CoA-dependent pathway, which did not function well under aerobic conditions. Similarly, whilst the CoA-dependent pathway only performed well in complex media, the ACP-dependent pathway was not influenced by the choice of media except in the absence of O2 . A combination of a thioesterase from Bacteroides fragilis and the aldehyde reductase, ahr, from E. coli resulted in the greatest yield of butanol. A product titer of ~300 mg/L was obtained in 24 h under optimal batch growth conditions, in most cases exceeding the performance of the reference CoA-pathway when evaluated under equivalent conditions.	Biotechnology and bioengineering	2015		10.1002/bit.25324	Journal Article,Research Support, Non-U.S. Gov't,	[ForeName:András,LastName:Pásztor] [ForeName:Pauli,LastName:Kallio] [ForeName:Dávid,LastName:Malatinszky] [ForeName:M Kalim,LastName:Akhtar] [ForeName:Patrik R,LastName:Jones]
26159300	Mutation in galP improved fermentation of mixed sugars to succinate using engineered Escherichia coli AS1600a and AM1 mineral salts medium.	Escherichia coli KJ122 was engineered to produce succinate from glucose using the wild type GalP for glucose uptake instead of the native phosphotransferase system (ptsI mutation). This strain now ferments 10% xylose poorly. Mutants were selected by serial transfers in AM1 mineral salts medium with 10% xylose. Clones from this population all exhibited a similar improvement, co-fermentation of an equal mixture of xylose and glucose. One of these, AS1600a, produced 84.26 ± 1.37 g/L succinate, equivalent to that produced by the parent (KJ122) from 10% glucose (85.46 ± 1.78 g/L). AS1600a was sequenced and found to contain a mutation in galactose permease (GalP, G236D). This mutation was shown to be responsible for the improvement in fermentation using KJΔgalP as the host and expression vectors with native galP and with mutant galP(∗). Strain AS1600a and KJΔgalP(pLOI5746; galP(∗)) also co-fermented a mixture of glucose, xylose, arabinose, and galactose in sugarcane bagasse hydrolysate using mineral salts medium.	Bioresource technology	2015		10.1016/j.biortech.2015.06.108	Journal Article,Research Support, Non-U.S. Gov't,Research Support, U.S. Gov't, Non-P.H.S.,	[ForeName:Apichai,LastName:Sawisit] [ForeName:Kaemwich,LastName:Jantama] [ForeName:Huabao,LastName:Zheng] [ForeName:Lorraine P,LastName:Yomano] [ForeName:Sean W,LastName:York] [ForeName:Keelnatham T,LastName:Shanmugam] [ForeName:Lonnie O,LastName:Ingram]
25536512	Metabolic engineering of Saccharomyces cerevisiae ethanol strains PE-2 and CAT-1 for efficient lignocellulosic fermentation.	In this work, Saccharomyces cerevisiae strains PE-2 and CAT-1, commonly used in the Brazilian fuel ethanol industry, were engineered for xylose fermentation, where the first fermented xylose faster than the latter, but also produced considerable amounts of xylitol. An engineered PE-2 strain (MEC1121) efficiently consumed xylose in presence of inhibitors both in synthetic and corn-cob hydrolysates. Interestingly, the S. cerevisiae MEC1121 consumed xylose and glucose simultaneously, while a CEN.PK based strain consumed glucose and xylose sequentially. Deletion of the aldose reductase GRE3 lowered xylitol production to undetectable levels and increased xylose consumption rate which led to higher final ethanol concentrations. Fermentation of corn-cob hydrolysate using this strain, MEC1133, resulted in an ethanol yield of 0.47 g/g of total sugars which is 92% of the theoretical yield.	Bioresource technology	2015		10.1016/j.biortech.2014.12.020	Journal Article,Research Support, Non-U.S. Gov't,	[ForeName:Aloia,LastName:Romaní] [ForeName:Filipa,LastName:Pereira] [ForeName:Björn,LastName:Johansson] [ForeName:Lucília,LastName:Domingues]
25403509	Biosynthesis of β-carotene in engineered E. coli using the MEP and MVA pathways.	β-carotene is a carotenoid compound that has been widely used not only in the industrial production of pharmaceuticals but also as nutraceuticals, animal feed additives, functional cosmetics, and food colorants. Currently, more than 90% of commercial β-carotene is produced by chemical synthesis. Due to the growing public concern over food safety, the use of chemically synthesized β-carotene as food additives or functional cosmetic agents has been severely controlled in recent years. This has reignited the enthusiasm for seeking natural β-carotene in large-scale fermentative production by microorganisms.	Microbial cell factories	2014	4239400.0	10.1186/s12934-014-0160-x	Journal Article,Research Support, Non-U.S. Gov't,	[ForeName:Jianming,LastName:Yang] [ForeName:Lizhong,LastName:Guo]
25277412	Metabolic engineering of itaconate production in Escherichia coli.	Interest in sustainable development has led to efforts to replace petrochemical-based monomers with biomass-based ones. Itaconic acid, a C5-dicarboxylic acid, is a potential monomer for the chemical industry with many prospective applications. cis-aconitate decarboxylase (CadA) is the key enzyme of itaconate production, converting the citric acid cycle intermediate cis-aconitate into itaconate. Heterologous expression of cadA from Aspergillus terreus in Escherichia coli resulted in low CadA activities and production of trace amounts of itaconate on Luria-Bertani (LB) medium (<10 mg/L). CadA was primarily present as inclusion bodies, explaining the low activity. The activity was significantly improved by using lower cultivation temperatures and mineral medium, and this resulted in enhanced itaconate titres (240 mg/L). The itaconate titre was further increased by introducing citrate synthase and aconitase from Corynebacterium glutamicum and by deleting the genes encoding phosphate acetyltransferase and lactate dehydrogenase. These deletions in E. coli's central metabolism resulted in the accumulation of pyruvate, which is a precursor for itaconate biosynthesis. As a result, itaconate production in aerobic bioreactor cultures was increased up to 690 mg/L. The maximum yield obtained was 0.09 mol itaconate/mol glucose. Strategies for a further improvement of itaconate production are discussed.	Applied microbiology and biotechnology	2015		10.1007/s00253-014-6092-x	Journal Article,Research Support, Non-U.S. Gov't,	[ForeName:Kiira S,LastName:Vuoristo] [ForeName:Astrid E,LastName:Mars] [ForeName:Jose Vidal,LastName:Sangra] [ForeName:Jan,LastName:Springer] [ForeName:Gerrit,LastName:Eggink] [ForeName:Johan P M,LastName:Sanders] [ForeName:Ruud A,LastName:Weusthuis]
6349526	Improved conversion of fumarate to succinate by Escherichia coli strains amplified for fumarate reductase.	Two recombinant plasmid Escherichia coli strains containing amplified fumarate reductase activity converted fumarate to succinate at significantly higher rates and yields than a wild-type E. coli strain. Glucose was required for the conversion of fumarate to succinate, and in the absence of glucose or in cultures with a low cell density, malate accumulated. Two-dimensional gel electrophoretic analysis of proteins from the recombinant DNA and wild-type strains showed that increased quantities of both large and small fumarate reductase subunits were expressed in the recombinant DNA strains.	Applied and environmental microbiology	1983	242547.0	10.1128/aem.45.6.1838-1847.1983	Journal Article,Research Support, Non-U.S. Gov't,	[ForeName:I,LastName:Goldberg] [ForeName:K,LastName:Lonberg-Holm] [ForeName:E A,LastName:Bagley] [ForeName:B,LastName:Stieglitz]
25951437	Enhanced Protein Production in Escherichia coli by Optimization of Cloning Scars at the Vector-Coding Sequence Junction.	Protein production in Escherichia coli is a fundamental activity for a large fraction of academic, pharmaceutical, and industrial research laboratories. Maximum production is usually sought, as this reduces costs and facilitates downstream purification steps. Frustratingly, many coding sequences are poorly expressed even when they are codon-optimized and expressed from vectors with powerful genetic elements. In this study, we show that poor expression can be caused by certain nucleotide sequences (e.g., cloning scars) at the junction between the vector and the coding sequence. Since these sequences lie between the Shine-Dalgarno sequence and the start codon, they are an integral part of the translation initiation region. To identify the most optimal sequences, we devised a simple and inexpensive PCR-based step that generates sequence variants at the vector-coding sequence junction. These sequence variants modulated expression by up to 1000-fold. FACS-seq analyses indicated that low GC content and relaxed mRNA stability (ΔG) in this region were important, but not the only, determinants for high expression.	ACS synthetic biology	2015		10.1021/acssynbio.5b00033	Journal Article,Research Support, Non-U.S. Gov't,	[ForeName:Kiavash,LastName:Mirzadeh] [ForeName:Virginia,LastName:Martínez] [ForeName:Stephen,LastName:Toddo] [ForeName:Suchithra,LastName:Guntur] [ForeName:Markus J,LastName:Herrgård] [ForeName:Arne,LastName:Elofsson] [ForeName:Morten H H,LastName:Nørholm] [ForeName:Daniel O,LastName:Daley]
26341210	High-Level Heterologous Production of D-Cycloserine by Escherichia coli.	Previously, we successfully cloned a d-cycloserine (d-CS) biosynthetic gene cluster consisting of 10 open reading frames (designated dcsA to dcsJ) from d-CS-producing Streptomyces lavendulae ATCC 11924. In this study, we put four d-CS biosynthetic genes (dcsC, dcsD, dcsE, and dcsG) in tandem under the control of the T7 promoter in an Escherichia coli host. SDS-PAGE analysis demonstrated that the 4 gene products were simultaneously expressed in host cells. When l-serine and hydroxyurea (HU), the precursors of d-CS, were incubated together with the E. coli resting cell suspension, the cells produced significant amounts of d-CS (350 ± 20 μM). To increase the productivity of d-CS, the dcsJ gene, which might be responsible for the d-CS excretion, was connected downstream of the four genes. The E. coli resting cells harboring the five genes produced d-CS at 660 ± 31 μM. The dcsD gene product, DcsD, forms O-ureido-l-serine from O-acetyl-l-serine (OAS) and HU, which are intermediates in d-CS biosynthesis. DcsD also catalyzes the formation of l-cysteine from OAS and H2S. To repress the side catalytic activity of DcsD, the E. coli chromosomal cysJ and cysK genes, encoding the sulfite reductase α subunit and OAS sulfhydrylase, respectively, were disrupted. When resting cells of the double-knockout mutant harboring the four d-CS biosynthetic genes, together with dcsJ, were incubated with l-serine and HU, the d-CS production was 980 ± 57 μM, which is comparable to that of d-CS-producing S. lavendulae ATCC 11924 (930 ± 36 μM).	Applied and environmental microbiology	2015	4616934.0	10.1128/AEM.02187-15	Journal Article,Research Support, Non-U.S. Gov't,	[ForeName:Takanori,LastName:Kumagai] [ForeName:Tomoki,LastName:Ozawa] [ForeName:Momoko,LastName:Tanimoto] [ForeName:Masafumi,LastName:Noda] [ForeName:Yasuyuki,LastName:Matoba] [ForeName:Masanori,LastName:Sugiyama]
26362984	Metabolic engineering of a novel muconic acid biosynthesis pathway via 4-hydroxybenzoic acid in Escherichia coli.	cis,cis-Muconic acid (MA) is a commercially important raw material used in pharmaceuticals, functional resins, and agrochemicals. MA is also a potential platform chemical for the production of adipic acid (AA), terephthalic acid, caprolactam, and 1,6-hexanediol. A strain of Escherichia coli K-12, BW25113, was genetically modified, and a novel nonnative metabolic pathway was introduced for the synthesis of MA from glucose. The proposed pathway converted chorismate from the aromatic amino acid pathway to MA via 4-hydroxybenzoic acid (PHB). Three nonnative genes, pobA, aroY, and catA, coding for 4-hydroxybenzoate hydrolyase, protocatechuate decarboxylase, and catechol 1,2-dioxygenase, respectively, were functionally expressed in E. coli to establish the MA biosynthetic pathway. E. coli native genes ubiC, aroF(FBR), aroE, and aroL were overexpressed and the genes ptsH, ptsI, crr, and pykF were deleted from the E. coli genome in order to increase the precursors of the proposed MA pathway. The final engineered E. coli strain produced nearly 170 mg/liter of MA from simple carbon sources in shake flask experiments. The proposed pathway was proved to be functionally active, and the strategy can be used for future metabolic engineering efforts for production of MA from renewable sugars.	Applied and environmental microbiology	2015	4651072.0	10.1128/AEM.01386-15	Journal Article,Research Support, Non-U.S. Gov't,	[ForeName:Sudeshna,LastName:Sengupta] [ForeName:Sudhakar,LastName:Jonnalagadda] [ForeName:Lakshani,LastName:Goonewardena] [ForeName:Veeresh,LastName:Juturu]
26078109	Metabolic engineering of Escherichia coli to enhance acetol production from glycerol.	Acetol, a C3 keto alcohol, is an important intermediate used to produce polyols and acrolein. To enhance acetol production from glycerol by Escherichia coli, a mutant (HJ02) was constructed by replacing the native glpK gene with the allele from E. coli Lin 43 and overexpression of yqhD, which encodes aldehyde oxidoreductase YqhD that converts methylglyoxal to acetol. Compared to the control strain without the glpK replacement, HJ02 had 5.5 times greater acetol production and a 53.4 % higher glycerol consumption rate. Then, glucose was added as a co-substrate to enhance NADPH availability and the ptsG gene was deleted in HJ02 (HJ04) to alleviate carbon catabolite repression, which led to a 30 % increase in the NADPH level and NADPH/NADP(+). Consequently, HJ04 accumulated up to 1.20 g/L of acetol, which is 69.0 % higher than that of HJ02. Furthermore, the gapA gene in HJ04 was silenced by antisense RNA (HJ05) to further enhance acetol production. The acetol concentration produced by HJ05 reached 1.82 g/L, which was 2.1 and 1.5 times higher than that of HJ02 and HJ04.Real-time PCR analysis indicates that glucose catabolism was rerouted from glycolysis to the oxidative pentose phosphate pathway in HJ05.	Applied microbiology and biotechnology	2015		10.1007/s00253-015-6732-9	Journal Article,Research Support, Non-U.S. Gov't,	[ForeName:Ruilian,LastName:Yao] [ForeName:Qing,LastName:Liu] [ForeName:Hongbo,LastName:Hu] [ForeName:Thomas K,LastName:Wood] [ForeName:Xuehong,LastName:Zhang]
3322191	Genetic engineering of ethanol production in Escherichia coli.	The genes encoding essential enzymes of the fermentative pathway for ethanol production in Zymomonas mobilis, an obligately ethanologenic bacterium, were inserted into Escherichia coli under the control of a common promoter. Alcohol dehydrogenase II and pyruvate decarboxylase from Z. mobilis were expressed at high levels in E. coli, resulting in increased cell growth and the production of ethanol as the principal fermentation product from glucose. These results demonstrate that it is possible to change the fermentation products of an organism, such as E. coli, by the addition of genes encoding appropriate enzymes which form an alternative system for the regeneration of NAD+.	Applied and environmental microbiology	1987	204123.0	10.1128/aem.53.10.2420-2425.1987	Journal Article,Research Support, Non-U.S. Gov't,Research Support, U.S. Gov't, Non-P.H.S.,	[ForeName:L O,LastName:Ingram] [ForeName:T,LastName:Conway] [ForeName:D P,LastName:Clark] [ForeName:G W,LastName:Sewell] [ForeName:J F,LastName:Preston]
26148515	Deoxycytidine production by a metabolically engineered Escherichia coli strain.	Rational engineering studies for deoxycytidine production were initiated due to low intracellular levels and tight regulation. To achieve high-level production of deoxycytidine, a useful precursor of decitabine, genes related to feed-back inhibition as well as the biosynthetic pathway were engineered. Additionally, we predicted the impact of individual gene expression levels on a complex metabolic network by microarray analysis. Based on these findings, we demonstrated rational metabolic engineering strategies capable of producing deoxycytidine.	Microbial cell factories	2015	4491880.0	10.1186/s12934-015-0291-8	Journal Article,Research Support, Non-U.S. Gov't,	[ForeName:Jin-Sook,LastName:Kim] [ForeName:Bong-Seong,LastName:Koo] [ForeName:Hyung-Hwan,LastName:Hyun] [ForeName:Hyeon-Cheol,LastName:Lee]
25863265	Regulating malonyl-CoA metabolism via synthetic antisense RNAs for enhanced biosynthesis of natural products.	Malonyl-CoA is the building block for fatty acid biosynthesis and also a precursor to various pharmaceutically and industrially valuable molecules, such as polyketides and biopolymers. However, intracellular malonyl-CoA is usually maintained at low levels, which poses great challenges to efficient microbial production of malonyl-CoA derived molecules. Inactivation of the malonyl-CoA consumption pathway to increase its intracellular availability is not applicable, since it is usually lethal to microorganisms. In this work, we employ synthetic antisense RNAs (asRNAs) to conditionally down-regulate fatty acid biosynthesis and achieve malonyl-CoA enrichment in Escherichia coli. The optimized asRNA constructs with a loop-stem structure exhibit high interference efficiency up to 80%, leading to a 4.5-fold increase in intracellular malonyl-CoA concentration when fabD gene expression is inhibited. Strikingly, this strategy allows the improved production of natural products 4-hydroxycoumarin, resveratrol, and naringenin by 2.53-, 1.70-, and 1.53-fold in E. coli, respectively. In addition, down-regulation of other fab genes including fabH, fabB, and fabF also leads to remarkable increases in 4-hydroxycoumarin production. This study demonstrates a novel strategy to enhance intracellular malonyl-CoA and indicates the effectiveness of asRNA as a powerful tool for use in metabolic engineering.	Metabolic engineering	2015		10.1016/j.ymben.2015.03.018	Journal Article,Research Support, Non-U.S. Gov't,	[ForeName:Yaping,LastName:Yang] [ForeName:Yuheng,LastName:Lin] [ForeName:Lingyun,LastName:Li] [ForeName:Robert J,LastName:Linhardt] [ForeName:Yajun,LastName:Yan]
24722906	Fermentative production of short-chain fatty acids in Escherichia coli.	Escherichia coli was engineered for the production of even- and odd-chain fatty acids (FAs) by fermentation. Co-production of thiolase, hydroxybutyryl-CoA dehydrogenase, crotonase and trans-enoyl-CoA reductase from a synthetic operon allowed the production of butyrate, hexanoate and octanoate. Elimination of native fermentation pathways by genetic deletion (ΔldhA, ΔadhE, ΔackA, Δpta, ΔfrdC) helped eliminate undesired by-products and increase product yields. Initial butyrate production rates were high (0.7 g l(-1) h(-1)) but quickly levelled off and further study suggested this was due to product toxicity and/or acidification of the growth medium. Results also showed that endogenous thioesterases significantly influenced product formation. In particular, deletion of the yciA thioesterase gene substantially increased hexanoate production while decreasing the production of butyrate. E. coli was also engineered to co-produce enzymes for even-chain FA production (described above) together with a coenzyme B12-dependent pathway for the production of propionyl-CoA, which allowed the production of odd-chain FAs (pentanoate and heptanoate). The B12-dependent pathway used here has the potential to allow the production of odd-chain FAs from a single growth substrate (glucose) in a more energy-efficient manner than the prior methods.	Microbiology (Reading, England)	2014		10.1099/mic.0.078329-0	Journal Article,Research Support, U.S. Gov't, Non-P.H.S.,	[ForeName:Alexandra R,LastName:Volker] [ForeName:David S,LastName:Gogerty] [ForeName:Christian,LastName:Bartholomay] [ForeName:Tracie,LastName:Hennen-Bierwagen] [ForeName:Huilin,LastName:Zhu] [ForeName:Thomas A,LastName:Bobik]
19918073	Metabolic evolution of energy-conserving pathways for succinate production in Escherichia coli.	During metabolic evolution to improve succinate production in Escherichia coli strains, significant changes in cellular metabolism were acquired that increased energy efficiency in two respects. The energy-conserving phosphoenolpyruvate (PEP) carboxykinase (pck), which normally functions in the reverse direction (gluconeogenesis; glucose repressed) during the oxidative metabolism of organic acids, evolved to become the major carboxylation pathway for succinate production. Both PCK enzyme activity and gene expression levels increased significantly in two stages because of several mutations during the metabolic evolution process. High-level expression of this enzyme-dominated CO(2) fixation and increased ATP yield (1 ATP per oxaloacetate). In addition, the native PEP-dependent phosphotransferase system for glucose uptake was inactivated by a mutation in ptsI. This glucose transport function was replaced by increased expression of the GalP permease (galP) and glucokinase (glk). Results of deleting individual transport genes confirmed that GalP served as the dominant glucose transporter in evolved strains. Using this alternative transport system would increase the pool of PEP available for redox balance. This change would also increase energy efficiency by eliminating the need to produce additional PEP from pyruvate, a reaction that requires two ATP equivalents. Together, these changes converted the wild-type E. coli fermentation pathway for succinate into a functional equivalent of the native pathway that nature evolved in succinate-producing rumen bacteria.	Proceedings of the National Academy of Sciences of the United States of America	2009	2777959.0	10.1073/pnas.0905396106	Journal Article,Research Support, Non-U.S. Gov't,Research Support, U.S. Gov't, Non-P.H.S.,	[ForeName:Xueli,LastName:Zhang] [ForeName:Kaemwich,LastName:Jantama] [ForeName:Jonathan C,LastName:Moore] [ForeName:Laura R,LastName:Jarboe] [ForeName:Keelnatham T,LastName:Shanmugam] [ForeName:Lonnie O,LastName:Ingram]
25738959	Rapid evolution of recombinant Saccharomyces cerevisiae for Xylose fermentation through formation of extra-chromosomal circular DNA.	Circular DNA elements are involved in genome plasticity, particularly of tandem repeats. However, amplifications of DNA segments in Saccharomyces cerevisiae reported so far involve pre-existing repetitive sequences such as ribosomal DNA, Ty elements and Long Terminal Repeats (LTRs). Here, we report the generation of an eccDNA, (extrachromosomal circular DNA element) in a region without any repetitive sequences during an adaptive evolution experiment. We performed whole genome sequence comparison between an efficient D-xylose fermenting yeast strain developed by metabolic and evolutionary engineering, and its parent industrial strain. We found that the heterologous gene XylA that had been inserted close to an ARS sequence in the parent strain has been amplified about 9 fold in both alleles of the chromosomal locus of the evolved strain compared to its parent. Analysis of the amplification process during the adaptive evolution revealed formation of a XylA-carrying eccDNA, pXI2-6, followed by chromosomal integration in tandem arrays over the course of the evolutionary adaptation. Formation of the eccDNA occurred in the absence of any repetitive DNA elements, probably using a micro-homology sequence of 8 nucleotides flanking the amplified sequence. We isolated the pXI2-6 eccDNA from an intermediate strain of the evolutionary adaptation process, sequenced it completely and showed that it confers high xylose fermentation capacity when it is transferred to a new strain. In this way, we have provided clear evidence that gene amplification can occur through generation of eccDNA without the presence of flanking repetitive sequences and can serve as a rapid means of adaptation to selection pressure.	PLoS genetics	2015	4352087.0	10.1371/journal.pgen.1005010	Journal Article,Research Support, Non-U.S. Gov't,	[ForeName:Mekonnen M,LastName:Demeke] [ForeName:María R,LastName:Foulquié-Moreno] [ForeName:Françoise,LastName:Dumortier] [ForeName:Johan M,LastName:Thevelein]
25151135	A microbial biomanufacturing platform for natural and semisynthetic opioids.	Opiates and related molecules are medically essential, but their production via field cultivation of opium poppy Papaver somniferum leads to supply inefficiencies and insecurity. As an alternative production strategy, we developed baker's yeast Saccharomyces cerevisiae as a microbial host for the transformation of opiates. Yeast strains engineered to express heterologous genes from P. somniferum and bacterium Pseudomonas putida M10 convert thebaine to codeine, morphine, hydromorphone, hydrocodone and oxycodone. We discovered a new biosynthetic branch to neopine and neomorphine, which diverted pathway flux from morphine and other target products. We optimized strain titer and specificity by titrating gene copy number, enhancing cosubstrate supply, applying a spatial engineering strategy and performing high-density fermentation, which resulted in total opioid titers up to 131 mg/l. This work is an important step toward total biosynthesis of valuable benzylisoquinoline alkaloid drug molecules and demonstrates the potential for developing a sustainable and secure yeast biomanufacturing platform for opioids.	Nature chemical biology	2014	4167936.0	10.1038/nchembio.1613	Journal Article,Research Support, N.I.H., Extramural,Research Support, Non-U.S. Gov't,	[ForeName:Kate,LastName:Thodey] [ForeName:Stephanie,LastName:Galanie] [ForeName:Christina D,LastName:Smolke]
25769286	Production of bioactive ginsenosides Rh2 and Rg3 by metabolically engineered yeasts.	Ginsenosides Rh2 and Rg3 represent promising candidates for cancer prevention and therapy and have low toxicity. However, the concentrations of Rh2 and Rg3 are extremely low in the bioactive constituents (triterpene saponins) of ginseng. Despite the available heterologous biosynthesis of their aglycone (protopanaxadiol, PPD) in yeast, production of Rh2 and Rg3 by a synthetic biology approach was hindered by the absence of bioparts to glucosylate the C3 hydroxyl of PPD. In this study, two UDP-glycosyltransferases (UGTs) were cloned and identified from Panax ginseng. UGTPg45 selectively transfers a glucose moiety to the C3 hydroxyl of PPD and its ginsenosides. UGTPg29 selectively transfers a glucose moiety to the C3 glucose of Rh2 to form a 1-2-glycosidic bond. Based on the two UGTs and a yeast chassis to produce PPD, yeast cell factories were built to produce Rh2 and/or Rg3 from glucose. The turnover number (kcat) of UGTPg29 was more than 2500-fold that of UGTPg45, which might explain the higher Rg3 yield than that of Rh2 in the yeast cell factories. Building yeast cell factories to produce Rh2 or Rg3 from simple sugars by microbial fermentation provides an alternative approach to replace the traditional method of extracting ginsenosides from Panax plants.	Metabolic engineering	2015		10.1016/j.ymben.2015.03.003	Journal Article,Research Support, Non-U.S. Gov't,	[ForeName:Pingping,LastName:Wang] [ForeName:Yongjun,LastName:Wei] [ForeName:Yun,LastName:Fan] [ForeName:Qunfang,LastName:Liu] [ForeName:Wei,LastName:Wei] [ForeName:Chengshuai,LastName:Yang] [ForeName:Lei,LastName:Zhang] [ForeName:Guoping,LastName:Zhao] [ForeName:Jianmin,LastName:Yue] [ForeName:Xing,LastName:Yan] [ForeName:Zhihua,LastName:Zhou]
26122736	Identification of enhanced hydrogen and ethanol Escherichia coli producer strains in a glycerol-based medium by screening in single-knock out mutant collections.	Earth's climate is warming as a result of anthropogenic emissions of greenhouse gases from fossil fuel combustion. Bioenergy, which includes biodiesel, biohydrogen and bioethanol, has emerged as a sustainable alternative fuel source. For this reason, in recent years biodiesel production has become widespread but this industry currently generates a huge amount of glycerol as a by-product, which has become an environmental problem in its own right. A feasible possibility to solve this problem is the use of waste glycerol as a carbon source for microbial transformation into biofuels such as hydrogen and ethanol. For instance, Escherichia coli is a microorganism that can synthesize these compounds under anaerobic conditions.	Microbial cell factories	2015	4485358.0	10.1186/s12934-015-0285-6	Journal Article,Research Support, Non-U.S. Gov't,	[ForeName:Antonio,LastName:Valle] [ForeName:Gema,LastName:Cabrera] [ForeName:Domingo,LastName:Cantero] [ForeName:Jorge,LastName:Bolivar]
25838211	Application of CRISPRi for prokaryotic metabolic engineering involving multiple genes, a case study: Controllable P(3HB-co-4HB) biosynthesis.	Clustered regularly interspaced short palindromic repeats interference (CRISPRi) is used to edit eukaryotic genomes. Here, we show that CRISPRi can also be used for fine-tuning prokaryotic gene expression while simultaneously regulating multiple essential gene expression with less labor and time consumption. As a case study, CRISPRi was used to control polyhydroxyalkanoate (PHA) biosynthesis pathway flux and to adjust PHA composition. A pathway was constructed in Escherichia coli for the production of poly(3-hydroxybutyrate-co-4-hydroxybutyrate) [P(3HB-co-4HB)] from glucose. The native gene sad encoding E. coli succinate semi-aldehyde dehydrogenase was expressed under the control of CRISPRi using five specially designed single guide RNAs (sgRNAs) for regulating carbon flux to 4-hydroxybutyrate (4HB) biosynthesis. The system allowed formation of P(3HB-co-4HB) consisting of 1-9mol% 4HB. Additionally, succinate, generated by succinyl-coA synthetase and succinate dehydrogenase (respectively encoded by genes sucC, sucD and sdhA, sdhB) was channeled preferentially to the 4HB precursor by using selected sgRNAs such as sucC2, sucD2, sdhB2 and sdhA1 via CRISPRi. The resulting 4HB content in P(3HB-co-4HB) was found to range from 1.4 to 18.4mol% depending on the expression levels of down-regulated genes. The results show that CRISPRi is a feasible method to simultaneously manipulate multiple genes in E. coli.	Metabolic engineering	2015		10.1016/j.ymben.2015.03.013	Journal Article,Research Support, Non-U.S. Gov't,	[ForeName:Li,LastName:Lv] [ForeName:Yi-Lin,LastName:Ren] [ForeName:Jin-Chun,LastName:Chen] [ForeName:Qiong,LastName:Wu] [ForeName:Guo-Qiang,LastName:Chen]
26175798	Butanol production in S. cerevisiae via a synthetic ABE pathway is enhanced by specific metabolic engineering and butanol resistance.	The fermentation of sugars to alcohols by microbial systems underpins many biofuel initiatives. Short chain alcohols, like n-butanol, isobutanol and isopropanol, offer significant advantages over ethanol in terms of fuel attributes. However, production of ethanol from resistant Saccharomyces cerevisiae strains is significantly less complicated than for these alternative alcohols.	Biotechnology for biofuels	2015	4501090.0	10.1186/s13068-015-0281-4	Journal Article,	[ForeName:R,LastName:Swidah] [ForeName:H,LastName:Wang] [ForeName:P J,LastName:Reid] [ForeName:H Z,LastName:Ahmed] [ForeName:A M,LastName:Pisanelli] [ForeName:K C,LastName:Persaud] [ForeName:C M,LastName:Grant] [ForeName:M P,LastName:Ashe]
25687103	Engineering of global regulator cAMP receptor protein (CRP) in Escherichia coli for improved lycopene production.	Transcriptional engineering has received significant attention for improving strains by modulating the behavior of transcription factors, which could be used to reprogram a series of gene transcriptions and enable multiple simultaneous modifications at the genomic level. In this study, engineering of the cAMP receptor protein (CRP) was explored with the aim of subtly balancing entire pathway networks and potentially improving lycopene production without significant genetic intervention in other pathways. Amino acid mutations were introduced to CRP by error-prone PCR, and three variants (mcrp26, mcrp159 and mcrp424) with increased lycopene productivity were screened. Combinations of three point mutations were then created via site-directed mutagenesis. The best mutant gene (mcrp26) was integrated into the genome of E. coli BW25113-BIE to replace the wild-type crp gene (MT-1), which resulted in a higher lycopene production (18.49mg/g DCW) compared to the original strain (WT). The mutant strain MT-1 was further investigated in a 10-L bench-top fermentor with a lycopene yield of 128mg/l at 20h, approximately 25% higher than WT. DNA microarray analyses showed that 396 genes (229 up-regulated and 167 down-regulated) were differentially expressed in the mutant MT-1 compared to WT. Finally, the introduction of the mutant crp gene (mcrp26) increased β-carotene production in E. coli. This is the first report of improving the phenotype for metabolite overproduction in E. coli using a CRP engineering strategy.	Journal of biotechnology	2015		10.1016/j.jbiotec.2015.02.006	Journal Article,Research Support, Non-U.S. Gov't,	[ForeName:Lei,LastName:Huang] [ForeName:Yue,LastName:Pu] [ForeName:Xiuliang,LastName:Yang] [ForeName:Xiangcheng,LastName:Zhu] [ForeName:Jin,LastName:Cai] [ForeName:Zhinan,LastName:Xu]
24449476	Engineering of a butyraldehyde dehydrogenase of Clostridium saccharoperbutylacetonicum to fit an engineered 1,4-butanediol pathway in Escherichia coli.	1,4-Butanediol (1,4-BDO) is currently produced from succinate via six enzymatic reactions in an engineered Escherichia coli strain. Butyraldehyde dehydrogenase (Bld) and butanol dehydrogenase of Clostridium saccharoperbutylacetonicum were selected based on their activities of catalyzing the final two reactions in the 1,4-BDO pathway. To fit Bld into the non-natural 1,4-BDO pathway, we engineered it through random mutagenesis. Five Bld mutants were then isolated using a colorimetric Schiff's reagent-based method. Subsequent site-directed mutagenesis of Bld generated the two best Bld mutants, L273I and L273T, which produced 1,4-BDO titers fourfold greater than those of wild-type Bld. The enhanced 1,4-BDO titers obtained using L273I and L273T clearly correlated with their enhanced activities, which were caused by amino acid mutations at position 273 of Bld. The highest titer of 1,4-BDO (660 ± 40 mg/L) was obtained in a knock-out E. coli strain [ΔldhA ΔpflB ΔadhE ΔlpdA::K. lpd(E354K) Δmdh ΔarcA gltA(R164L)] coexpressing Bld273T+Bdh.	Biotechnology and bioengineering	2014		10.1002/bit.25196	Journal Article,Research Support, Non-U.S. Gov't,	[ForeName:Hee Jin,LastName:Hwang] [ForeName:Jin Hwan,LastName:Park] [ForeName:Jin Ho,LastName:Kim] [ForeName:Min Kyung,LastName:Kong] [ForeName:Jin Won,LastName:Kim] [ForeName:Jin Woo,LastName:Park] [ForeName:Kwang Myung,LastName:Cho] [ForeName:Pyung Cheon,LastName:Lee]
25889729	Isobutanol production from cellobionic acid in Escherichia coli.	Liquid fuels needed for the global transportation industry can be produced from sugars derived from plant-based lignocellulosics. Lignocellulosics contain a range of sugars, only some of which (such as cellulose) have been shown to be utilizable by microorganisms capable of producing biofuels. Cellobionic acid makes up a small but significant portion of lignocellulosic degradation products, and had not previously been investigated as an utilizable substrate. However, aldonic acids such as cellobionic acid are the primary products of a promising new group of lignocellulosic-degrading enzymes, which makes this compound group worthy of study. Cellobionic acid doesn't inhibit cellulose degradation enzymes and so its inclusion would increase lignocellulosic degradation efficiency. Also, its use would increase overall product yield from lignocellulose substrate. For these reasons, cellobionic acid has gained increased attention for cellulosic biofuel production.	Microbial cell factories	2015	4403981.0	10.1186/s12934-015-0232-6	Journal Article,Research Support, U.S. Gov't, Non-P.H.S.,	[ForeName:Shuchi H,LastName:Desai] [ForeName:Christine A,LastName:Rabinovitch-Deere] [ForeName:Zhiliang,LastName:Fan] [ForeName:Shota,LastName:Atsumi]
25554074	Principal component analysis of proteomics (PCAP) as a tool to direct metabolic engineering.	Targeted proteomics is a convenient method determining enzyme expression levels, but a quantitative analysis of these proteomic data has not been fully explored yet. Here, we present and demonstrate a computational tool (principal component analysis of proteomics, PCAP) that uses quantitative targeted proteomics data to guide metabolic engineering and achieve higher production of target molecules from heterologous pathways. The method is based on the application of principal component analysis to a collection of proteomics and target molecule production data to pinpoint specific enzymes that need to have their expression level adjusted to maximize production. We illustrated the method on the heterologous mevalonate pathway in Escherichia coli that produces a wide range of isoprenoids and requires balanced pathway gene expression for high yields and titers. PCAP-guided engineering resulted in over a 40% improvement in the production of two valuable terpenes. PCAP could potentially be productively applied to other heterologous pathways as well.	Metabolic engineering	2015		10.1016/j.ymben.2014.11.011	Journal Article,Research Support, Non-U.S. Gov't,Research Support, U.S. Gov't, Non-P.H.S.,	[ForeName:Jorge,LastName:Alonso-Gutierrez] [ForeName:Eun-Mi,LastName:Kim] [ForeName:Tanveer S,LastName:Batth] [ForeName:Nathan,LastName:Cho] [ForeName:Qijun,LastName:Hu] [ForeName:Leanne Jade G,LastName:Chan] [ForeName:Christopher J,LastName:Petzold] [ForeName:Nathan J,LastName:Hillson] [ForeName:Paul D,LastName:Adams] [ForeName:Jay D,LastName:Keasling] [ForeName:Hector,LastName:Garcia Martin] [ForeName:Taek Soon,LastName:Lee]
25558867	Distributing a metabolic pathway among a microbial consortium enhances production of natural products.	Metabolic engineering of microorganisms such as Escherichia coli and Saccharomyces cerevisiae to produce high-value natural metabolites is often done through functional reconstitution of long metabolic pathways. Problems arise when parts of pathways require specialized environments or compartments for optimal function. Here we solve this problem through co-culture of engineered organisms, each of which contains the part of the pathway that it is best suited to hosting. In one example, we divided the synthetic pathway for the acetylated diol paclitaxel precursor into two modules, expressed in either S. cerevisiae or E. coli, neither of which can produce the paclitaxel precursor on their own. Stable co-culture in the same bioreactor was achieved by designing a mutualistic relationship between the two species in which a metabolic intermediate produced by E. coli was used and functionalized by yeast. This synthetic consortium produced 33 mg/L oxygenated taxanes, including a monoacetylated dioxygenated taxane. The same method was also used to produce tanshinone precursors and functionalized sesquiterpenes.	Nature biotechnology	2015	4867547.0	10.1038/nbt.3095	Journal Article,Research Support, N.I.H., Extramural,Research Support, Non-U.S. Gov't,	[ForeName:Kang,LastName:Zhou] [ForeName:Kangjian,LastName:Qiao] [ForeName:Steven,LastName:Edgar] [ForeName:Gregory,LastName:Stephanopoulos]
25510247	Engineering of Serine-Deamination pathway, Entner-Doudoroff pathway and pyruvate dehydrogenase complex to improve poly(3-hydroxybutyrate) production in Escherichia coli.	Poly(3-hydroxybutyrate) (PHB), a biodegradable bio-plastic, is one of the most common homopolymer of polyhydroxyalkanoates (PHAs). PHB is synthesized by a variety of microorganisms as intracellular carbon and energy storage compounds in response to environmental stresses. Bio-based production of PHB from renewable feedstock is a promising and sustainable alternative to the petroleum-based chemical synthesis of plastics. In this study, a novel strategy was applied to improve the PHB biosynthesis from different carbon sources.	Microbial cell factories	2014	4279783.0	10.1186/s12934-014-0172-6	Journal Article,Research Support, Non-U.S. Gov't,	[ForeName:Yan,LastName:Zhang] [ForeName:Zhenquan,LastName:Lin] [ForeName:Qiaojie,LastName:Liu] [ForeName:Yifan,LastName:Li] [ForeName:Zhiwen,LastName:Wang] [ForeName:Hongwu,LastName:Ma] [ForeName:Tao,LastName:Chen] [ForeName:Xueming,LastName:Zhao]
26194559	Combining rational metabolic engineering and flux optimization strategies for efficient production of fumaric acid.	Fumaric acid is an important C4-dicarboxylic acid widely used in chemical, food, and pharmaceutical industries. Rational metabolic engineering together with flux optimization were performed for the development of an Escherichia coli strain capable of efficiently producing fumaric acid. The initial engineered strain, CWF4N overexpressing phosphoenolpyruvate carboxylase (PPC), produced 5.30 g/L of fumaric acid. Optimization of PPC flux by examining 24 types of synthetic PPC expression vectors further increased the titer up to 5.72 g/L with a yield of 0.432 g/g·glucose. Overexpression of the succinate dehydrogenase complex (sdhCDAB) led to an increase in carbon yield up to 0.493 g/g·glucose. Based on this mutant strain, citrate synthase (CS) was combinatorially overexpressed and balanced with PPC using 48 types of synthetic expression vectors. As a result, 6.24 g/L of fumaric acid was produced with a yield of 0.500 g/g·glucose. Fed-batch culture of this final strain allowed production of 25.5 g/L of fumaric acid with a yield of 0.366 g/g·glucose. Deletion of the aspA gene encoding aspartase and supplementation of aspartic acid further increased the fumaric acid titer to 35.1 g/L with a yield of 0.490 g/g·glucose.	Applied microbiology and biotechnology	2015		10.1007/s00253-015-6816-6	Journal Article,Research Support, Non-U.S. Gov't,	[ForeName:Chan Woo,LastName:Song] [ForeName:Sang Yup,LastName:Lee]
25463785	Engineering Escherichia coli for fumaric acid production from glycerol.	The evolved mutant Escherichia coli E2 previously developed for succinate production from glycerol was engineered in this study for fumaric acid production under aerobic conditions. Through deletion of three fumarases, 3.65g/L fumaric acid was produced with the yield of 0.25mol/mol glycerol and a large amount of acetate was accumulated as the main byproduct. In order to reduce acetate production several strategies were attempted, among which increasing the flux of the anaplerotic pathways through overexpression of phosphoenolpyruvate carboxylase gene ppc or the glyoxylate shunt operon aceBA effectively reduced acetate and improved fumaric acid production. In fed-batch culture, the resulting strain EF02(pSCppc) produced 41.5g/L fumaric acid from glycerol with 70% of the maximum theoretical yield and an overall productivity of 0.51g/L/h.	Bioresource technology	2014		10.1016/j.biortech.2014.09.147	Journal Article,Research Support, Non-U.S. Gov't,	[ForeName:Ning,LastName:Li] [ForeName:Bo,LastName:Zhang] [ForeName:Zhiwen,LastName:Wang] [ForeName:Ya-Jie,LastName:Tang] [ForeName:Tao,LastName:Chen] [ForeName:Xueming,LastName:Zhao]
25542849	Design of homo-organic acid producing strains using multi-objective optimization.	Production of homo-organic acids without byproducts is an important challenge in bioprocess engineering to minimize operation cost for separation processes. In this study, we used multi-objective optimization to design Escherichia coli strains with the goals of maximally producing target organic acids, while maintaining sufficiently high growth rate and minimizing the secretion of undesired byproducts. Homo-productions of acetic, lactic and succinic acids were targeted as examples. Engineered E. coli strains capable of producing homo-acetic and homo-lactic acids could be developed by taking this systems approach for the minimal identification of gene knockout targets. Also, failure to predict effective gene knockout targets for the homo-succinic acid production suggests that the multi-objective optimization is useful in assessing the suitability of a microorganism as a host strain for the production of a homo-organic acid. The systems metabolic engineering-based approach reported here should be applicable to the production of other industrially important organic acids.	Metabolic engineering	2015		10.1016/j.ymben.2014.11.012	Journal Article,Research Support, Non-U.S. Gov't,	[ForeName:Tae Yong,LastName:Kim] [ForeName:Jong Myoung,LastName:Park] [ForeName:Hyun Uk,LastName:Kim] [ForeName:Kwang Myung,LastName:Cho] [ForeName:Sang Yup,LastName:Lee]
25899755	Enforced ATP futile cycling increases specific productivity and yield of anaerobic lactate production in Escherichia coli.	The manipulation of cofactor pools such as ATP or NAD(P)H has for long been recognized as key targets for metabolic engineering of microorganisms to improve yields and productivities of biotechnological processes. Several works in the past have shown that enforcing ATP futile cycling may enhance the synthesis of certain products under aerobic conditions. However, case studies demonstrating that ATP wasting may also have beneficial effects for anaerobic production processes are scarce. Taking lactic acid as an economically relevant product, we demonstrate that induction of ATP futile cycling in Escherichia coli leads to increased yields and specific production rates under anaerobic conditions, even in the case where lactate is already produced with high yields. Specifically, we constructed a high lactate producer strain KBM10111 (= MG1655 ΔadhE::Cam ΔackA-pta) and implemented an IPTG-inducible overexpression of ppsA encoding for PEP synthase which, together with pyruvate kinase, gives rise to an ATP consuming cycle. Under induction of ppsA, KBM10111 exhibits a 25% higher specific lactate productivity as well as an 8% higher lactate yield. Furthermore, the specific substrate uptake rate was increased by 14%. However, trade-offs between specific and volumetric productivities must be considered when ATP wasting strategies are used to shift substrate conversion from biomass to product synthesis and we discuss potential solutions to design optimal processes. In summary, enforced ATP futile cycling has great potential to optimize a variety of production processes and our study demonstrates that this holds true also for anaerobic processes.	Biotechnology and bioengineering	2015		10.1002/bit.25623	Journal Article,Research Support, Non-U.S. Gov't,	[ForeName:Oliver,LastName:Hädicke] [ForeName:Katja,LastName:Bettenbrock] [ForeName:Steffen,LastName:Klamt]
26410451	Engineering of methionine chain elongation part of glucoraphanin pathway in E. coli.	The methionine-derived glucosinolate glucoraphanin is associated with the health-promoting properties of broccoli. This has developed a strong interest in producing this compound in high amounts from a microbial source. Glucoraphanin synthesis starts with a five-gene chain elongation pathway that converts methionine to dihomo-methionine, which is subsequently converted to glucoraphanin by the seven-gene glucosinolate core structure pathway. As dihomo-methionine is the precursor amino acid for glucoraphanin production, a first challenge is to establish an expression system for production of dihomo-methionine. In planta, the methionine chain elongation enzymes are physically separated within the cell with the first enzyme in the cytosol while the rest are located in the chloroplast. A de-compartmentalization approach was applied to produce dihomo-methionine by expression of the respective plant genes in Escherichia coli cytosol. Introduction of two plasmids encoding the methionine chain elongation pathway into E. coli resulted in production of 25mgL(-1) of dihomo-methionine. In addition to chain-elongated methionine products, side-products from chain elongation of leucine were produced. Methionine supplementation enhanced dihomo-methionine production to 57mgL(-1), while keeping a steady level of the chain-elongated leucine products. Engineering of the de-compartmentalized pathway of dihomo-methionine in E. coli cytosol provides an important first step for microbial production of the health-promoting glucoraphanin.	Metabolic engineering	2016		10.1016/j.ymben.2015.09.012	Journal Article,Research Support, Non-U.S. Gov't,	[ForeName:Nadia,LastName:Mirza] [ForeName:Christoph,LastName:Crocoll] [ForeName:Carl,LastName:Erik Olsen] [ForeName:Barbara,LastName:Ann Halkier]
25956650	YeastFab: the design and construction of standard biological parts for metabolic engineering in Saccharomyces cerevisiae.	It is a routine task in metabolic engineering to introduce multicomponent pathways into a heterologous host for production of metabolites. However, this process sometimes may take weeks to months due to the lack of standardized genetic tools. Here, we present a method for the design and construction of biological parts based on the native genes and regulatory elements in Saccharomyces cerevisiae. We have developed highly efficient protocols (termed YeastFab Assembly) to synthesize these genetic elements as standardized biological parts, which can be used to assemble transcriptional units in a single-tube reaction. In addition, standardized characterization assays are developed using reporter constructs to calibrate the function of promoters. Furthermore, the assembled transcription units can be either assayed individually or applied to construct multi-gene metabolic pathways, which targets a genomic locus or a receiving plasmid effectively, through a simple in vitro reaction. Finally, using β-carotene biosynthesis pathway as an example, we demonstrate that our method allows us not only to construct and test a metabolic pathway in several days, but also to optimize the production through combinatorial assembly of a pathway using hundreds of regulatory biological parts.	Nucleic acids research	2015	4513847.0	10.1093/nar/gkv464	Journal Article,Research Support, Non-U.S. Gov't,	[ForeName:Yakun,LastName:Guo] [ForeName:Junkai,LastName:Dong] [ForeName:Tong,LastName:Zhou] [ForeName:Jamie,LastName:Auxillos] [ForeName:Tianyi,LastName:Li] [ForeName:Weimin,LastName:Zhang] [ForeName:Lihui,LastName:Wang] [ForeName:Yue,LastName:Shen] [ForeName:Yisha,LastName:Luo] [ForeName:Yijing,LastName:Zheng] [ForeName:Jiwei,LastName:Lin] [ForeName:Guo-Qiang,LastName:Chen] [ForeName:Qingyu,LastName:Wu] [ForeName:Yizhi,LastName:Cai] [ForeName:Junbiao,LastName:Dai]
26057003	Metabolic engineering of Escherichia coli for the production of 3-aminopropionic acid.	A novel metabolic pathway was designed for the production of 3-aminopropionic acid (3-AP), an important platform chemical for manufacturing acrylamide and acrylonitrile. Using a fumaric acid producing Escherichia coli strain as a host, the Corynebacterium glutamicum panD gene (encoding L-aspartate-α-decarboxylase) was overexpressed and the native promoter of the aspA gene was replaced with the strong trc promoter, which allowed aspartic acid production through the aspartase-catalyzed reaction. Additional overexpression of aspA and ppc genes, and supplementation of ammonium sulfate in the medium allowed production of 3.49 g/L 3-AP. The 3-AP titer was further increased to 3.94 g/L by optimizing the expression level of PPC using synthetic promoters and RBS sequences. Finally, native promoter of the acs gene was replaced with strong trc promoter to reduce acetic acid accumulation. Fed-batch culture of the final strain allowed production of 32.3 g/L 3-AP in 39 h.	Metabolic engineering	2015		10.1016/j.ymben.2015.05.005	Journal Article,Research Support, Non-U.S. Gov't,	[ForeName:Chan Woo,LastName:Song] [ForeName:Joungmin,LastName:Lee] [ForeName:Yoo-Sung,LastName:Ko] [ForeName:Sang Yup,LastName:Lee]
25792511	Quorum-sensing linked RNA interference for dynamic metabolic pathway control in Saccharomyces cerevisiae.	Some of the most productive metabolic engineering strategies involve genetic modifications that cause severe metabolic burden on the host cell. Growth-limiting genetic modifications can be more effective if they are 'switched on' after a population growth phase has been completed. To address this problem we have engineered dynamic regulation using a previously developed synthetic quorum sensing circuit in Saccharomyces cerevisiae. The circuit autonomously triggers gene expression at a high population density, and was linked with an RNA interference module to enable target gene silencing. As a demonstration the circuit was used to control flux through the shikimate pathway for the production of para-hydroxybenzoic acid (PHBA). Dynamic RNA repression allowed gene knock-downs which were identified by elementary flux mode analysis as highly productive but with low biomass formation to be implemented after a population growth phase, resulting in the highest published PHBA titer in yeast (1.1mM).	Metabolic engineering	2015		10.1016/j.ymben.2015.03.008	Journal Article,Research Support, Non-U.S. Gov't,	[ForeName:T C,LastName:Williams] [ForeName:N J H,LastName:Averesch] [ForeName:G,LastName:Winter] [ForeName:M R,LastName:Plan] [ForeName:C E,LastName:Vickers] [ForeName:L K,LastName:Nielsen] [ForeName:J O,LastName:Krömer]
11133421	Lactobacillus coryniformis subsp. coryniformis strain Si3 produces a broad-spectrum proteinaceous antifungal compound.	The antifungal activity spectrum of Lactobacillus coryniformis subsp. coryniformis strain Si3 was investigated. The strain had strong inhibitory activity in dual-culture agar plate assays against the molds Aspergillus fumigatus, A. nidulans, Penicillium roqueforti, Mucor hiemalis, Talaromyces flavus, Fusarium poae, F. graminearum, F. culmorum, and F. sporotrichoides. A weaker activity was observed against the yeasts Debaryomyces hansenii, Kluyveromyces marxianus, and Saccharomyces cerevisiae. The yeasts Rhodotorula glutinis, Sporobolomyces roseus, and Pichia anomala were not inhibited. In liquid culture the antifungal activity paralleled growth, with maximum mold inhibition early in the stationary growth phase, but with a rapid decline in antifungal activity after 48 h. The addition of ethanol to the growth medium prevented the decline and gave an increased antifungal activity. The activity was stable during heat treatment and was retained even after autoclaving at 121 degrees C for 15 min. Maximum activity was observed at pH values of between 3. 0 and 4.5, but it decreased rapidly when pH was adjusted to a level between 4.5 and 6.0 and was lost at higher pH values. The antifungal activity was fully regained after readjustment of the pH to the initial value (pH 3.6). The activity was irreversibly lost after treatment with proteolytic enzymes (proteinase K, trypsin, and pepsin). The antifungal activity was partially purified using ion-exchange chromatography and (NH(4))(2)SO(4) precipitation, followed by gel filtration chromatography. The active compound(s) was estimated to have a molecular mass of approximately 3 kDa. This is the first report of the production of a proteinaceous antifungal compound(s) from L. coryniformis subsp. coryniformis.	Applied and environmental microbiology	2001	92504.0	10.1128/AEM.67.1.1-5.2001	Journal Article,Research Support, Non-U.S. Gov't,	[ForeName:J,LastName:Magnusson] [ForeName:J,LastName:Schnürer]
25959020	Construction of lycopene-overproducing Saccharomyces cerevisiae by combining directed evolution and metabolic engineering.	Improved supply of farnesyl diphosphate (FPP) is often considered as a typical strategy for engineering Saccharomyces cerevisiae towards efficient terpenoid production. However, in the engineered strains with enhanced precursor supply, the production of the target metabolite is often impeded by insufficient capacity of the heterologous terpenoid pathways, which limits further conversion of FPP. Here, we tried to assemble an unimpeded biosynthesis pathway by combining directed evolution and metabolic engineering in S. cerevisiae for lycopene-overproduction. First, the catalytic ability of phytoene syntheses from different sources was investigated based on lycopene accumulation. Particularly, the lycopene cyclase function of the bifunctional enzyme CrtYB from Xanthophyllomyces dendrorhous was inactivated by deletion of functional domain and directed evolution to obtain mutants with solely phytoene synthase function. Coexpression of the resulting CrtYB11M mutant along with the CrtE and CrtI genes from X. dendrorhous, and the tHMG1 gene from S. cerevisiae led to production of 4.47 mg/g DCW (Dry cell weight) of lycopene and 25.66 mg/g DCW of the by-product squalene. To further increase the FPP competitiveness of the lycopene synthesis pathway, we tried to enhance the catalytic performance of CrtE by directed evolution and created a series of pathway variants by varying the copy number of Crt genes. Finally, fed-batch fermentation was conducted for the diploid strain YXWPD-14 resulting in accumulation of 1.61 g/L (24.41 mg/g DCW) of lycopene, meanwhile, the by-production of squalene was reduced to below 1 mg/g DCW.	Metabolic engineering	2015		10.1016/j.ymben.2015.04.009	Journal Article,Research Support, Non-U.S. Gov't,	[ForeName:Wenping,LastName:Xie] [ForeName:Xiaomei,LastName:Lv] [ForeName:Lidan,LastName:Ye] [ForeName:Pingping,LastName:Zhou] [ForeName:Hongwei,LastName:Yu]
26197036	Efficient production of xylitol from hemicellulosic hydrolysate using engineered Escherichia coli.	A metabolically engineered Escherichia coli has been constructed for the production of xylitol, one of the top 12 platform chemicals from agricultural sources identified by the US Department of Energy. An optimal plasmid was constructed to express xylose reductase from Neurospora crassa with almost no inclusion bodies at relatively high temperature. The phosphoenolpyruvate-dependent glucose phosphotransferase system (ptsG) was disrupted to eliminate catabolite repression and allow simultaneous uptake of glucose and xylose. The native pathway for D-xylose catabolism in E. coli W3110 was blocked by deleting the xylose isomerase (xylA) and xylulose kinase (xylB) genes. The putative pathway for xylitol phosphorylation was also blocked by disrupting the phosphoenolpyruvate-dependent fructose phosphotransferase system (ptsF). The xylitol producing recombinant E. coli allowed production of 172.4 g L(-1) xylitol after 110 h of fed-batch cultivation with an average productivity of 1.57 g L(-1) h(-1). The molar yield of xylitol to glucose reached approximately 2.2 (mol xylitol mol(-1) glucose). Furthermore, the recombinant strain also produced about 150 g L(-1) xylitol from hemicellulosic sugars in modified M9 minimal medium and the overall productivity was 1.40 g L(-1) h(-1), representing the highest xylitol concentration and productivity reported to date from hemicellulosic sugars using bacteria. Thus, this engineered E. coli is a candidate for the development of efficient industrial-scale production of xylitol from hemicellulosic hydrolysate.	Metabolic engineering	2015		10.1016/j.ymben.2015.07.003	Journal Article,Research Support, Non-U.S. Gov't,	[ForeName:Buli,LastName:Su] [ForeName:Mianbin,LastName:Wu] [ForeName:Zhe,LastName:Zhang] [ForeName:Jianping,LastName:Lin] [ForeName:Lirong,LastName:Yang]
9627382	A novel fermentation pathway in an Escherichia coli mutant producing succinic acid, acetic acid, and ethanol.	Escherichia coli strain NZN111, which is unable to grow fermentatively because of insertional inactivation of the genes encoding pyruvate: formate lyase and the fermentative lactate dehydrogenase, gave rise spontaneously to a chromosomal mutation that restored its ability to ferment glucose. The mutant strain, named AFP111, fermented glucose more slowly than did its wild-type ancestor, strain W1485, and generated a very different spectrum of products. AFP111 produced succinic acid, acetic acid, and ethanol in proportions of approx 2:1:1. Calculations of carbon and electron balances accounted fully for the observed products; 1 mol of glucose was converted to 1 mol of succinic acid and 0.5 mol each of acetic acid and ethanol. The data support the emergence in E. coli of a novel succinic acid:acetic acid:ethanol fermentation pathway.	Applied biochemistry and biotechnology	1998		10.1007/BF02920135	Journal Article,Research Support, Non-U.S. Gov't,Research Support, U.S. Gov't, Non-P.H.S.,	[ForeName:M I,LastName:Donnelly] [ForeName:C S,LastName:Millard] [ForeName:D P,LastName:Clark] [ForeName:M J,LastName:Chen] [ForeName:J W,LastName:Rathke]
26108688	Production of farnesene and santalene by Saccharomyces cerevisiae using fed-batch cultivations with RQ-controlled feed.	Terpenes have various applications as fragrances, cosmetics and fuels. One of the most prominent examples is the sesquiterpene farnesene, which can be used as diesel substitute in its hydrogenated form farnesane. Recent metabolic engineering efforts have enabled efficient production of several terpenes in Saccharomyces cerevisiae and Escherichia coli. Plant terpene synthases take on an essential function for sesquiterpene production as they catalyze the specific conversion of the universal precursor farnesyl diphosphate (FPP) to the sesquiterpene of interest and thereby impose limitations on the overall productivity. Using farnesene as a case study, we chose three terpene synthases with distinct plant origins and compared their applicability for farnesene production in the yeast S. cerevisiae. Differences regarding the efficiency of these enzymes were observed in shake flask cultivation with maximal final titers of 4 mg/L using α-farnesene synthase from Malus domestica. By employing two existing platform strains optimized for sesquiterpene production, final titers could be raised up 170 mg/L in fed-batch fermentations with RQ-controlled exponential feeding. Based on these experiments, the difference between the selected synthases was not significant. Lastly, the same fermentation setup was used to compare these results to production of the fragrance sesquiterpene santalene, and almost equivalent titers were obtained with 163 mg/L, using the highest producing strain expressing a santalene synthase from Clausena lansium. However, a reduction of the product yield on biomass by 50% could indicate a higher catalytic efficiency of the farnesene synthase.	Biotechnology and bioengineering	2016		10.1002/bit.25683	Journal Article,Research Support, Non-U.S. Gov't,	[ForeName:Stefan,LastName:Tippmann] [ForeName:Gionata,LastName:Scalcinati] [ForeName:Verena,LastName:Siewers] [ForeName:Jens,LastName:Nielsen]
24894540	Metabolic engineering of Escherichia coli to enhance shikimic acid production from sorbitol.	Shikimic acid (SA) is the key synthetic material of Oseltamivir, which is an effective drug for the prevention and treatment of influenza. In this study, to block the downstream metabolic pathway of SA, the shikimate kinase isoenzyme genes aroK and aroL were deleted by Red recombination. Moreover, the key enzyme genes aroG, aroB, tktA and aroE of SA pathway were co-expressed by constructing the recombinant vector pETDuet-GBAE. As a result, SA production of E. coli BW25113 (∆aroL/aroK, DE3)/pETDuet-GBAE reached 1,077.6 mg/l when low amounts of sorbitol (5 g/l) were fed in shake flasks. The yield was 3.7 times that when glucose was used (P < 0.05). The results showed that sorbitol was an optimized carbon source for the high efficient accumulation of SA for the first time, which was applicable to use in the industry for high yields and low consumption.	World journal of microbiology & biotechnology	2014		10.1007/s11274-014-1679-z	Journal Article,Research Support, Non-U.S. Gov't,	[ForeName:Xianglei,LastName:Liu] [ForeName:Jun,LastName:Lin] [ForeName:Haifeng,LastName:Hu] [ForeName:Bin,LastName:Zhou] [ForeName:Baoquan,LastName:Zhu]
24927017	A highly tunable system for the simultaneous expression of multiple enzymes in Saccharomyces cerevisiae.	Control of the expression levels of multiple enzymes in transgenic yeasts is essential for the effective production of complex molecules through fermentation. Here, we propose a tunable strategy for the control of expression levels based on the design of terminator regions and other gene-expression control elements in Saccharomyces cerevisiae. Our genome-integrated system, which is capable of producing high expression levels over a wide dynamic range, will broadly enable metabolic engineering and synthetic biology. We demonstrated that the activities of multiple cellulases and the production of ethanol were doubled in a transgenic yeast constructed with our system compared with those achieved with a standard expression system.	ACS synthetic biology	2015		10.1021/sb500096y	Letter,	[ForeName:Yoichiro,LastName:Ito] [ForeName:Mamoru,LastName:Yamanishi] [ForeName:Akinori,LastName:Ikeuchi] [ForeName:Takashi,LastName:Matsuyama]
25796335	Autonomous production of 1,4-butanediol via a de novo biosynthesis pathway in engineered Escherichia coli.	1,4-Butanediol (BD) is an important chemical that is widely used in industry with an annual demand of one million metric tons. Here we report a modular development of engineered bacteria for successful BD bio-production. Using a systems engineering concept, we partitioned our development into two parts: namely BD biosynthesis and production control. The former was implemented through a de novo pathway that functions as an enzymatic reactor, while the latter was accomplished via synthetic circuits serving as genetic controllers. To facilitate development, the carbon utilizations were also partitioned into two routes. d-xylose was exclusively designated for BD production with other carbon sources utilized for cellular growth. Additionally, a quorum-sensing mechanism was exploited for production control, and the resulting strain was capable of autonomous production of BD. This study represents an example of the synergy between synthetic biology and metabolic engineering, affirming the need for deeper integration of the two fields.	Metabolic engineering	2015		10.1016/j.ymben.2015.03.009	Journal Article,Research Support, Non-U.S. Gov't,	[ForeName:Huaiwei,LastName:Liu] [ForeName:Ting,LastName:Lu]
25822415	CRISPathBrick: Modular Combinatorial Assembly of Type II-A CRISPR Arrays for dCas9-Mediated Multiplex Transcriptional Repression in E. coli.	Programmable control over an addressable global regulator would enable simultaneous repression of multiple genes and would have tremendous impact on the field of synthetic biology. It has recently been established that CRISPR/Cas systems can be engineered to repress gene transcription at nearly any desired location in a sequence-specific manner, but there remain only a handful of applications described to date. In this work, we report development of a vector possessing a CRISPathBrick feature, enabling rapid modular assembly of natural type II-A CRISPR arrays capable of simultaneously repressing multiple target genes in Escherichia coli. Iterative incorporation of spacers into this CRISPathBrick feature facilitates the combinatorial construction of arrays, from a small number of DNA parts, which can be utilized to generate a suite of complex phenotypes corresponding to an encoded genetic program. We show that CRISPathBrick can be used to tune expression of plasmid-based genes and repress chromosomal targets in probiotic, virulent, and commonly engineered E. coli strains. Furthermore, we describe development of pCRISPReporter, a fluorescent reporter plasmid utilized to quantify dCas9-mediated repression from endogenous promoters. Finally, we demonstrate that dCas9-mediated repression can be harnessed to assess the effect of downregulating both novel and computationally predicted metabolic engineering targets, improving the yield of a heterologous phytochemical through repression of endogenous genes. These tools provide a platform for rapid evaluation of multiplex metabolic engineering interventions.	ACS synthetic biology	2015		10.1021/acssynbio.5b00012	Journal Article,Research Support, Non-U.S. Gov't,Research Support, U.S. Gov't, Non-P.H.S.,	[ForeName:Brady F,LastName:Cress] [ForeName:Ö Duhan,LastName:Toparlak] [ForeName:Sanjay,LastName:Guleria] [ForeName:Matthew,LastName:Lebovich] [ForeName:Jessica T,LastName:Stieglitz] [ForeName:Jacob A,LastName:Englaender] [ForeName:J Andrew,LastName:Jones] [ForeName:Robert J,LastName:Linhardt] [ForeName:Mattheos A G,LastName:Koffas]
25788153	Metabolic control of respiratory levels in coenzyme Q biosynthesis-deficient Escherichia coli strains leading to fine-tune aerobic lactate fermentation.	A novel strategy to finely control the electron transfer chain (ETC) activity of Escherichia coli was established. In this study, the fine-tuning of the ubiquinone biosynthesis pathway was applied to further controlling ETC function in coenzyme Q8 biosynthesis-deficient E. coli strains, HW108 and HW109, which contain mutations in ubiE and ubiG, respectively. A competing pathway on the intermediate substrates of the Q8 synthesis pathway, catalyzed by diphosphate:4-hydroxybenzoate geranyltransferase (PGT-1) of Lithospermum erythrorhizon, was introduced into these mutant strains. A nearly theoretical yield of lactate production can be achieved under fully aerobic conditions via an in vivo, genetically fine-tunable means to further control the activity of the ETC of the Q8 biosynthesis-deficient E. coli strains.	Biotechnology and bioengineering	2015		10.1002/bit.25585	Journal Article,Research Support, N.I.H., Extramural,	[ForeName:Hui,LastName:Wu] [ForeName:George N,LastName:Bennett] [ForeName:Ka-Yiu,LastName:San]
25866563	A microbial platform for renewable propane synthesis based on a fermentative butanol pathway.	Propane (C3H8) is a volatile hydrocarbon with highly favourable physicochemical properties as a fuel, in addition to existing global markets and infrastructure for storage, distribution and utilization in a wide range of applications. Consequently, propane is an attractive target product in research aimed at developing new renewable alternatives to complement currently used petroleum-derived fuels. This study focuses on the construction and evaluation of alternative microbial biosynthetic pathways for the production of renewable propane. The new pathways utilize CoA intermediates that are derived from clostridial-like fermentative butanol pathways and are therefore distinct from the first microbial propane pathways recently engineered in Escherichia coli.	Biotechnology for biofuels	2015	4392459.0	10.1186/s13068-015-0231-1	Journal Article,	[ForeName:Navya,LastName:Menon] [ForeName:András,LastName:Pásztor] [ForeName:Binuraj Rk,LastName:Menon] [ForeName:Pauli,LastName:Kallio] [ForeName:Karl,LastName:Fisher] [ForeName:M Kalim,LastName:Akhtar] [ForeName:David,LastName:Leys] [ForeName:Patrik R,LastName:Jones] [ForeName:Nigel S,LastName:Scrutton]
8633880	Enhanced production of succinic acid by overexpression of phosphoenolpyruvate carboxylase in Escherichia coli.	Fermentative production of succinic acid from glucose by Escherichia coli was significantly increased by overexpression of phosphoenolpyruvate carboxylase. In contrast, overexpression of phosphoenolpyruvate carboxykinase had no effect. Under optimized conditions, induction of the carboxylase resulted in a 3.5-fold increase in the concentration of succinic acid, making succinic acid the major fermentation product by weight.	Applied and environmental microbiology	1996	167956.0	10.1128/aem.62.5.1808-1810.1996	Journal Article,Research Support, U.S. Gov't, Non-P.H.S.,	[ForeName:C S,LastName:Millard] [ForeName:Y P,LastName:Chao] [ForeName:J C,LastName:Liao] [ForeName:M I,LastName:Donnelly]
26264597	Modification of targets related to the Entner-Doudoroff/pentose phosphate pathway route for methyl-D-erythritol 4-phosphate-dependent carotenoid biosynthesis in Escherichia coli.	In engineered strains of Escherichia coli, bioconversion efficiency is determined by not only metabolic flux but also the turnover efficiency of relevant pathways. Methyl-D-erythritol 4-phosphate (MEP)-dependent carotenoid biosynthesis in E. coli requires efficient turnover of precursors and balanced flux among precursors, cofactors, and cellular energy. However, the imbalanced supply of glyceraldehyde 3-phosphate (G3P) and pyruvate precursors remains the major metabolic bottleneck. To address this problem, we manipulated various genetic targets related to the Entner-Doudoroff (ED)/pentose phosphate (PP) pathways. Systematic target modification was conducted to improve G3P and pyruvate use and rebalance the precursor and redox fluxes.	Microbial cell factories	2015	4534122.0	10.1186/s12934-015-0301-x	Journal Article,Research Support, Non-U.S. Gov't,	[ForeName:Chun,LastName:Li] [ForeName:Lan-Qing,LastName:Ying] [ForeName:Sha-Sha,LastName:Zhang] [ForeName:Nan,LastName:Chen] [ForeName:Wei-Feng,LastName:Liu] [ForeName:Yong,LastName:Tao]
15770511	Effect of carbon sources differing in oxidation state and transport route on succinate production in metabolically engineered Escherichia coli.	In mixed-acid fermentation, succinate synthesis requires one mole of phosphoenolpyruvate (PEP), one mole of CO2, and two moles of NADH for every mole of succinate to be formed. Different carbon sources with different properties were used to address these requirements. Sorbitol generates one more mole of NADH than glucose. Fermentation of sorbitol was shown in this study (and by others) to produce significantly more succinate than fermentation of glucose, due to increased NADH availability. Xylose fermentation conserves the intracellular PEP pool, since its transport does not require the phosphotransferase system normally used for glucose transport. The extra PEP can then be assimilated in the succinate pathway to improve production. In this study, fermentation of xylose did yield higher succinate production than glucose fermentation. Subsequent inactivation of the acetate and lactate pathways was performed to study metabolite redistribution and the effect on succinate production. With the acetate pathway inactivated, significant carbon flux shifted toward lactate rather than succinate. When both acetate and lactate pathways were inactivated, succinate yield ultimately increased with a concomitant increase in ethanol yield.	Journal of industrial microbiology & biotechnology	2005		10.1007/s10295-005-0206-5	Journal Article,Research Support, U.S. Gov't, Non-P.H.S.,	[ForeName:Henry,LastName:Lin] [ForeName:George N,LastName:Bennett] [ForeName:Ka-Yiu,LastName:San]
25596510	Metabolic transistor strategy for controlling electron transfer chain activity in Escherichia coli.	"A novel strategy to finely control a large metabolic flux by using a ""metabolic transistor"" approach was established. In this approach a small change in the level or availability of an essential component for the process is controlled by adding a competitive reaction that affects a precursor or an intermediate in its biosynthetic pathway. The change of the basal level of the essential component, considered as a base current in a transistor, has a large effect on the flux through the major pathway. In this way, the fine-tuning of a large flux can be accomplished. The ""metabolic transistor"" strategy was applied to control electron transfer chain function by manipulation of the quinone synthesis pathway in Escherichia coli. The achievement of a theoretical yield of lactate production under aerobic conditions via this strategy upon manipulation of the biosynthetic pathway of the key participant, ubiquinone-8 (Q8), in an E. coli strain provides an in vivo, genetically tunable means to control the activity of the electron transfer chain and manipulate the production of reduced products while limiting consumption of oxygen to a defined amount."	Metabolic engineering	2015	4355220.0	10.1016/j.ymben.2015.01.002	Journal Article,Research Support, N.I.H., Extramural,	[ForeName:Hui,LastName:Wu] [ForeName:Leepika,LastName:Tuli] [ForeName:George N,LastName:Bennett] [ForeName:Ka-Yiu,LastName:San]
26241189	Modular optimization of multi-gene pathways for fumarate production.	Microbial fumarate production from renewable feedstock is a promising and sustainable alternative to petroleum-based chemical synthesis. Here, we report a modular engineering approach that systematically removed metabolic pathway bottlenecks and led to significant titer improvements in a multi-gene fumarate metabolic pathway. On the basis of central pathway architecture, yeast fumarate biosynthesis was re-cast into three modules: reduction module, oxidation module, and byproduct module. We targeted reduction module and oxidation module to the cytoplasm and the mitochondria, respectively. Combinatorially tuning pathway efficiency by constructing protein fusions RoMDH-P160A and KGD2-SUCLG2 and optimizing metabolic balance by controlling genes RoPYC, RoMDH-P160A, KGD2-SUCLG2 and SDH1 expression strengths led to significantly improved fumarate production (20.46 g/L). In byproduct module, synthetizing DNA-guided scaffolds and designing sRNA switchs enabled further production improvement up to 33.13 g/L. These results suggest that modular pathway engineering can systematically optimize biosynthesis pathways to enable an efficient production of fumarate.	Metabolic engineering	2016		10.1016/j.ymben.2015.07.007	Journal Article,Research Support, Non-U.S. Gov't,	[ForeName:Xiulai,LastName:Chen] [ForeName:Pan,LastName:Zhu] [ForeName:Liming,LastName:Liu]
25641677	Production of curcuminoids from tyrosine by a metabolically engineered Escherichia coli using caffeic acid as an intermediate.	Curcuminoids are phenylpropanoids with high pharmaceutical potential. Herein, we report an engineered artificial pathway in Escherichia coli to produce natural curcuminoids through caffeic acid. Arabidopsis thaliana 4-coumaroyl-CoA ligase and Curcuma longa diketide-CoA synthase (DCS) and curcumin synthase (CURS1) were used to produce curcuminoids and 70 mg/L of curcumin was obtained from ferulic acid. Bisdemethoxycurcumin and demethoxycurcumin were also produced, but in lower concentrations, by feeding p-coumaric acid or a mixture of p-coumaric acid and ferulic acid, respectively. Additionally, curcuminoids were produced from tyrosine through the caffeic acid pathway. To produce caffeic acid, tyrosine ammonia lyase from Rhodotorula glutinis and 4-coumarate 3-hydroxylase from Saccharothrix espanaensis were used. Caffeoyl-CoA 3-O-methyltransferase from Medicago sativa was used to convert caffeoyl-CoA to feruloyl-CoA. Using caffeic acid, p-coumaric acid or tyrosine as a substrate, 3.9, 0.3, and 0.2 mg/L of curcumin were produced, respectively. This is the first time DCS and CURS1 were used in vivo to produce curcuminoids and that curcumin was produced by feeding tyrosine. We have shown that curcumin can be produced using a pathway involvoing caffeic acid. This alternative pathway represents a step forward in the heterologous production of curcumin using E. coli.	Biotechnology journal	2015		10.1002/biot.201400637	Journal Article,	[ForeName:Joana L,LastName:Rodrigues] [ForeName:Rafael G,LastName:Araújo] [ForeName:Kristala L J,LastName:Prather] [ForeName:Leon D,LastName:Kluskens] [ForeName:Ligia R,LastName:Rodrigues]
26059511	Design and engineering of intracellular-metabolite-sensing/regulation gene circuits in Saccharomyces cerevisiae.	The development of high-throughput phenotyping tools is lagging far behind the rapid advances of genotype generation methods. To bridge this gap, we report a new strategy for design, construction, and fine-tuning of intracellular-metabolite-sensing/regulation gene circuits by repurposing bacterial transcription factors and eukaryotic promoters. As proof of concept, we systematically investigated the design and engineering of bacterial repressor-based xylose-sensing/regulation gene circuits in Saccharomyces cerevisiae. We demonstrated that numerous properties, such as induction ratio and dose-response curve, can be fine-tuned at three different nodes, including repressor expression level, operator position, and operator sequence. By applying these gene circuits, we developed a cell sorting based, rapid and robust high-throughput screening method for xylose transporter engineering and obtained a sugar transporter HXT14 mutant with 6.5-fold improvement in xylose transportation capacity. This strategy should be generally applicable and highly useful for evolutionary engineering of proteins, pathways, and genomes in S. cerevisiae.	Biotechnology and bioengineering	2016		10.1002/bit.25676	Journal Article,Research Support, Non-U.S. Gov't,	[ForeName:Meng,LastName:Wang] [ForeName:Sijin,LastName:Li] [ForeName:Huimin,LastName:Zhao]
25944766	Cloning and characterization of heterologous transporters in Saccharomyces cerevisiae and identification of important amino acids for xylose utilization.	Efficient and specific transporters may enhance pentose uptake and metabolism by Saccharomyces cerevisiae. Eight heterologous sugar transporters were characterized in S. cerevisiae. The transporter Mgt05196p from Meyerozyma guilliermondii showed the highest xylose transport activity among them. Several key amino acid residues of Mgt05196p were suggested by structural and sequence analysis and characterized by site-directed mutagenesis. A conserved aromatic residue-rich motif (YFFYY, position 332-336) in the seventh trans-membrane span plays an important role in D-xylose transport activity. The phenyl ring of the residue at position 336 may take the function to prevent D-xylose from escaping during uptake. F432A and N360S mutations enhanced the D-xylose transport activities of Mgt05196p. Furthermore, mutant N360F specifically transported D-xylose without any glucose-inhibition, high lighting its potential application in constructing glucose-xylose co-fermentation strains for biomass refining.	Metabolic engineering	2015		10.1016/j.ymben.2015.04.007	Journal Article,Research Support, Non-U.S. Gov't,	[ForeName:Chengqiang,LastName:Wang] [ForeName:Xiaoming,LastName:Bao] [ForeName:Yanwei,LastName:Li] [ForeName:Chunlei,LastName:Jiao] [ForeName:Jin,LastName:Hou] [ForeName:Qingzhu,LastName:Zhang] [ForeName:Weixin,LastName:Zhang] [ForeName:Weifeng,LastName:Liu] [ForeName:Yu,LastName:Shen]
24062132	Lycopene production in recombinant strains of Escherichia coli is improved by knockout of the central carbon metabolism gene coding for glucose-6-phosphate dehydrogenase.	Genetic manipulation was undertaken in order to understand the mechanism involved in the heterologous synthesis of lycopene in Escherichia coli. Knockout of the central carbon metabolic gene zwf (glucose-6-phosphate dehydrogenase) resulted in the enhancement of lycopene production (above 130 % relative to control). The amplification and overexpression of rate-limiting steps encoded by idi (isopentenyl diphosphate isomerase), dxs (1-deoxyxylulose-5-phosphate synthase) and ispDF (4-diphosphocytidyl-2C-methyl-D-erythritol synthase and 2C-methyl-D-erythritol 2,4-cyclodiphosphate synthase) genes improved lycopene synthesis from 0.89 to 5.39 mg g(-1) DCW. The combination of central metabolic genes knockout with the amplification of MEP pathway genes yielded best amounts of lycopene (6.85-7.55 mg g(-1) DCW). Transcript profiling revealed that idi and dxs were up-regulated in the zwf knock-out strain, providing a plausible explanation for the increase in lycopene yield observed in this strain. An increase in precursor availability might also have contributed to the improved lycopene production.	Biotechnology letters	2013		10.1007/s10529-013-1317-0	Journal Article,Research Support, Non-U.S. Gov't,	[ForeName:Yan,LastName:Zhou] [ForeName:Komi,LastName:Nambou] [ForeName:Liujing,LastName:Wei] [ForeName:Jingjing,LastName:Cao] [ForeName:Tadayuki,LastName:Imanaka] [ForeName:Qiang,LastName:Hua]
25908185	Self-induced metabolic state switching by a tunable cell density sensor for microbial isopropanol production.	Chemicals production by engineered microorganisms often requires induction of target gene expression at an appropriate cell density to reduce conflict with cell growth. The lux system in Vibrio fischeri is a well-characterized model for cell density-dependent regulation of gene expression termed quorum sensing (QS). However, there are currently no reports for application of the lux system to microbial chemical production. Here, we constructed a synthetic lux system as a tunable cell density sensor-regulator using a synthetic lux promoter and a positive feedback loop in Escherichia coli. In this system, self-induction of a target gene expression is driven by QS-signal, and its threshold cell density can be changed depending on the concentration of a chemical inducer. We demonstrate auto-redirection of metabolic flux from central metabolic pathways toward a synthetic isopropanol pathway at a desired cell density resulting in a significant increase in isopropanol production.	Metabolic engineering	2015		10.1016/j.ymben.2015.04.005	Journal Article,Research Support, Non-U.S. Gov't,	[ForeName:Yuki,LastName:Soma] [ForeName:Taizo,LastName:Hanai]
	Production of pyruvate in Saccharomyces cerevisiae through adaptive evolution and rational cofactor metabolic engineering	Pyruvate-decarboxylase (Pdc)-negative Saccharomyces cerevisiae has been proven as a suitable metabolic engineering platform to produce organic acids. S. cerevisiae BY5419 Pdc− strain cannot grow in batch cultures on synthetic medium with glucose as the sole carbon source, yet grows well on synthetic medium with ethanol or acetate. In this study, by combining adaptive evolution and cofactor engineering, we obtained a series of engineered yeasts that can produce pyruvate using glucose as sole carbon source. Differential expression of noxE, encoding a water-forming NADH oxidase from Lactococcus lactis, and udhA, encoding a soluble pyridine nucleotide transhydrogenase from Escherichia coli, was investigated. Of all the constructed recombinant strains, G2U1-A0 was able to produce 75.1 g l−1 pyruvate, increased 21% compared with the original strain A0. The production yield of this strain reached 0.63 g of pyruvate g of glucose−1. This study demonstrates that the fine regulation of intracellular NADH/NAD+ ratio is critical for cell metabolism and pyruvate production. Combining the adaptive evolution and fine regulation of intracellular NADH/NAD+ ratio provides a new strategy for improving the Pdc− strain engineering platform.	International Journal of Hydrogen Energy	2014		10.1016/j.bej.2012.06.006	Journal Article	
	Engineering modular ester fermentative pathways in Escherichia coli	Sensation profiles are observed all around us and are made up of many different molecules, such as esters. These profiles can be mimicked in everyday items for their uses in foods, beverages, cosmetics, perfumes, solvents, and biofuels. Here, we developed a systematic ‘natural’ way to derive these products via fermentative biosynthesis. Each ester fermentative pathway was designed as an exchangeable ester production module for generating two precursors− alcohols and acyl-CoAs that were condensed by an alcohol acyltransferase to produce a combinatorial library of unique esters. As a proof-of-principle, we coupled these ester modules with an engineered, modular, Escherichia coli chassis in a plug-and-play fashion to create microbial cell factories for enhanced anaerobic production of a butyrate ester library. We demonstrated tight coupling between the modular chassis and ester modules for enhanced product biosynthesis, an engineered phenotype useful for directed metabolic pathway evolution. Compared to the wildtype, the engineered cell factories yielded up to 48 fold increase in butyrate ester production from glucose.	Biochemical Engineering Journal	2012		10.1016/j.ymben.2014.09.006i	Journal Article	
	Construction of a Butyrate-Producing E. coli Strain without the Use of Heterologous Genes	Multistage construction of an E. coli strain containing no foreign genes which is capable of producing butyrate has been carried out. At the first stage, deletions in gene fadR encoding a protein repressor of an operon for fatty acid degradation and gene aceF responsible for the synthesis of pyruvate dehydrogenase were introduced in the strain MG1655 genome. Then, a mutant obtained from the above strain by induced mutagenesis and capable of growth on ethanol as a sole carbon source under aerobic conditions was selected. It was shown that growth of the mutant on ethanol is provided by two mutations. One of them (a substitution: 257G → A) is located in the regulatory region of gene adhE that controls the synthesis of alcohol-dehydrogenase; the other, containing a substitution Glu568 → Lys, affects the structural portion of the gene. As a result of the consequent mutagenesis of the obtained strain and selection on indicating media, variants capable of growing on butyrate and butanol as sole carbon sources and putatively bearing mutations in gene atoC (encoding transcriptional activator of atoDAB operon) were selected. At the last stage of the work, gene atoB, encoding the synthesis of the thiolase II enzyme, was placed under the control of a constitutive promoter P tet , and the functional allele of gene aceF was introduced. The resulting E. coli strain (ΔfadR, adhE, atoC, P tet -atoB) accumulates 800 mg/l of butyrate upon growth on glucose-containing medium under semi-anaerobic (oxygen limited) conditions. Introduction of an additional deletion in gene ldhA encoding lactate dehydrogenase in the strain genome leads to a further growth of a butyrate production up to 1.3 g/l.	Metabolic Engineering	2014		10.1134/S000368381008003X	Journal Article	
	Metabolic engineering of Escherichia coli strains for co-production of hydrogen and ethanol from glucose	The co-production of H2 and ethanol from glucose was studied to address the low H2 production yield in dark fermentation. Several mutant strains devoid of ackA-pta, pfkA or pgi were developed using Escherichia coli BW25113 ΔhycA ΔhyaAB ΔhybBC ΔldhA ΔfrdAB as base strain. Disruption of ackA-pta eliminated acetate production during glucose fermentation but resulted in the secretion of a significant amount of pyruvate (0.73 mol mol−1 glucose) without improving the co-production of H2 and ethanol. When pfkA or pgi was further disrupted to enhance NAD(P)H supply by diverting the carbon flux from Embden-Meyerhof-Parnas (EMP) pathway to the pentose phosphate pathway (PPP), the cell growth of both strains was severely impaired under anaerobic conditions, and only the ΔpfkA mutant could recover its growth after adaptive evolution. The production yields of the ΔpfkA strain (H2, 1.03 mol mol−1 glucose and ethanol, 1.04 mol mol−1 glucose) were higher than those of the pfkA+ strain (H2, 0.69 mol mol−1 glucose and ethanol, 0.95 mol mol−1 glucose), but pyruvate excretion was not reduced. The excessive excretion of pyruvate in the ΔpfkA mutant was attributed to an insufficient NAD(P)H supply caused by the diversion of carbon flux from the EMP pathway to the Entner-Doudoroff pathway (EDP), rather than the PPP as intended. This study suggests that co-production of H2 and ethanol from glucose is possible, but further metabolic pathway engineering is required to fully activate PPP under anaerobic conditions.	Applied Biochemistry and Microbiology	2010		10.1016/j.ijhydene.2014.06.054	Journal Article	
	Production of poly(3-hydroxypropionate) and poly (3-hydroxybutyrate-co-3-hydroxypropionate) from glucose by engineering Escherichia coli	Poly(3-hydroxypropionate) (P3HP) is the strongest family member of microbial polyhydroxyalkanoates (PHA) synthesized by bacteria grown on 1,3-propandiol or glycerol. In this study synthesis pathways of P3HP and its copolymer P3HB3HP of 3-hydroxybutyrate (3HB) and 3-hydroxypropionate (3HP) were assembled respectively to allow their synthesis from glucose, a more abundant carbon source. Recombinant Escherichia coli was constructed harboring the P3HP synthetic pathway consisting of heterologous genes encoding glycerol-3-phosphate dehydrogenase (gpd1), glycerol-3-P phosphatase (gpp2) from Saccharomyces cerevisiae that catalyzes formation of glycerol from glucose, and genes coding glycerol dehydratase (dhaB123) with its reactivating factors (gdrAB) from Klebsiella pneumoniae that transfer glycerol to 3-hydroxypropionaldehyde, as well as gene encoding propionaldehyde dehydrogenase (pdup) from Salmonella typhimurium which converts 3-hydroxypropionaldehyde to 3-hydroxypropionyl-CoA, together with the gene of PHA synthase (phaC) from Ralstonia eutropha which polymerizes 3-hydroxypropionyl-CoA into P3HP. When phaA and phaB from Ralstonia eutropha respectively encoding β-ketothiolase and acetoacetate reductase, were introduced into the above P3HP producing recombinant E. coli, copolymers poly(3-hydroxybutyrate-co-3-hydroxypropionate) (P3HB3HP) were synthesized from glucose as a sole carbon source. The above E. coli recombinants grown on glucose LB medium successfully produced 5 g/L cell dry weight containing 18% P3HP and 42% P(3HB-co-84 mol% 3HP), respectively, in 48 h shake flask studies.	Biotechnology Letters	1999		10.1016/j.ymben.2015.03.015i	Journal Article	
	Direct bioconversion of d-xylose to 1,2,4-butanetriol in an engineered Escherichia coli	The compound 1,2,4-butanetriol (BT) is a valuable chemical used in the production of plasticizers, polymers, cationic lipids and other medical applications, and is conventionally produced via hydrogenation of malate. In this report, BT is biosynthesized by an engineered Escherichia coli from d-xylose. The pathway: d-xylose → d-xylonate → 2-keto-3-deoxy-d-xylonate → 3,4-dihydroxybutanal → BT, was constructed in E. coli by recruiting a xylose dehydrogenase and a keto acid decarboxylase from Caulobacter crescentus and Pseudomonas putida, respectively. Authentic BT was detected from cultures of the engineered strain. Further improvement on the strain was performed by blocking the native d-xylose and d-xylonate metabolic pathways which involves disruption of xylAB, yjhH and yagE genes in the host chromosome. The final construct produced 0.88 g L−1 BT from 10 g L−1 d-xylose with a molar yield of 12.82%. By far, this is the first report on the direct production of BT from d-xylose by a single microbial host. This may serve as a starting point for further metabolic engineering works to increase the titer of BT toward industrial scale viability.	Enzyme and Microbial Technology	2009		10.1016/j.procbio.2013.10.002	Journal Article	
	Metabolic engineering of the terpenoid biosynthetic pathway of Escherichia coli for production of the carotenoids beta-carotene and zeaxanthin	Metabolic engineering of the early non-mevalonate terpenoid pathway of Escherichia coli was carried out to increase the supply of prenyl pyrophosphates as precursor for carotenoid production. Transformation with the genes dxs for over-expression of 1-deoxy-d-xylulose 5-phosphate synthase, dxr for 1-deoxy-d-xylulose 5-phosphate reductoisomerase and idi encoding an isopentenyl pyrophosphate stimulated carotenogenesis up to 3.5-fold. Co-transformation of idi with either dxs or dxr had an additive effect on ß-carotene and zeaxanthin production which reached 1.6 mg g−1 dry wt.	Process Biochemistry	2013		10.1023/A:1005547827380	Journal Article	
	Improvement of succinate production by overexpression of a cyanobacterial carbonic anhydrase in Escherichia coli	Succinate fermentation was investigated in Escherichia coli strains overexpressing cyanobacterium Anabaena sp. 7120 ecaA gene encoding carbonic anhydrase (CA). In strain BL21 (DE3) bearing ecaA, the activity of CA was 21.8 U mg−1 protein, whereas non-detectable CA activity was observed in the control strain. Meanwhile, the activity of phosphoenolpyruvate carboxylase (PEPC) increased from 0.2 U mg−1 protein to 1.13 U mg−1 protein. The recombinant bearing ecaA reached a succinate yield of 0.39 mol mol−1 glucose at the end of the fermentation. It was 2.1-fold higher than that of control strain which was just 0.19 mol mol−1 glucose. EcaA gene was also introduced into E. coli DC1515, which was deficient in glucose phosphotransferase, lactate dehydrogenase and pyruvate:formate lyase. Succinate yield can be further increased to 1.26 mol mol−1 glucose. It could be concluded that the enhancement of the supply of HCO3− in vivo by ecaA overexpression is an effective strategy for the improvement of succinate production in E. coli.	Metabolic Engineering	2015		10.1016/j.enzmictec.2009.08.003	Journal Article	
